{
  "spec": {
    "run_id": "seed2_N80_M3_D5_B4_K10_lo0.5_lt1.0_twA",
    "seed": 2,
    "n_clients": 80,
    "num_uavs": 3,
    "delta_min": 5,
    "bs_count": 4,
    "edge_samples": 10,
    "lambda_out": 0.5,
    "lambda_tw": 1.0,
    "tw_family": "A",
    "tw_mode": "soft"
  },
  "scenario": {
    "depot_xy": [
      500.0,
      500.0
    ],
    "client_xy": [
      [
        161.66801030764378,
        867.1911693159996
      ],
      [
        349.1402518346682,
        146.22418666803816
      ],
      [
        641.6847082867308,
        477.0045320827884
      ],
      [
        478.5979073232064,
        49.09541223159708
      ],
      [
        260.4966201866944,
        18.216977915057832
      ],
      [
        405.69652482037856,
        432.81325528171885
      ],
      [
        615.4501407294289,
        99.326817228789
      ],
      [
        630.6715464765574,
        581.5106798070336
      ],
      [
        287.52306271120455,
        29.85852989158677
      ],
      [
        762.4023053511404,
        460.11302864676804
      ],
      [
        519.780926646769,
        621.3474201601489
      ],
      [
        974.2734202138532,
        271.72308214892485
      ],
      [
        908.73665902458,
        555.3280537993115
      ],
      [
        255.7251784624236,
        319.6989493563995
      ],
      [
        320.8661427982563,
        225.52713102183097
      ],
      [
        191.1621669630995,
        706.9908423601364
      ],
      [
        916.3937489468747,
        465.0135472997741
      ],
      [
        372.04076245558525,
        169.64803304254073
      ],
      [
        277.7084242559186,
        762.6049722729578
      ],
      [
        715.7434559651967,
        37.1347908888624
      ],
      [
        636.2774049436383,
        315.88051244911355
      ],
      [
        354.07559143507126,
        487.2759134394873
      ],
      [
        320.69407811351914,
        181.677817181485
      ],
      [
        542.8548032339792,
        7.621122989875606
      ],
      [
        927.2177846271397,
        29.659191375493776
      ],
      [
        369.31822672099645,
        819.7910994851856
      ],
      [
        781.0570628148472,
        631.7893604706335
      ],
      [
        267.5014662567795,
        316.4782828245725
      ],
      [
        458.2770732667467,
        640.2156918153795
      ],
      [
        511.1522239449894,
        262.69211125965774
      ],
      [
        184.6708784669201,
        486.77027440617184
      ],
      [
        527.1964881717987,
        463.31186924699875
      ],
      [
        42.80733271480675,
        360.81085077121963
      ],
      [
        413.3473066591544,
        855.7687744786886
      ],
      [
        521.1407944931661,
        135.39359706903298
      ],
      [
        569.7660691855344,
        769.4173493903862
      ],
      [
        262.9291946035995,
        634.0201798819298
      ],
      [
        51.86695707825739,
        313.605096315803
      ],
      [
        141.86862243753617,
        187.47745900500834
      ],
      [
        779.4189960802798,
        23.167471042506826
      ],
      [
        270.32449171398645,
        995.9715036794285
      ],
      [
        353.69455116328055,
        819.7759000792005
      ],
      [
        739.4659033939241,
        258.6521304918674
      ],
      [
        751.93557711797,
        286.45415526153806
      ],
      [
        9.306080593690647,
        10.725498692076062
      ],
      [
        610.454543949587,
        938.3326342094238
      ],
      [
        878.5025512661985,
        350.5455868130173
      ],
      [
        522.0320709268849,
        143.48209321628835
      ],
      [
        838.9951208390127,
        546.9112780546546
      ],
      [
        780.8083499818459,
        729.7044077091923
      ],
      [
        161.3026738758706,
        909.4655008382961
      ],
      [
        768.8063670294061,
        956.126778800572
      ],
      [
        771.1537627692558,
        586.995972156806
      ],
      [
        46.83805195884438,
        969.9130507549568
      ],
      [
        470.5231067450074,
        475.75494228524275
      ],
      [
        732.6047371193077,
        740.8993367457078
      ],
      [
        89.13020928790694,
        496.3335039944916
      ],
      [
        35.03466729920013,
        714.4116683743108
      ],
      [
        981.5218572707228,
        14.109718682538297
      ],
      [
        376.5631083154537,
        911.9861006240857
      ],
      [
        372.38994398440263,
        662.5679307234432
      ],
      [
        892.3404033893892,
        422.7201645208233
      ],
      [
        936.5535322497346,
        969.337439059999
      ],
      [
        684.8775989141659,
        299.8336902754577
      ],
      [
        527.7319659010925,
        163.90156235662346
      ],
      [
        64.42259244603976,
        201.7392949700365
      ],
      [
        567.1615479084322,
        813.0146916218449
      ],
      [
        11.645650127862673,
        414.1734850319937
      ],
      [
        278.1074290345169,
        244.3545745555482
      ],
      [
        900.7331620861147,
        598.1189240371597
      ],
      [
        846.02947769358,
        338.4109087533664
      ],
      [
        162.4019361221891,
        830.1523994670132
      ],
      [
        508.7608368539368,
        478.93378730992555
      ],
      [
        745.9346816122518,
        885.1397466547492
      ],
      [
        81.16101308655821,
        881.6326001619185
      ],
      [
        307.47191380362847,
        729.8422334242747
      ],
      [
        814.2113419418774,
        94.34523348792045
      ],
      [
        957.7908053047275,
        659.1600359921803
      ],
      [
        211.41739545323068,
        824.8423706182239
      ],
      [
        275.9249598485044,
        700.7897188731927
      ]
    ],
    "delivery": [
      1.1162572366052645,
      1.528296916349961,
      0.0,
      0.515994112741302,
      0.0,
      0.0,
      0.0,
      1.9513118020909528,
      0.0,
      1.9911422015136353,
      0.0,
      1.8277667521159053,
      0.0,
      1.9103123881923658,
      0.0,
      1.8917678408639726,
      1.8390117095049856,
      1.6182871635719196,
      1.5301478924665188,
      1.5419503789933433,
      1.399359924849042,
      0.0,
      0.0,
      0.0,
      0.6901971437238514,
      1.6233705504590974,
      1.152870098500327,
      0.0,
      0.0,
      0.6732097358009459,
      0.935281918038527,
      0.0,
      1.4602501392572707,
      1.1101158570718388,
      0.0,
      0.0,
      1.8760802522360436,
      0.5111707047761773,
      0.0,
      1.610397971700297,
      1.4903001231105741,
      1.701051564494294,
      0.0,
      0.0,
      0.0,
      1.262447968917753,
      1.6374337072608063,
      0.0,
      0.0,
      1.8123427307796356,
      1.9778174504731976,
      0.0,
      0.0,
      0.0,
      0.0,
      0.0,
      1.4686089795565642,
      1.9167152452779677,
      0.0,
      0.0,
      0.0,
      0.0,
      0.6433302725816896,
      0.9365913349614721,
      0.0,
      0.5202955011783348,
      1.0451676693647252,
      0.5736489396211581,
      1.2479300070811097,
      0.0,
      0.0,
      0.0,
      1.7685720436247983,
      0.0,
      0.0,
      0.8740422264083647,
      0.0,
      0.6398281436187224,
      0.0,
      0.0
    ],