{
  "spec": {
    "run_id": "seed2_N80_M3_D5_B7_K10_lo0.5_lt1.0_twA",
    "seed": 2,
    "n_clients": 80,
    "num_uavs": 3,
    "delta_min": 5,
    "bs_count": 7,
    "edge_samples": 10,
    "lambda_out": 0.5,
    "lambda_tw": 1.0,
    "tw_family": "A",
    "tw_mode": "soft"
  },
  "scenario": {
    "depot_xy": [
      500.0,
      500.0
    ],
    "client_xy": [
      [
        37.830209994868525,
        64.78506191538769
      ],
      [
        108.07094914141236,
        174.60062984054036
      ],
      [
        311.7576353460696,
        610.2447121341843
      ],
      [
        339.9858581560234,
        340.87893875691134
      ],
      [
        699.0576419740571,
        862.6822688261454
      ],
      [
        502.5153625818771,
        189.49263111294567
      ],
      [
        912.7507709490075,
        130.36155387619974
      ],
      [
        317.25760477570356,
        223.78003854592566
      ],
      [
        558.2882544856247,
        737.8859641656954
      ],
      [
        389.7975483343155,
        638.2911017367785
      ],
      [
        435.6755000858067,
        142.69458262650392
      ],
      [
        271.090459196768,
        887.9305855070597
      ],
      [
        869.9346600325521,
        62.96200018464082
      ],
      [
        459.29520101449395,
        197.94433072108774
      ],
      [
        977.9577573477441,
        651.2530934977905
      ],
      [
        56.05293111736231,
        957.7988258906278
      ],
      [
        329.4955351552571,
        66.43411464579174
      ],
      [
        330.0623123381429,
        4.126621804588004
      ],
      [
        886.6501258684661,
        773.0154818278041
      ],
      [
        299.2727732459988,
        33.214969317490684
      ],
      [
        498.04203536914395,
        646.7281565153081
      ],
      [
        174.3090437856708,
        224.36075520767383
      ],
      [
        644.6866180242682,
        550.1821075522059
      ],
      [
        520.2023715749352,
        538.6027271267924
      ],
      [
        509.2307906496301,
        860.7508834484994
      ],
      [
        919.5622516989741,
        379.0804626286978
      ],
      [
        82.84235684200414,
        746.730499929028
      ],
      [
        738.024138470425,
        384.313637680188
      ],
      [
        571.9330561572847,
        505.6387113097035
      ],
      [
        673.3943380420492,
        543.1492544568846
      ],
      [
        208.93186406744468,
        338.9637067407204
      ],
      [
        587.100157183835,
        599.89994189756
      ],
      [
        295.72800681615365,
        847.0786962463028
      ],
      [
        894.3538958716709,
        354.03822883588066
      ],
      [
        767.5848389322749,
        762.0785933798919
      ],
      [
        503.70875629843215,
        912.9085155004113
      ],
      [
        38.38450111258651,
        936.4736367043686
      ],
      [
        227.93847730599492,
        79.68338400139363
      ],
      [
        992.555410076889,
        615.1076364051111
      ],
      [
        879.3928712896899,
        472.34468952439767
      ],
      [
        630.2580633269299,
        397.1341454502236
      ],
      [
        702.6983794298728,
        686.5132433607022
      ],
      [
        36.201780187465225,
        912.7620389599699
      ],
      [
        446.65546789540446,
        607.5598389954397
      ],
      [
        930.4995506159247,
        344.53851664418175
      ],
      [
        141.64764935927877,
        649.6600621423403
      ],
      [
        669.7747727505765,
        10.544065787208122
      ],
      [
        180.99602945022065,
        835.1521407075742
      ],
      [
        433.22511247445595,
        298.57841070019543
      ],
      [
        730.609913871455,
        841.1759354470407
      ],
      [
        253.93821274689444,
        810.348169515793
      ],
      [
        88.15100454630098,
        51.9461234398314
      ],
      [
        589.4375806797451,
        254.36182388261952
      ],
      [
        603.0339834613861,
        635.7759821751096
      ],
      [
        505.1054255132198,
        492.3362582280695
      ],
      [
        122.82941130613234,
        870.3268946047241
      ],
      [
        824.4245712824608,
        226.052700714789
      ],
      [
        204.15774412061006,
        203.25400941747506
      ],
      [
        759.3802479973612,
        722.2645311416021
      ],
      [
        25.386890416761233,
        771.067223579694
      ],
      [
        861.6841583945934,
        788.6164024459015
      ],
      [
        393.43226133153854,
        797.7871986620659
      ],
      [
        140.18625830698628,
        841.6452785657572
      ],
      [
        743.2126508682936,
        327.90471282389933
      ],
      [
        458.1804288900567,
        367.07115635261266
      ],
      [
        153.4768931008462,
        123.15134070099354
      ],
      [
        811.1780357334969,
        219.14318365612638
      ],
      [
        609.7418678000645,
        672.0030535597372
      ],
      [
        194.8178257480675,
        117.51008845544276
      ],
      [
        125.76506434718004,
        59.39909209890026
      ],
      [
        157.17745204499766,
        471.47247221192646
      ],
      [
        93.06297646182138,
        158.0912785087224
      ],
      [
        655.3195049778784,
        16.401600833144126
      ],
      [
        266.3173999378698,
        754.7686830470636
      ],
      [
        337.71344444924347,
        258.26700901087594
      ],
      [
        10.389131595361146,
        39.445335562710014
      ],
      [
        837.4252256565292,
        367.57724502500156
      ],
      [
        486.7436990099049,
        674.0973859147151
      ],
      [
        651.2643563363973,
        316.1685710914505
      ],
      [
        982.4923542777822,
        610.6150420567977
      ]
    ],
    "delivery": [
      0.0,
      0.0,
      1.684208144708517,
      0.0,
      0.0,
      0.0,
      0.0,
      0.0,
      1.3314906047701847,
      0.9580230323791528,
      0.6987323665496497,
      1.2739075636331656,
      0.0,
      0.0,
      1.2721683086412694,
      0.0,
      1.4979272495181801,
      1.005940119870687,
      0.0,
      0.0,
      0.9192545466813319,
      0.0,
      0.0,
      1.269424626330866,
      1.4213708926864996,
      0.0,
      0.6042569852506801,
      0.7866051576776014,
      0.0,
      0.0,
      1.569343729389637,
      0.0,
      1.045680506436541,
      0.0,
      0.0,
      0.0,
      0.0,
      1.0942176238727925,
      0.9598130700890302,
      0.0,
      0.0,
      1.2072657887270037,
      0.0,
      0.0,
      0.0,
      0.0,
      0.0,
      0.0,
      1.583674409778356,
      0.0,
      0.0,
      0.0,
      1.1623811278932004,
      0.9152473316300849,
      1.1485148661860816,
      1.3431296962614792,
      0.0,
      0.0,
      0.6726373004111604,
      1.703535051874498,
      1.486204572350535,
      0.0,
      0.0,
      0.0,
      0.0,
      0.0,
      1.5885833963064044,
      1.1640273391856284,
      1.3961860293371369,
      0.0,
      1.1648243129052165,
      0.0,
      0.8844290254954086,
      0.0,
      1.66760987465187,
      1.8413080671673314,
      0.0,
      1.9753559379597379,
      0.0,
      0.0
    ],