{
  "spec": {
    "run_id": "seed1_N80_M3_D5_B7_K10_lo0.5_lt1.0_twA",
    "seed": 1,
    "n_clients": 80,
    "num_uavs": 3,
    "delta_min": 5,
    "bs_count": 7,
    "edge_samples": 10,
    "lambda_out": 0.5,
    "lambda_tw": 1.0,
    "tw_family": "A",
    "tw_mode": "soft"
  },
  "scenario": {
    "depot_xy": [
      500.0,
      500.0
    ],
    "client_xy": [
      [
        145.53786269358238,
        257.991037576905
      ],
      [
        743.8174363567639,
        254.81532869753653
      ],
      [
        853.6107024193839,
        731.669172266888
      ],
      [
        314.68230406384623,
        107.70023421146213
      ],
      [
        765.5685774728925,
        982.0876231150586
      ],
      [
        8.970847976916163,
        980.6316923008318
      ],
      [
        874.5068423253889,
        904.7805842363647
      ],
      [
        494.34561734210894,
        798.0243407179811
      ],
      [
        788.6902337365103,
        907.985466604763
      ],
      [
        105.08765704792854,
        11.09442632664248
      ],
      [
        879.374560143371,
        612.1599233143771
      ],
      [
        483.0454955755169,
        175.2903567588493
      ],
      [
        875.4715937093931,
        262.6502265710894
      ],
      [
        710.3525803039271,
        256.8103638274392
      ],
      [
        496.12311056583434,
        448.7231627565762
      ],
      [
        270.5195891439023,
        869.2375998811909
      ],
      [
        336.445858334906,
        252.06006005571413
      ],
      [
        32.69643722160509,
        873.7309714281372
      ],
      [
        677.0647299823504,
        465.7039524455352
      ],
      [
        12.539266428377772,
        798.2113708008986
      ],
      [
        292.60039779521543,
        510.3669492036491
      ],
      [
        160.56191656388273,
        281.806614086236
      ],
      [
        320.75265025777924,
        299.9820686634948
      ],
      [
        542.5761328406142,
        307.0539072447418
      ],
      [
        932.194808843559,
        393.54622481536506
      ],
      [
        884.4991868763206,
        531.6207817559078
      ],
      [
        301.16076180616227,
        944.9634762440513
      ],
      [
        393.06817036377294,
        492.6378470127347
      ],
      [
        491.14128528051816,
        578.4619134877523
      ],
      [
        205.51610217049043,
        252.86374490264052
      ],
      [
        62.496591028557866,
        530.3945504208687
      ],
      [
        455.38263606376216,
        893.3571328740816
      ],
      [
        799.04629130028,
        889.3320793143193
      ],
      [
        108.44722969061249,
        113.81574513115144
      ],
      [
        476.9519702722238,
        547.9654755141872
      ],
      [
        171.63651845656213,
        686.1999616297658
      ],
      [
        682.9230479531146,
        105.68833700103086
      ],
      [
        205.4366642111628,
        514.731494411232
      ],
      [
        220.34015681139928,
        891.2046778104616
      ],
      [
        218.0089966881017,
        643.8099783652457
      ],
      [
        311.3989686268739,
        275.48489020250565
      ],
      [
        140.6024121742545,
        471.2143788929202
      ],
      [
        881.7859346941162,
        511.1662386988247
      ],
      [
        295.36538802605605,
        799.6896607352586
      ],
      [
        631.6526157260362,
        486.2033215116649
      ],
      [
        883.5301237684037,
        577.6637270121374
      ],
      [
        507.7380835749452,
        336.0319341322373
      ],
      [
        962.3244182470337,
        754.6041733766906
      ],
      [
        669.7044029339812,
        774.0374304764666
      ],
      [
        897.8853054669883,
        570.9587489191167
      ],
      [
        115.80898108934467,
        973.8630534247071
      ],
      [
        331.09076237799803,
        47.41261209026681
      ],
      [
        22.635460045271614,
        145.83543983288772
      ],
      [
        975.1083012966943,
        144.95865918198226
      ],
      [
        786.1050484323345,
        696.2630818755441
      ],
      [
        650.000819189107,
        268.2266667300656
      ],
      [
        530.4805824945935,
        260.77464725565204
      ],
      [
        663.1416997320896,
        419.4551822665522
      ],
      [
        699.2934360426788,
        134.31079532307922
      ],
      [
        41.49726193491043,
        642.5101366548184
      ],
      [
        997.8417838891801,
        846.8272794967385
      ],
      [
        56.46748402885338,
        16.8148814748198
      ],
      [
        892.4340748639726,
        900.8873578437575
      ],
      [
        374.2403605776126,
        994.3267675824644
      ],
      [
        982.3200794210337,
        515.3842607122248
      ],
      [
        309.1560946808074,
        955.3316904708507
      ],
      [
        815.4356023899944,
        681.3754353297917
      ],
      [
        60.17201655447757,
        35.35458538904479
      ],
      [
        597.8075514439641,
        855.5583456190058
      ],
      [
        96.53641075008113,
        810.1140815503571
      ],
      [
        243.77021097575425,
        276.3397484113246
      ],
      [
        96.6959094559926,
        726.8204047278408
      ],
      [
        711.1238347502849,
        602.6059431762101
      ],
      [
        855.2201299995343,
        82.49679136269683
      ],
      [
        967.919410808222,
        524.2378154885721
      ],
      [
        484.3865805960703,
        53.77165045460852
      ],
      [
        621.6714074045871,
        81.83784663985195
      ],
      [
        232.43142855316822,
        563.5099052648279
      ],
      [
        253.68194230700092,
        141.34708323488
      ],
      [
        525.5833535354451,
        682.1468943669441
      ]
    ],
    "delivery": [
      0.0,
      0.8183971354771423,
      1.0705324516236454,
      1.8821400991676533,
      0.0,
      1.1081594086251565,
      1.477700133414227,
      1.7149204192623473,
      0.0,
      0.0,
      0.0,
      0.0,
      0.9034717945996389,
      1.1267887275658406,
      1.761624108012555,
      0.0,
      0.0,
      1.1566305616721337,
      0.0,
      0.0,
      0.8942764887503192,
      0.5329320526178614,
      0.0,
      1.1436591870746695,
      1.6481320162031419,
      1.2859347901280347,
      0.0,
      0.0,
      1.591923062803524,
      0.0,
      1.5137119954531841,
      0.0,
      0.501495894163803,
      0.0,
      0.0,
      0.8486445206788714,
      0.68747698781559,
      1.4484707597974191,
      0.0,
      0.0,
      0.0,
      0.0,
      1.5999663057458144,
      0.0,
      0.0,
      1.7944057026436646,
      0.7972482392299748,
      1.418260073832622,
      1.271443376660347,
      0.0,
      0.0,
      0.0,
      1.2116586233123146,
      0.0,
      0.0,
      1.734385775522951,
      0.9287977204449169,
      1.648816202317871,
      0.0,
      0.0,
      0.0,
      1.830407229749124,
      0.5484506725301229,
      0.0,
      0.8536441096309144,
      0.8253040638742071,
      0.0,
      0.0,
      0.0,
      1.3999635777437907,
      0.0,
      0.0,
      1.4751598472703051,
      0.509297334647665,
      0.9571984633408928,
      0.0,
      0.0,
      0.7491148230542131,
      0.0,
      1.8997106758097215
    ],