{
  "spec": {
    "run_id": "seed1_N80_M3_D5_B4_K10_lo0.5_lt1.0_twA",
    "seed": 1,
    "n_clients": 80,
    "num_uavs": 3,
    "delta_min": 5,
    "bs_count": 4,
    "edge_samples": 10,
    "lambda_out": 0.5,
    "lambda_tw": 1.0,
    "tw_family": "A",
    "tw_mode": "soft"
  },
  "scenario": {
    "depot_xy": [
      500.0,
      500.0
    ],
    "client_xy": [
      [
        617.3730222209497,
        293.3228044599332
      ],
      [
        14.370733065056761,
        700.7053175962179
      ],
      [
        202.46419115847593,
        948.4040724074492
      ],
      [
        740.4218096109418,
        612.383894589794
      ],
      [
        274.94694051726543,
        722.4210971832796
      ],
      [
        691.062367995719,
        944.2067439007623
      ],
      [
        543.0930804998135,
        148.99734407241084
      ],
      [
        350.04009115570653,
        121.23899171048113
      ],
      [
        131.31309581406535,
        513.1783616125132
      ],
      [
        772.4023861385522,
        555.3820253794144
      ],
      [
        494.3451460858141,
        59.36181616968162
      ],
      [
        315.3491797535368,
        534.9125896630894
      ],
      [
        373.8972412750109,
        494.0590759588305
      ],
      [
        198.49141616944434,
        97.16857072883612
      ],
      [
        357.78357934664393,
        865.71066126077
      ],
      [
        486.2634412700699,
        482.710837771559
      ],
      [
        491.54395883061875,
        753.7645270827535
      ],
      [
        98.3841373145854,
        253.83054175603414
      ],
      [
        734.6246993357066,
        951.2932626717712
      ],
      [
        215.11367391631387,
        565.6629813128245
      ],
      [
        410.9410611615127,
        692.8334734473941
      ],
      [
        139.6389030502033,
        133.77519655631576
      ],
      [
        486.229217269629,
        373.85586976999053
      ],
      [
        508.38543476847065,
        420.0835767997253
      ],
      [
        753.2992582728992,
        835.2838439535147
      ],
      [
        10.14574908297805,
        737.785344153596
      ],
      [
        445.39069209680196,
        522.0678650871856
      ],
      [
        499.3900748400965,
        130.54443022648144
      ],
      [
        730.9018244847573,
        489.44307530606613
      ],
      [
        69.89785497805545,
        131.86262774964297
      ],
      [
        609.6895481722023,
        464.24646612908384
      ],
      [
        349.5026121777164,
        933.7323245209965
      ],
      [
        69.47894328395088,
        25.321180579476298
      ],
      [
        299.0264234679061,
        932.6083019799424
      ],
      [
        642.1268588454866,
        992.6879134375848
      ],
      [
        411.30913531832203,
        410.2217957167156
      ],
      [
        253.0142869241181,
        0.7175270841286441
      ],
      [
        786.0932220559455,
        167.80670308152546
      ],
      [
        281.3914560746149,
        350.5960342077564
      ],
      [
        483.45796203175917,
        353.51190860823823
      ],
      [
        254.06858165041012,
        719.330189866591
      ],
      [
        548.7306718927509,
        628.6551998096996
      ],
      [
        220.3616779407147,
        968.186616723084
      ],
      [
        432.80958278697756,
        45.26118948040103
      ],
      [
        147.79947072770995,
        518.0295112325714
      ],
      [
        705.6326677301761,
        596.6599862879436
      ],
      [
        860.2349916971691,
        141.0310359587975
      ],
      [
        330.8678812275395,
        948.6448926256013
      ],
      [
        310.1604209809402,
        754.6260670828729
      ],
      [
        406.3171905412055,
        240.90948187696094
      ],
      [
        770.6441745445672,
        426.5253054980048
      ],
      [
        957.2163730266449,
        44.56077479141896
      ],
      [
        274.3683004722849,
        876.0065519837802
      ],
      [
        863.4211945585278,
        49.934242793504666
      ],
      [
        34.397518972711815,
        581.6032131147622
      ],
      [
        487.65773465394034,
        302.5618674855315
      ],
      [
        977.8942655251014,
        834.8484927643084
      ],
      [
        603.3370824412902,
        368.90295388766606
      ],
      [
        766.7532824059213,
        702.6811160372387
      ],
      [
        504.93117541319987,
        439.50712072416076
      ],
      [
        630.6707545355846,
        687.7815096132032
      ],
      [
        334.9709499772613,
        43.03299705000052
      ],
      [
        618.1096702406799,
        345.99964154851824
      ],
      [
        166.6776090621267,
        855.0598754763897
      ],
      [
        671.5655094089568,
        131.75907078113835
      ],
      [
        677.4812197375419,
        408.15943990005087
      ],
      [
        636.7710910271684,
        613.6530347513378
      ],
      [
        97.0156151116488,
        996.6376125838963
      ],
      [
        464.6584962374648,
        361.6499026320931
      ],
      [
        565.0970878616308,
        792.6267192668486
      ],
      [
        780.4961172183621,
        128.12980665873874
      ],
      [
        16.397192811653525,
        112.66191310822971
      ],
      [
        194.45234606770146,
        650.2244892549093
      ],
      [
        22.18726790294634,
        121.9947351519336
      ],
      [
        173.8412001783638,
        988.7461587512437
      ],
      [
        461.6306716737589,
        290.03903963011123
      ],
      [
        466.5732477979797,
        767.4018587189959
      ],
      [
        824.5748985891302,
        31.42117377314335
      ],
      [
        205.37348730707117,
        93.17543237680637
      ],
      [
        234.4357075799065,
        690.2604342368641
      ]
    ],
    "delivery": [
      0.0,
      0.0,
      1.9874284319523174,
      0.9490307175666104,
      0.0,
      0.0,
      0.0,
      0.0,
      0.0,
      1.7560608747775168,
      0.0,
      0.0,
      1.903305371085438,
      0.0,
      1.3926667855593782,
      1.5445724739107272,
      0.0,
      0.0,
      1.3384559696464526,
      0.0,
      0.0,
      1.903189549260504,
      0.0,
      0.8488563846952294,
      1.3510211186380503,
      0.6603448161014172,
      1.642839441897737,
      0.0,
      0.0,
      0.0,
      0.0,
      0.0,
      0.0,
      0.0,
      0.0,
      0.0,
      0.0,
      1.578530808743376,
      0.0,
      0.0,
      0.0,
      1.136319260931879,
      1.8554978639798145,
      0.0,
      0.0,
      0.0,
      0.0,
      0.0,
      1.8277532367965112,
      1.1616546968508783,
      0.0,
      0.0,
      0.0,
      0.7587919767284353,
      1.2980483781766585,
      1.0611121224111464,
      1.5500523039112786,
      1.7808027691946657,
      0.0,
      0.0,
      0.0,
      1.4372221743916387,
      0.9659532255155308,
      0.0,
      1.4510292883808036,
      0.0,
      0.0,
      0.0,
      0.0,
      1.546061972112141,
      0.0,
      0.0,
      0.0,
      1.7837097556602957,
      0.0,
      1.2123467901440483,
      1.344755069171972,
      0.0,
      0.0,
      0.0
    ],