{
  "spec": {
    "run_id": "seed2_N80_M3_D10_B7_K10_lo1.0_lt1.0_twA",
    "seed": 2,
    "n_clients": 80,
    "num_uavs": 3,
    "delta_min": 10,
    "bs_count": 7,
    "edge_samples": 10,
    "lambda_out": 1.0,
    "lambda_tw": 1.0,
    "tw_family": "A",
    "tw_mode": "soft"
  },
  "scenario": {
    "depot_xy": [
      500.0,
      500.0
    ],
    "client_xy": [
      [
        677.6729911675699,
        455.52660569722246
      ],
      [
        385.65860349691394,
        696.5307594743236
      ],
      [
        499.2260360233636,
        514.5679925990232
      ],
      [
        68.2565662043425,
        841.3263681258169
      ],
      [
        367.6460472662513,
        485.14400927718407
      ],
      [
        409.8508051425017,
        911.0640117242588
      ],
      [
        36.23937556838863,
        605.3693222403895
      ],
      [
        212.94973802818285,
        555.3423726646282
      ],
      [
        559.0102038682904,
        933.1032383386108
      ],
      [
        522.1669854811764,
        430.60498595512155
      ],
      [
        743.3457543801733,
        341.7613885653139
      ],
      [
        958.4669044638766,
        732.6324572146913
      ],
      [
        526.3745824657224,
        430.90843252475565
      ],
      [
        962.7358919959769,
        389.32299622203084
      ],
      [
        227.00183550032781,
        82.40438606597466
      ],
      [
        816.1560888604446,
        369.5421412014859
      ],
      [
        71.73165538139558,
        88.06654133311798
      ],
      [
        653.7203104864832,
        456.38710131559435
      ],
      [
        727.9503645157168,
        350.78230263075585
      ],
      [
        485.0363382620546,
        248.56137624276386
      ],
      [
        122.86194645606774,
        929.473084297724
      ],
      [
        725.6867802252167,
        443.93830228849987
      ],
      [
        879.2691428559867,
        558.3725117240351
      ],
      [
        830.9808193297554,
        699.9289752401611
      ],
      [
        816.3531534983516,
        512.9715355225613
      ],
      [
        562.1564928293432,
        212.69274932508986
      ],
      [
        69.27736829373443,
        996.4234352151348
      ],
      [
        596.070340321234,
        80.10640458450047
      ],
      [
        358.8384948587103,
        404.49870146608305
      ],
      [
        354.2360213418856,
        124.81724756714085
      ],
      [
        570.9739781837933,
        814.3665089497962
      ],
      [
        173.57583932209099,
        983.7326681180937
      ],
      [
        116.40119739484966,
        395.78779701028157
      ],
      [
        747.610288169581,
        206.1883904663696
      ],
      [
        531.6920724777493,
        74.98419170764315
      ],
      [
        354.8759423491421,
        194.27234975078233
      ],
      [
        202.68899604536927,
        969.2251307599441
      ],
      [
        346.47870183702366,
        998.3137220472389
      ],
      [
        780.1357084769631,
        328.4030205962859
      ],
      [
        232.8791472820103,
        816.0795163373392
      ],
      [
        6.335263912633282,
        509.7641549634039
      ],
      [
        292.384154408932,
        672.3102008562378
      ],
      [
        65.95593768998353,
        738.9313785179213
      ],
      [
        376.01981250424177,
        774.9574643724816
      ],
      [
        610.1636183257455,
        209.21959343113738
      ],
      [
        111.82894362235551,
        451.77945802796694
      ],
      [
        355.94385560924866,
        306.83351038414776
      ],
      [
        557.5294950242143,
        432.5514100089539
      ],
      [
        649.0908609847488,
        673.6978479915584
      ],
      [
        690.6301130348837,
        797.6040684531487
      ],
      [
        319.5970420884676,
        782.6675182223137
      ],
      [
        24.268590514666567,
        669.0094748250127
      ],
      [
        241.78976770855044,
        551.0412762552357
      ],
      [
        547.5538160468983,
        666.0182874895163
      ],
      [
        50.84326772543291,
        213.29389443726697
      ],
      [
        694.865833317775,
        495.74762527527196
      ],
      [
        404.55708524459885,
        418.950533963966
      ],
      [
        322.8824703459828,
        256.89879217860846
      ],
      [
        242.00202012880047,
        467.2426655862153
      ],
      [
        216.94724174623238,
        249.0474968087404
      ],
      [
        508.6656532869553,
        56.068115499851245
      ],
      [
        516.22480087425,
        841.8566606759939
      ],
      [
        579.1293634813505,
        620.8718913483553
      ],
      [
        604.2875625678281,
        878.0513009119447
      ],
      [
        787.769161783195,
        875.7090324281548
      ],
      [
        685.2470414334658,
        101.46915725626593
      ],
      [
        759.6758174756682,
        136.5827546466516
      ],
      [
        956.6653594723516,
        385.7532700813127
      ],
      [
        591.2513285201167,
        471.052906818476
      ],
      [
        194.9074600719114,
        324.87770415654484
      ],
      [
        905.8302164578934,
        188.04320131773167
      ],
      [
        408.25769865889094,
        899.5527086558801
      ],
      [
        558.1264072163872,
        298.1114992075347
      ],
      [
        734.5467009899934,
        27.72389492435412
      ],
      [
        843.9611318225192,
        448.34672146684204
      ],
      [
        26.569566569392023,
        643.6196016997217
      ],
      [
        395.37396748853723,
        518.2245328994143
      ],
      [
        518.8580665074475,
        934.5703005133638
      ],
      [
        62.075800054848585,
        93.11223671893775
      ],
      [
        324.1590418373557,
        997.1329283848651
      ]
    ],
    "delivery": [
      0.0,
      0.0,
      0.5189933468271309,
      1.2652056814650348,
      0.0,
      0.0,
      0.7135420783768642,
      0.0,
      0.0,
      1.817706020309175,
      1.727358233066621,
      0.7997545248385701,
      1.9782889828677825,
      0.0,
      1.7151126069407938,
      0.0,
      1.1131517071819879,
      1.07276316420177,
      0.0,
      0.0,
      1.4922279945449126,
      1.4730373122646345,
      1.5053603297140068,
      0.0,
      0.0,
      0.814611464290101,
      0.0,
      1.7610402683888777,
      0.0,
      1.0959997392988368,
      1.1861640323159974,
      0.0,
      1.9669503479931008,
      1.5498079468240342,
      1.4487012845934217,
      1.68210433192262,
      0.0,
      0.0,
      0.0,
      0.8680930252369095,
      0.7730126926121004,
      0.0,
      0.0,
      0.0,
      0.0,
      1.8535512540495105,
      0.0,
      1.024267547269103,
      1.0463854816399365,
      0.0,
      0.0,
      0.0,
      0.0,
      0.9262596340358245,
      1.6932603825629338,
      0.0,
      0.0,
      1.2297017540980901,
      1.021694034649822,
      0.0,
      1.9518882034580036,
      0.0,
      1.5266080909593072,
      1.6922925919874727,
      1.8525204107092432,
      0.0,
      1.135451613206502,
      0.0,
      0.0,
      0.0,
      0.0,
      1.7192374349976955,
      1.7720829241237548,
      1.2370961428567855,
      0.0,
      0.0,
      0.7934358859442243,
      0.0,
      1.550816276765717,
      0.0
    ],