{
  "spec": {
    "run_id": "seed1_N20_M3_D10_B4_K10_lo0.5_lt1.0_twB",
    "seed": 1,
    "n_clients": 20,
    "num_uavs": 3,
    "delta_min": 10,
    "bs_count": 4,
    "edge_samples": 10,
    "lambda_out": 0.5,
    "lambda_tw": 1.0,
    "tw_family": "B",
    "tw_mode": "soft"
  },
  "scenario": {
    "depot_xy": [
      500.0,
      500.0
    ],
    "client_xy": [
      [
        433.99995089410294,
        585.2651568359414
      ],
      [
        797.9017118001013,
        311.5662922057656
      ],
      [
        638.9249749382985,
        83.1626828499863
      ],
      [
        83.73675938420544,
        436.6652895386984
      ],
      [
        860.286353868186,
        767.5970880612696
      ],
      [
        651.8723256709527,
        288.57230258050083
      ],
      [
        951.5611830960962,
        434.5351867728987
      ],
      [
        609.79903793804,
        943.0181878617601
      ],
      [
        405.73855769031485,
        717.9102563667869
      ],
      [
        899.1306625722307,
        666.124036635253
      ],
      [
        69.74382144696666,
        204.14081283461283
      ],
      [
        532.5710136432772,
        87.61389695847899
      ],
      [
        658.6341987936446,
        60.83475028942953
      ],
      [
        371.8334262902343,
        307.93144401239414
      ],
      [
        799.3401379518281,
        955.9659974039705
      ],
      [
        632.3518028476301,
        153.08643762397534
      ],
      [
        597.1010926601402,
        689.5926952578961
      ],
      [
        690.6635286314482,
        361.7237292528036
      ],
      [
        131.5320646578837,
        193.71160704059997
      ],
      [
        25.636231968498514,
        85.500315194879
      ]
    ],
    "delivery": [
      1.0170926161659912,
      0.0,
      0.9463504250088666,
      0.0,
      1.9724265462518,
      0.8741280471233139,
      1.7489794573162427,
      1.7622603343525292,
      0.727545764712822,
      0.0,
      1.346954939233428,
      0.997058404195227,
      0.0,
      0.0,
      1.4159806282898104,
      0.0,
      0.0,
      0.0,
      0.0,
      0.0
    ],
    "pickup": [
      0.0,
      1.5221982918933452,
      0.0,
      0.566394793717838,
      0.0,
      0.0,
      0.0,
      0.0,
      0.0,
      1.3450576475974896,
      0.0,
      0.0,
      1.9223738885724808,
      0.5249448288559424,
      0.0,
      0.9381214745070552,
      0.9020240423289507,
      1.5228636454066948,
      1.3046374170672266,
      0.625002031944873
    ],
    "service_duration_s": [
      60.0,
      60.0,
      60.0,
      60.0,
      60.0,
      60.0,
      60.0,
      60.0,
      60.0,
      60.0,
      60.0,
      60.0,
      60.0,
      60.0,
      60.0,
      60.0,
      60.0,
      60.0,
      60.0,
      60.0
    ],
    "tw_early_s": [
      0.0,
      0.0,
      0.0,
      0.0,
      20.88800471641997,
      0.0,
      0.0,
      244.34547163446894,
      238.6348137760724,
      54.24721070904775,
      0.0,
      0.0,
      0.0,
      0.0,
      0.0,
      0.0,
      0.010951699290444594,
      5.78666870379908,
      0.0,
      0.0
    ],
    "tw_late_s": [
      946.7308461168757,
      606.2370288021303,
      514.7988715189232,
      319.25946275989,
      829.1105743122807,
      735.4064062521404,
      818.6863268203731,
      1125.0324097948655,
      1198.6348137760724,
      877.581610353441,
      268.6307189708222,
      469.73923160531984,
      516.5003786536175,
      361.60145289763636,
      894.7416790904443,
      534.6325844612496,
      895.5805507414294,
      751.605719872606,
      280.75817034001295,
      441.67274081966855
    ],
    "bs_xy": [
      [
        405.1724593943521,
        117.42406680604012
      ],
      [
        94.11233135545393,
        181.69880249710934
      ],
      [
        578.8500338248672,
        584.7752578696944
      ],
      [
        260.1256138258564,
        703.5180492342269
      ]
    ],
    "speed_mps": 10.0,
    "capacity_kg": 6.0,
    "altitude_m": 100.0
  }
}