{
  "spec": {
    "run_id": "seed1_N40_M3_D10_B4_K10_lo0.5_lt1.0_twB",
    "seed": 1,
    "n_clients": 40,
    "num_uavs": 3,
    "delta_min": 10,
    "bs_count": 4,
    "edge_samples": 10,
    "lambda_out": 0.5,
    "lambda_tw": 1.0,
    "tw_family": "B",
    "tw_mode": "soft"
  },
  "scenario": {
    "depot_xy": [
      500.0,
      500.0
    ],
    "client_xy": [
      [
        727.8549940677885,
        469.58048088451756
      ],
      [
        258.9688024416329,
        369.7140658599046
      ],
      [
        948.7460669203797,
        928.5041594870072
      ],
      [
        757.7325214813802,
        418.0416599733672
      ],
      [
        808.2563716130524,
        779.0790169416335
      ],
      [
        376.96247509988444,
        985.6667265684199
      ],
      [
        96.83058894735986,
        619.7437454906867
      ],
      [
        867.7617676762354,
        184.40845173159028
      ],
      [
        257.7571591559086,
        724.2900877755227
      ],
      [
        832.1033856632428,
        785.5063999790591
      ],
      [
        747.6334041917603,
        943.9923864309544
      ],
      [
        913.9707751021207,
        647.5879294333874
      ],
      [
        210.80490737119507,
        403.66523456592006
      ],
      [
        377.6873808381399,
        150.7172507004547
      ],
      [
        285.44543401799405,
        447.4351431475047
      ],
      [
        815.0941017865988,
        261.4931379734321
      ],
      [
        834.4114755815523,
        679.8570295935828
      ],
      [
        823.120620751897,
        19.645825944387575
      ],
      [
        649.0317917599441,
        333.4893402980905
      ],
      [
        797.3778325648262,
        729.2800724206178
      ],
      [
        98.49111817399314,
        62.47883115513897
      ],
      [
        382.08891807779764,
        759.6646361685519
      ],
      [
        338.5754139585748,
        420.0727282971822
      ],
      [
        918.50966316911,
        295.73954958637603
      ],
      [
        2.0658521270754404,
        433.8840744066975
      ],
      [
        465.20367705611886,
        359.17660190873926
      ],
      [
        704.4746468783494,
        414.14206389363574
      ],
      [
        514.0352349507348,
        750.2651339597045
      ],
      [
        158.09298887765533,
        910.5648444663516
      ],
      [
        452.26692789732647,
        125.96790410911008
      ],
      [
        506.89274649862915,
        520.7768329275273
      ],
      [
        232.53708590010524,
        245.22992839420365
      ],
      [
        298.5736091586317,
        699.2090074304043
      ],
      [
        784.1597071787398,
        195.88855640688496
      ],
      [
        360.5083059008641,
        632.5146600637954
      ],
      [
        820.8872615061462,
        719.7073244434342
      ],
      [
        901.0482840211554,
        779.1274884765381
      ],
      [
        953.5101506143284,
        145.6432527987852
      ],
      [
        490.71576619422905,
        615.0648881408127
      ],
      [
        159.1075549311628,
        913.9791672500155
      ]
    ],
    "delivery": [
      0.0,
      1.266455156035449,
      1.7996801680876187,
      1.4221738131391202,
      0.0,
      0.9576494654503755,
      1.9896709221508848,
      1.377469026032831,
      0.0,
      1.4672082974618745,
      0.0,
      0.841695957229013,
      0.6182005460421918,
      1.524033586473729,
      0.0,
      1.7457048638762676,
      0.0,
      0.0,
      1.9712834308469347,
      0.0,
      0.0,
      1.4587960353772755,
      0.0,
      0.0,
      0.0,
      0.0,
      1.0354025152174857,
      0.0,
      0.0,
      0.9267202907001847,
      0.0,
      1.8101960363413718,
      0.0,
      0.0,
      0.7805324064797587,
      0.0,
      0.9913154374433691,
      0.0,
      1.720996568382571,
      1.4400150396392524
    ],
    "pickup": [
      1.3918507631071482,
      0.0,
      0.0,
      0.0,
      0.8693216945977693,
      0.0,
      0.0,
      0.0,
      0.6613595083028734,
      0.0,
      1.9064778541351286,
      0.0,
      0.0,
      0.0,
      1.5517654986652833,
      0.0,
      1.5820939505087548,
      1.8781115016052716,
      0.0,
      1.4779402959854475,
      1.6402990441539074,
      0.0,
      0.9354620032833434,
      1.8129327470295529,
      1.4187414862397956,
      0.947002692399577,
      0.0,
      0.5493362922648659,
      1.896397755492667,
      0.0,
      1.6296320690353852,
      0.0,
      0.5695369723204892,
      1.4213060478647463,
      0.0,
      1.7350868426493684,
      0.0,
      0.9634394391748013,
      0.0,
      0.0
    ],
    "service_duration_s": [
      60.0,
      60.0,
      60.0,
      60.0,
      60.0,
      60.0,
      60.0,
      60.0,
      60.0,
      60.0,
      60.0,
      60.0,
      60.0,
      60.0,
      60.0,
      60.0,
      60.0,
      60.0,
      60.0,
      60.0,
      60.0,
      60.0,
      60.0,
      60.0,
      60.0,
      60.0,
      60.0,
      60.0,
      60.0,
      60.0,
      60.0,
      60.0,
      60.0,
      60.0,
      60.0,
      60.0,
      60.0,
      60.0,
      60.0,
      60.0
    ],
    "tw_early_s": [
      115.89074119786295,
      0.0,
      303.1799148255616,
      87.39349769804926,
      146.97691728070674,
      341.4318429074126,
      662.9338971705638,
      0.0,
      618.8378567637446,
      248.29907751555936,
      142.5088653113537,
      33.71158022314063,
      0.0,
      0.0,
      0.0,
      121.13360858221648,
      95.63087909972137,
      0.0,
      0.0,
      308.0905421471117,
      0.0,
      394.4016714263696,
      0.0,
      0.0,
      0.0,
      0.0,
      0.0,
      421.6833709704912,
      558.6471146330425,
      0.0,
      293.78475481884993,
      0.0,
      565.7581722786731,
      0.0,
      618.3969523563958,
      136.60075084237576,
      99.84380583182622,
      0.0,
      484.7891365122981,
      450.80918469994117
    ],
    "tw_late_s": [
      1009.2904420252673,
      379.6824762250419,
      1263.1799148255616,
      1032.0074831381878,
      1106.9769172807069,
      1301.4318429074126,
      1622.9338971705638,
      645.8308936423887,
      1578.8378567637446,
      1208.2990775155595,
      1102.5088653113537,
      957.4762849200183,
      208.81890343189764,
      481.35347676295873,
      283.0447662842131,
      1004.4094584679738,
      1055.6308790997214,
      670.7281309124137,
      586.2746012530306,
      1268.0905421471116,
      588.0880985858529,
      1354.4016714263696,
      498.4249980374278,
      806.7015011187051,
      196.40195388999342,
      599.4014717485907,
      824.9388805763986,
      1381.683370970491,
      1518.6471146330425,
      726.9406542619997,
      1253.78475481885,
      484.7293148890851,
      1525.758172278673,
      799.243535019144,
      1578.3969523563958,
      1096.6007508423759,
      1059.843805831826,
      761.6692677304086,
      1444.7891365122982,
      1410.8091846999412
    ],
    "bs_xy": [
      [
        694.19295571626,
        676.5874650663793
      ],
      [
        157.6268200783939,
        606.5609332283559
      ],
      [
        432.033111343448,
        483.264667934302
      ],
      [
        308.39934986710557,
        17.01043693011983
      ]
    ],
    "speed_mps": 10.0,
    "capacity_kg": 6.0,
    "altitude_m": 100.0
  }
}