{
  "spec": {
    "run_id": "seed1_N10_M3_D5_B4_K10_lo0.5_lt1.0_twB",
    "seed": 1,
    "n_clients": 10,
    "num_uavs": 3,
    "delta_min": 5,
    "bs_count": 4,
    "edge_samples": 10,
    "lambda_out": 0.5,
    "lambda_tw": 1.0,
    "tw_family": "B",
    "tw_mode": "soft"
  },
  "scenario": {
    "depot_xy": [
      500.0,
      500.0
    ],
    "client_xy": [
      [
        710.8890506881718,
        41.91792376127079
      ],
      [
        785.273802094412,
        357.99064089142576
      ],
      [
        224.09578483023463,
        422.2301773874312
      ],
      [
        407.3619113829403,
        251.92461427503366
      ],
      [
        46.00202340105808,
        367.3324049818819
      ],
      [
        53.4834774733115,
        443.73295085118866
      ],
      [
        732.2221108726773,
        485.1109052098396
      ],
      [
        543.5907655284136,
        98.49018177939706
      ],
      [
        42.29489910356754,
        300.60342923504754
      ],
      [
        652.1602637165482,
        938.679899653521
      ]
    ],
    "delivery": [
      0.0,
      1.6181344985794874,
      1.1296108852613154,
      0.0,
      0.7734831871745407,
      1.5277684067621957,
      0.6175416432745667,
      0.0,
      1.6883840277631634,
      0.0
    ],
    "pickup": [
      1.6120092685436582,
      0.0,
      0.0,
      0.8839276463380509,
      0.0,
      0.0,
      0.0,
      1.9632516183545685,
      0.0,
      0.8347808527329623
    ],
    "service_duration_s": [
      60.0,
      60.0,
      60.0,
      60.0,
      60.0,
      60.0,
      60.0,
      60.0,
      60.0,
      60.0
    ],
    "tw_early_s": [
      0.0,
      0.0,
      0.0,
      0.0,
      0.0,
      0.0,
      0.0,
      57.55369272417147,
      0.0,
      128.63267501126825
    ],
    "tw_late_s": [
      325.98746955826016,
      378.6270338944748,
      173.00131191163393,
      308.4857675567699,
      145.67386757291197,
      60.0,
      368.4777864892447,
      428.63818637422185,
      270.5697942117598,
      608.6326750112682
    ],
    "bs_xy": [
      [
        907.7905696246232,
        995.8939593966439
      ],
      [
        578.212188918285,
        714.0365661996286
      ],
      [
        10.581594405632,
        936.4954512846166
      ],
      [
        18.071438226593628,
        629.8048323897735
      ]
    ],
    "speed_mps": 10.0,
    "capacity_kg": 6.0,
    "altitude_m": 100.0
  }
}