{
  "spec": {
    "run_id": "seed10_N40_M3_D2_B10_K10_lo0.0_lt5.0_twA",
    "seed": 10,
    "n_clients": 40,
    "num_uavs": 3,
    "delta_min": 2,
    "bs_count": 10,
    "edge_samples": 10,
    "lambda_out": 0.0,
    "lambda_tw": 5.0,
    "tw_family": "A",
    "tw_mode": "soft"
  },
  "scenario": {
    "depot_xy": [
      500.0,
      500.0
    ],
    "client_xy": [
      [
        301.40597210622656,
        995.773114337132
      ],
      [
        947.3733520372657,
        90.51376961099022
      ],
      [
        711.2901976261028,
        588.6109973590322
      ],
      [
        493.5942994219041,
        888.9601092078692
      ],
      [
        121.57023170842729,
        303.88128115103086
      ],
      [
        159.61165987579585,
        513.4926194754484
      ],
      [
        540.0993709022406,
        304.08934558675816
      ],
      [
        690.8100898002122,
        224.6438276210051
      ],
      [
        521.8004547018437,
        934.5630757446019
      ],
      [
        170.7872539096843,
        567.5267794168986
      ],
      [
        636.3029514785244,
        428.58129581406865
      ],
      [
        234.37586654679131,
        138.29807574944542
      ],
      [
        177.39361695918677,
        190.90497841135334
      ],
      [
        682.4675234403658,
        661.7899132064662
      ],
      [
        354.72872752884996,
        536.889036992431
      ],
      [
        659.8334681757976,
        480.3475791523879
      ],
      [
        507.62269854143926,
        286.71809964215646
      ],
      [
        608.7475383073931,
        335.94378292694336
      ],
      [
        782.112730463708,
        190.82961072818017
      ],
      [
        618.8944402331472,
        326.3613417802652
      ],
      [
        697.7642787937868,
        600.0828165287319
      ],
      [
        416.19315514757284,
        418.6578987836653
      ],
      [
        298.2552425635379,
        950.8037353216793
      ],
      [
        753.4303700107251,
        476.31762586952107
      ],
      [
        612.6061017193507,
        419.04481579553357
      ],
      [
        442.5089606707404,
        705.8962208010245
      ],
      [
        581.1135734318672,
        833.1918189527717
      ],
      [
        493.95238866901946,
        369.11476682132883
      ],
      [
        866.2974602056136,
        731.7237159840199
      ],
      [
        173.56750249806709,
        102.7301561527092
      ],
      [
        195.9061681075186,
        926.97525162185
      ],
      [
        451.9488459944514,
        94.14497139088508
      ],
      [
        732.3691283536394,
        686.6716321454944
      ],
      [
        133.15552893376503,
        565.9663564252601
      ],
      [
        232.75629418464362,
        781.0967021630311
      ],
      [
        814.2809534265527,
        648.5001803758606
      ],
      [
        173.63389329463087,
        841.7613921621283
      ],
      [
        48.33302590080202,
        149.09564707043344
      ],
      [
        163.47923318585944,
        425.36709921092785
      ],
      [
        140.6432913548803,
        560.1639815930569
      ]
    ],
    "delivery": [
      1.7108062684191474,
      0.0,
      0.8588183442708615,
      0.0,
      0.6824893975812066,
      0.0,
      1.0700317967766317,
      0.0,
      0.7970020245673213,
      0.0,
      0.0,
      0.0,
      1.4091783291764866,
      0.0,
      1.6703810808350967,
      0.0,
      1.67170599614021,
      0.8924062076543097,
      1.2312581249187313,
      0.0,
      1.8071728270525773,
      0.0,
      0.5380425859611357,
      0.0,
      1.3408775411660097,
      1.3523687791097556,
      1.8350232229095265,
      1.1276115249288403,
      0.0,
      1.7725242949598368,
      0.0,
      0.0,
      1.6007116201763316,
      0.0,
      0.0,
      0.9703091451974198,
      1.8680006133595781,
      1.0478554396681752,
      0.0,
      0.0
    ],
    "pickup": [
      0.0,
      1.67220334587561,
      0.0,
      1.1487673680854453,
      0.0,
      1.3204222997609474,
      0.0,
      1.8609372459784361,
      0.0,
      1.4085247810703274,
      1.2082340614700695,
      0.7749516466087043,
      0.0,
      0.6576171799018093,
      0.0,
      1.7719099887636194,
      0.0,
      0.0,
      0.0,
      0.7781287051864874,
      0.0,
      1.5307952004971428,
      0.0,
      1.8893608513733282,
      0.0,
      0.0,
      0.0,
      0.0,
      1.8142098485019855,
      0.0,
      1.04915630381524,
      1.1686691532870077,
      0.0,
      1.1810590741682572,
      0.8471424661515103,
      0.0,
      0.0,
      0.0,
      0.5027998368356293,
      0.7114588758495912
    ],
    "service_duration_s": [
      60.0,
      60.0,
      60.0,
      60.0,
      60.0,
      60.0,
      60.0,
      60.0,
      60.0,
      60.0,
      60.0,
      60.0,
      60.0,
      60.0,
      60.0,
      60.0,
      60.0,
      60.0,
      60.0,
      60.0,
      60.0,
      60.0,
      60.0,
      60.0,
      60.0,
      60.0,
      60.0,
      60.0,
      60.0,
      60.0,
      60.0,
      60.0,
      60.0,
      60.0,
      60.0,
      60.0,
      60.0,
      60.0,
      60.0,
      60.0
    ],
    "tw_early_s": [
      764.7664219425917,
      329.05808004064005,
      432.33670352893125,
      652.324438920168,
      0.0,
      995.0606402575397,
      189.65964339308783,
      266.69645973757844,
      681.8927696799799,
      929.542865033241,
      354.6639582805643,
      65.7125006369713,
      0.0,
      562.7813529773549,
      877.7596724825361,
      437.4987224674933,
      156.8078917243052,
      184.1654330474272,
      266.7737529373103,
      228.62016802751066,
      496.4238719473103,
      14.241991664839645,
      732.8139438495753,
      422.85311805141964,
      347.65060203808423,
      682.5224485444442,
      603.7034666411973,
      112.2162738498024,
      513.4337416349376,
      10.550072188522307,
      775.6417594021077,
      106.88967297193545,
      589.3674973316772,
      897.2481155059832,
      847.3049978121273,
      520.3305693044232,
      809.3731447044861,
      0.0,
      0.0,
      959.2943647320114
    ],
    "tw_late_s": [
      1004.7664219425917,
      569.0580800406401,
      672.3367035289313,
      892.324438920168,
      162.62295642164847,
      1235.0606402575397,
      429.65964339308783,
      506.69645973757844,
      921.8927696799799,
      1169.542865033241,
      594.6639582805643,
      305.7125006369713,
      237.9572037530709,
      802.7813529773549,
      1117.7596724825362,
      677.4987224674933,
      396.8078917243052,
      424.1654330474272,
      506.7737529373103,
      468.62016802751066,
      736.4238719473103,
      254.24199166483965,
      972.8139438495753,
      662.8531180514196,
      587.6506020380842,
      922.5224485444442,
      843.7034666411973,
      352.2162738498024,
      753.4337416349376,
      250.5500721885223,
      1015.6417594021077,
      346.88967297193545,
      829.3674973316772,
      1137.2481155059832,
      1087.3049978121273,
      760.3305693044232,
      1049.373144704486,
      177.1958845020202,
      154.46973982747312,
      1199.2943647320114
    ],
    "bs_xy": [
      [
        166.9413179315852,
        838.3810878074956
      ],
      [
        412.0457557167474,
        504.444221331535
      ],
      [
        837.5967176577444,
        658.9997674605211
      ],
      [
        323.30970318453257,
        252.51860781832846
      ],
      [
        362.28379752044503,
        914.830817157585
      ],
      [
        753.3084429336435,
        739.0174300105011
      ],
      [
        977.8962800510865,
        241.9445314371399
      ],
      [
        359.7043833507307,
        674.67378260025
      ],
      [
        954.611891438633,
        671.5742737108411
      ],
      [
        143.465979909675,
        113.98253957379545
      ]
    ],
    "speed_mps": 10.0,