{
  "spec": {
    "run_id": "seed9_N40_M3_D5_B4_K10_lo0.5_lt0.0_twA",
    "seed": 9,
    "n_clients": 40,
    "num_uavs": 3,
    "delta_min": 5,
    "bs_count": 4,
    "edge_samples": 10,
    "lambda_out": 0.5,
    "lambda_tw": 0.0,
    "tw_family": "A",
    "tw_mode": "soft"
  },
  "scenario": {
    "depot_xy": [
      500.0,
      500.0
    ],
    "client_xy": [
      [
        123.74958640245947,
        670.1683009528841
      ],
      [
        679.1265940452131,
        518.947090551806
      ],
      [
        887.3179530337115,
        28.11393650128857
      ],
      [
        699.4811377529845,
        612.1614007063988
      ],
      [
        333.2684085988911,
        725.5149895798477
      ],
      [
        745.1516736878958,
        936.3065540614286
      ],
      [
        477.96805481936343,
        717.1615699750499
      ],
      [
        407.7592128235145,
        674.1533886795427
      ],
      [
        466.4383073968066,
        829.2848861574282
      ],
      [
        260.8243696110334,
        983.9380470865475
      ],
      [
        370.16604095629634,
        585.108655927661
      ],
      [
        922.3487997610322,
        291.17540330889415
      ],
      [
        919.2699150564205,
        90.78457971125819
      ],
      [
        24.323067885074657,
        445.59911645343533
      ],
      [
        905.6135452246309,
        120.36851952833172
      ],
      [
        593.8913714664156,
        462.1405208628604
      ],
      [
        315.60628157769776,
        107.99767553910122
      ],
      [
        40.22681115422688,
        933.9049374165587
      ],
      [
        685.4910274021167,
        857.6438989629121
      ],
      [
        127.64956060981159,
        137.9498985493912
      ],
      [
        2.518735078259282,
        849.0031316239742
      ],
      [
        232.31902662808767,
        827.0490516262363
      ],
      [
        873.7751572779237,
        105.26246576062536
      ],
      [
        415.18374387988797,
        286.2540600725938
      ],
      [
        415.5213929675349,
        428.1516756017868
      ],
      [
        288.80974516208113,
        401.5510010050577
      ],
      [
        443.08949177272615,
        65.65168209907924
      ],
      [
        786.0553074668244,
        774.6614282712363
      ],
      [
        757.7685602310992,
        834.0581958107384
      ],
      [
        233.95197031810432,
        490.3755098293378
      ],
      [
        366.44538391029704,
        648.8433454459697
      ],
      [
        199.73076250342336,
        500.7145180756197
      ],
      [
        660.7361570813083,
        121.39193786249236
      ],
      [
        815.556554882926,
        563.3433387768631
      ],
      [
        252.17443994735166,
        959.1091645916902
      ],
      [
        125.35459154053974,
        226.85492933894525
      ],
      [
        459.30693351637154,
        93.6020541567385
      ],
      [
        502.42968309252666,
        241.95153972221974
      ],
      [
        760.9458379953979,
        267.6463568025803
      ],
      [
        864.2313693640676,
        686.55687965995
      ]
    ],
    "delivery": [
      0.5637037959160641,
      1.740397216872529,
      0.0,
      0.0,
      0.0,
      0.0,
      0.0,
      0.0,
      1.6637576459080732,
      0.0,
      0.0,
      0.0,
      0.8437583432515563,
      0.9746779685431388,
      1.5736449208834333,
      0.0,
      0.7210937973467736,
      0.0,
      1.69588495120286,
      1.590695413222055,
      0.9922301365830084,
      1.0191081297673736,
      1.6827594803803723,
      0.0,
      0.0,
      0.0,
      0.5477765306154223,
      0.0,
      0.5845027842679269,
      0.0,
      0.0,
      0.0,
      0.5973814869006387,
      1.0055371034749667,
      1.2902411348510099,
      0.0,
      0.0,
      0.0,
      1.1341156212336057,
      0.0
    ],
    "pickup": [
      0.0,
      0.0,
      0.536133563223419,
      1.8602924001131214,
      1.7764328696890428,
      0.8150061824819177,
      1.1684685377766868,
      1.1809050583869776,
      0.0,
      0.7981728261601346,
      0.997014518237172,
      0.8788224636560173,
      0.0,
      0.0,
      0.0,
      1.2833862917829884,
      0.0,
      1.7094586327574404,
      0.0,
      0.0,
      0.0,
      0.0,
      0.0,
      1.3502250899474004,
      1.0256006386268273,
      0.5631303040929379,
      0.0,
      1.356737248451727,
      0.0,
      0.9390676521550099,
      1.950393714826829,
      1.5985367009969322,
      0.0,
      0.0,
      0.0,
      0.8566931595129021,
      1.5221324856301548,
      1.1744467680438548,
      0.0,
      1.842756672760916
    ],
    "service_duration_s": [
      60.0,
      60.0,
      60.0,
      60.0,
      60.0,
      60.0,
      60.0,
      60.0,
      60.0,
      60.0,
      60.0,
      60.0,
      60.0,
      60.0,
      60.0,
      60.0,
      60.0,
      60.0,
      60.0,
      60.0,
      60.0,
      60.0,
      60.0,
      60.0,
      60.0,
      60.0,
      60.0,
      60.0,
      60.0,
      60.0,
      60.0,
      60.0,
      60.0,
      60.0,
      60.0,
      60.0,
      60.0,
      60.0,
      60.0,
      60.0
    ],
    "tw_early_s": [
      773.4797396246611,
      256.7835599535938,
      75.29815201397213,
      326.32463697201695,
      589.8568549481964,
      419.059309461006,
      514.6107627562036,
      582.8442220247889,
      508.91475753171244,
      503.01833497484745,
      753.4156791381727,
      155.10166092850562,
      75.06021344755675,
      0.0,
      144.70327656557168,
      250.96112071213304,
      0.0,
      685.8151291270705,
      398.71348398878456,
      0.0,
      749.2003980039829,
      666.1157373772955,
      90.58161861304995,
      0.0,
      0.0,
      0.0,
      0.0,
      325.67536109205287,
      424.2869859531021,
      0.0,
      687.0313593334876,
      849.225083148101,
      0.0,
      244.3386184759322,
      593.9673717995637,
      0.0,
      0.0,
      0.0,
      170.35508147611057,
      346.0960629433431
    ],
    "tw_late_s": [
      1373.479739624661,
      856.7835599535938,
      675.2981520139722,
      926.324636972017,
      1189.8568549481965,
      1019.059309461006,
      1114.6107627562037,
      1182.844222024789,
      1108.9147575317124,
      1103.0183349748474,
      1353.4156791381727,
      755.1016609285057,
      675.0602134475567,
      347.8777610041358,
      744.7032765655717,
      850.961120712133,
      497.55695443749687,
      1285.8151291270706,
      998.7134839887846,
      414.1972736676363,
      1349.2003980039829,
      1266.1157373772955,
      690.58161861305,
      521.2262836914463,
      447.0364819663421,
      323.3009718985306,
      506.55919299791714,
      925.6753610920529,
      1024.286985953102,
      326.622205939528,
      1287.0313593334877,
      1449.225083148101,
      589.0262905034956,
      844.3386184759322,
      1193.9673717995638,
      415.124221134835,
      571.9989457415326,
      591.011255443317,
      770.3550814761106,
      946.0960629433431
    ],
    "bs_xy": [
      [
        671.7564104666023,
        117.33768830357948
      ],
      [
        609.1440597137531,
        589.2563676788408
      ],
      [
        459.04099375340866,
        252.85397625217797
      ],
      [
        958.5786865583779,
        506.88900841162064
      ]
    ],
    "speed_mps": 10.0,
    "capacity_kg": 6.0,
    "altitude_m": 100.0
  }
}