{
  "spec": {
    "run_id": "seed2_N20_M3_D10_B7_K10_lo1.0_lt1.0_twA",
    "seed": 2,
    "n_clients": 20,
    "num_uavs": 3,
    "delta_min": 10,
    "bs_count": 7,
    "edge_samples": 10,
    "lambda_out": 1.0,
    "lambda_tw": 1.0,
    "tw_family": "A",
    "tw_mode": "soft"
  },
  "scenario": {
    "depot_xy": [
      500.0,
      500.0
    ],
    "client_xy": [
      [
        22.862531978499412,
        586.732479774461
      ],
      [
        355.58452885036485,
        175.93363243148997
      ],
      [
        560.0268722388457,
        255.71537330269356
      ],
      [
        958.5144734212097,
        151.62407966222668
      ],
      [
        509.6913311959297,
        17.305756061696375
      ],
      [
        328.9347659132841,
        336.5192241246044
      ],
      [
        236.84039854893447,
        349.94502193827157
      ],
      [
        141.64282950809647,
        82.13847971455235
      ],
      [
        834.732683743566,
        442.7620170425427
      ],
      [
        921.9890487868494,
        957.5516625668881
      ],
      [
        673.9849572026795,
        808.7430754706663
      ],
      [
        906.6553042700824,
        705.9592208539278
      ],
      [
        768.8449602504008,
        57.452134366615894
      ],
      [
        636.8440235977157,
        489.00613449347105
      ],
      [
        572.1587782769475,
        669.3882344564831
      ],
      [
        33.46057150737691,
        792.7201096630235
      ],
      [
        25.77559708147692,
        34.024783786941626
      ],
      [
        725.8510831500619,
        626.3136822212034
      ],
      [
        483.54073463598957,
        124.11648666156805
      ],
      [
        258.06451406434303,
        19.664481884988373
      ]
    ],
    "delivery": [
      1.9318755808353747,
      0.0,
      0.0,
      0.0,
      0.0,
      0.9856664273322013,
      1.6482588248398364,
      0.0,
      0.0,
      0.5956404881827729,
      0.5523453157734952,
      0.0,
      0.7699809255845618,
      0.8189966772875776,
      0.0,
      0.0,
      1.7140599518935207,
      1.0192748858110021,
      0.0,
      0.7105782447315424
    ],
    "pickup": [
      0.0,
      0.701329938310246,
      1.8000407540076089,
      1.0362068788742176,
      1.2639113720625352,
      0.0,
      0.0,
      1.846374218600092,
      0.5710200680950643,
      0.0,
      0.0,
      0.5244100211060243,
      0.0,
      0.0,
      1.6033864067539425,
      1.7585376198890204,
      0.0,
      0.0,
      1.7800478088404654,
      0.0
    ],
    "service_duration_s": [
      60.0,
      60.0,
      60.0,
      60.0,
      60.0,
      60.0,
      60.0,
      60.0,
      60.0,
      60.0,
      60.0,
      60.0,
      60.0,
      60.0,
      60.0,
      60.0,
      60.0,
      60.0,
      60.0,
      60.0
    ],
    "tw_early_s": [
      38.04815587977214,
      0.0,
      0.0,
      0.0,
      0.0,
      0.0,
      0.0,
      0.0,
      0.0,
      0.0,
      0.0,
      0.0,
      0.0,
      0.0,
      0.0,
      72.80824034386046,
      0.0,
      0.0,
      0.0,
      0.0
    ],
    "tw_late_s": [
      1238.0481558797721,
      762.3890361511258,
      844.3348325473867,
      908.1432927347569,
      801.2942132291967,
      623.6620536712189,
      630.2934765712008,
      718.715813070706,
      937.5688106133373,
      1122.4394240536558,
      1109.2550517754216,
      1023.8188548949245,
      902.461255431632,
      1007.5903039816154,
      1094.8718523811303,
      1272.8082403438605,
      666.4847115093565,
      1018.910417098713,
      813.1623412844585,
      716.1304260167593
    ],
    "bs_xy": [
      [
        245.17419128316453,
        654.5490318555517
      ],
      [
        896.0015874406745,
        733.3948758386204
      ],
      [
        666.1584040586248,
        946.5066518156318
      ],
      [
        567.5234197710622,
        109.59006851049702
      ],
      [
        373.09309336109686,
        237.22246344887222
      ],
      [
        968.7862163442675,
        238.2388635940874
      ],
      [
        218.32875436056386,
        653.0801503244253
      ]
    ],
    "speed_mps": 10.0,
    "capacity_kg": 6.0,
    "altitude_m": 100.0
  }
}