{
  "spec": {
    "run_id": "seed4_N40_M3_D10_B4_K10_lo0.5_lt5.0_twA",
    "seed": 4,
    "n_clients": 40,
    "num_uavs": 3,
    "delta_min": 10,
    "bs_count": 4,
    "edge_samples": 10,
    "lambda_out": 0.5,
    "lambda_tw": 5.0,
    "tw_family": "A",
    "tw_mode": "soft"
  },
  "scenario": {
    "depot_xy": [
      500.0,
      500.0
    ],
    "client_xy": [
      [
        80.14075613630867,
        840.9421426337502
      ],
      [
        719.2324238642123,
        620.9974824795532
      ],
      [
        535.0670163903998,
        235.71231340221988
      ],
      [
        801.486059558631,
        535.8191154423843
      ],
      [
        848.1667117133353,
        485.3172215942705
      ],
      [
        618.2836593569155,
        472.2245137122294
      ],
      [
        516.1582164374045,
        866.0826458448108
      ],
      [
        575.9339929781121,
        983.9245831424827
      ],
      [
        516.3749911695029,
        890.0028858626248
      ],
      [
        666.9755505467015,
        931.3736879543118
      ],
      [
        150.13619879512564,
        669.4097798704671
      ],
      [
        710.8657401122576,
        309.0293955158728
      ],
      [
        652.4325707231623,
        495.55786366671487
      ],
      [
        383.2998422656694,
        822.6475977053693
      ],
      [
        168.18357240293236,
        584.2736735416028
      ],
      [
        786.7760380609243,
        823.2949749506688
      ],
      [
        536.7785609010406,
        59.40941999601068
      ],
      [
        364.5603317783477,
        152.8168754166389
      ],
      [
        577.1404594564971,
        524.5222328523025
      ],
      [
        228.6926751344619,
        397.4231033178169
      ],
      [
        985.0025689620782,
        910.2375548586595
      ],
      [
        779.7634290264587,
        169.6217452354083
      ],
      [
        284.48894781517606,
        796.6234498479246
      ],
      [
        626.2992086573211,
        424.5619929544535
      ],
      [
        668.9887949606117,
        692.726906522598
      ],
      [
        975.4424535837849,
        175.80423033537795
      ],
      [
        553.4726571495943,
        181.3189043340232
      ],
      [
        916.9319974277578,
        921.6998965522282
      ],
      [
        803.3192858004516,
        743.9928457866764
      ],
      [
        401.0076381610902,
        579.1245936855505
      ],
      [
        884.6176870857282,
        29.515599459345122
      ],
      [
        655.3818262344178,
        508.20569114070844
      ],
      [
        912.2575010917373,
        335.257556032069
      ],
      [
        42.03663577001559,
        864.8415235070646
      ],
      [
        172.2834398282679,
        793.1826350465232
      ],
      [
        153.3960340146804,
        736.2537297613106
      ],
      [
        285.95452897582743,
        815.8027093815056
      ],
      [
        966.3901265499833,
        304.64411699615846
      ],
      [
        310.7018815018536,
        973.2679793789222
      ],
      [
        256.91836334154783,
        678.9568101147515
      ]
    ],
    "delivery": [
      0.0,
      0.0,
      1.8293831115308543,
      0.0,
      0.0,
      0.0,
      0.0,
      1.938485969183515,
      1.7241572287804512,
      0.0,
      0.0,
      0.0,
      0.0,
      0.0,
      0.0,
      1.69737469268606,
      0.8522358246335968,
      1.6973039489412187,
      0.0,
      1.9724622446428053,
      0.0,
      0.0,
      1.8965614665768151,
      0.0,
      0.0,
      0.7155525380030293,
      0.0,
      0.0,
      0.6562412454243707,
      0.760605187769009,
      0.0,
      1.3029053362940917,
      0.0,
      0.5247826660323044,
      1.0926205014655501,
      0.0,
      0.0,
      0.0,
      1.8832033267211439,
      1.8498804842910572
    ],
    "pickup": [
      1.0400645502852293,
      0.5999901752192562,
      0.0,
      0.5231372425297013,
      0.6821738025597874,
      1.801655438380101,
      0.627295510487963,
      0.0,
      0.0,
      1.152997127229217,
      0.9396140647895008,
      0.7563756789356636,
      1.5863483596021912,
      1.8183768535245988,
      0.6945677373367747,
      0.0,
      0.0,
      0.0,
      0.9162856157795078,
      0.0,
      0.8503449191748014,
      1.1254602367103501,
      0.0,
      1.0426391704129543,
      1.3150433642558028,
      0.0,
      1.8287038447309687,
      0.655766930322222,
      0.0,
      0.0,
      1.3796230388114683,
      0.0,
      1.4533468938594971,
      0.0,
      0.0,
      1.8291314525191424,
      0.5493716358895091,
      0.9372250335211563,
      0.0,
      0.0
    ],
    "service_duration_s": [
      60.0,
      60.0,
      60.0,
      60.0,
      60.0,
      60.0,
      60.0,
      60.0,
      60.0,
      60.0,
      60.0,
      60.0,
      60.0,
      60.0,
      60.0,
      60.0,
      60.0,
      60.0,
      60.0,
      60.0,
      60.0,
      60.0,
      60.0,
      60.0,
      60.0,
      60.0,
      60.0,
      60.0,
      60.0,
      60.0,
      60.0,
      60.0,
      60.0,
      60.0,
      60.0,
      60.0,
      60.0,
      60.0,
      60.0,
      60.0
    ],
    "tw_early_s": [
      323.2748552096199,
      0.0,
      0.0,
      0.0,
      0.0,
      0.0,
      149.70187950033608,
      66.09039476751036,
      158.33322855541837,
      82.71526718063114,
      472.7883091895151,
      0.0,
      0.0,
      151.21372696138678,
      480.2282625720745,
      0.0,
      0.0,
      0.0,
      0.0,
      0.0,
      0.0,
      0.0,
      221.43177429628042,
      0.0,
      66.591406098069,
      0.0,
      0.0,
      0.0,
      0.0,
      306.1061248716994,
      0.0,
      0.0,
      0.0,
      390.4546838798926,
      315.5888753708376,
      395.4320642278178,
      242.5405116717402,
      0.0,
      232.87535599609907,
      407.25183799738954
    ],
    "tw_late_s": [
      1523.27485520962,
      1101.7138199893532,
      723.6483876577182,
      1030.6653910314542,
      963.7882371377023,
      963.5846743744513,
      1349.701879500336,
      1266.0903947675104,
      1358.3332285554184,
      1282.7152671806311,
      1672.788309189515,
      796.6404757397268,
      984.0245732507165,
      1351.2137269613868,
      1680.2282625720745,
      1179.5845012714294,
      644.2122971276322,
      637.2666104876009,
      1052.091689650838,
      629.0051175240925,
      1168.2279355175515,
      808.9948464947172,
      1421.4317742962803,
      898.7514922802482,
      1266.591406098069,
      816.343460106425,
      716.3716444654768,
      1197.7009097878272,
      1111.483571241048,
      1506.1061248716994,
      739.1244294330652,
      1028.7527679444352,
      893.495049332254,
      1590.4546838798926,
      1515.5888753708377,
      1595.4320642278178,
      1442.5405116717402,
      882.1966770873589,
      1432.8753559960992,
      1607.2518379973894
    ],
    "bs_xy": [
      [
        800.2159663852981,
        131.95850605753577
      ],
      [
        146.79571831408765,
        148.52838793378785
      ],
      [
        329.8985161751411,
        734.8745215599728
      ],
      [
        842.9931972268062,
        960.4316934521855
      ]
    ],
    "speed_mps": 10.0,
    "capacity_kg": 6.0,
    "altitude_m": 100.0
  }
}