{
  "spec": {
    "run_id": "seed3_N20_M3_D5_B7_K10_lo1.0_lt1.0_twA",
    "seed": 3,
    "n_clients": 20,
    "num_uavs": 3,
    "delta_min": 5,
    "bs_count": 7,
    "edge_samples": 10,
    "lambda_out": 1.0,
    "lambda_tw": 1.0,
    "tw_family": "A",
    "tw_mode": "soft"
  },
  "scenario": {
    "depot_xy": [
      500.0,
      500.0
    ],
    "client_xy": [
      [
        763.3314511785667,
        950.1031321583696
      ],
      [
        5.848804079691572,
        663.80418914805
      ],
      [
        182.59195509651371,
        875.2217465751785
      ],
      [
        813.4604875202963,
        260.1980170910424
      ],
      [
        520.9767581715716,
        439.50713682634625
      ],
      [
        634.8665444218334,
        322.3758190010161
      ],
      [
        634.5288874019565,
        75.26229034960696
      ],
      [
        900.4440226072437,
        249.08151620723385
      ],
      [
        114.70950105159217,
        679.4064061397231
      ],
      [
        77.60633461752508,
        80.09679402322945
      ],
      [
        697.5879882498083,
        127.42083767320011
      ],
      [
        933.3796385754875,
        286.04393091270776
      ],
      [
        102.4425939188004,
        17.285066303849185
      ],
      [
        224.15532814836757,
        263.1173702878004
      ],
      [
        639.2920703863061,
        718.4947454211139
      ],
      [
        952.9864562886111,
        588.6398784919139
      ],
      [
        313.0406127442162,
        639.0821494799217
      ],
      [
        824.8620371508649,
        533.8275276274711
      ],
      [
        49.91776596280806,
        746.0220699740015
      ],
      [
        65.03215933270612,
        448.0903367787198
      ]
    ],
    "delivery": [
      0.0,
      0.0,
      1.9884760087103746,
      1.1315158932789942,
      0.512807417483095,
      1.7642885524177356,
      0.0,
      1.5649041313791596,
      0.0,
      0.0,
      1.9561134137816671,
      0.0,
      1.7339233928652182,
      0.0,
      0.0,
      0.5102057540117064,
      0.0,
      1.3720212255517372,
      0.0,
      0.0
    ],
    "pickup": [
      1.0474250703353423,
      0.8116729512476295,
      0.0,
      0.0,
      0.0,
      0.0,
      0.8799739859032744,
      0.0,
      0.6167037692653133,
      0.6659241901544362,
      0.0,
      0.6794701972431009,
      0.0,
      1.244717240428269,
      1.5969621716912494,
      0.0,
      1.1417875816842638,
      0.0,
      1.4947536760517182,
      1.713815221036032
    ],
    "service_duration_s": [
      60.0,
      60.0,
      60.0,
      60.0,
      60.0,
      60.0,
      60.0,
      60.0,
      60.0,
      60.0,
      60.0,
      60.0,
      60.0,
      60.0,
      60.0,
      60.0,
      60.0,
      60.0,
      60.0,
      60.0
    ],
    "tw_early_s": [
      160.40819015574715,
      312.96905139206467,
      287.7843531552637,
      0.0,
      0.0,
      0.0,
      0.0,
      51.22727495735376,
      368.5091390689986,
      0.0,
      0.0,
      16.275483150167474,
      0.0,
      0.0,
      128.57282579130083,
      145.58722093149856,
      222.15055263629552,
      58.32833845238923,
      294.6111662547845,
      0.0
    ],
    "tw_late_s": [
      760.4081901557472,
      912.9690513920647,
      887.7843531552637,
      570.9416438051004,
      476.63442993483875,
      526.2038896650777,
      441.4925137311451,
      651.2272749573538,
      968.5091390689986,
      359.55964329517195,
      567.5731228109363,
      616.2754831501675,
      447.04809257314685,
      336.3598216783721,
      728.5728257913008,
      745.5872209314986,
      822.1505526362955,
      658.3283384523893,
      894.6111662547845,
      343.8054375107149
    ],
    "bs_xy": [
      [
        916.6219008761482,
        91.73528184260526
      ],
      [
        438.54005241043217,
        993.6029163970999
      ],
      [
        548.6237751602398,
        480.6477647701043
      ],
      [
        27.54776118564095,
        404.3353374174855
      ],
      [
        704.7509180022937,
        690.7958777320914
      ],
      [
        756.0252534456341,
        711.976648544223
      ],
      [
        992.6445419175241,
        604.5791960878297
      ]
    ],
    "speed_mps": 10.0,
    "capacity_kg": 6.0,
    "altitude_m": 100.0
  }
}