{
  "spec": {
    "run_id": "seed8_N20_M3_D10_B7_K10_lo1.0_lt1.0_twA",
    "seed": 8,
    "n_clients": 20,
    "num_uavs": 3,
    "delta_min": 10,
    "bs_count": 7,
    "edge_samples": 10,
    "lambda_out": 1.0,
    "lambda_tw": 1.0,
    "tw_family": "A",
    "tw_mode": "soft"
  },
  "scenario": {
    "depot_xy": [
      500.0,
      500.0
    ],
    "client_xy": [
      [
        618.6221525721539,
        0.5088609344572337
      ],
      [
        929.3421128870394,
        431.2903624059883
      ],
      [
        268.4275055339288,
        470.2417402455812
      ],
      [
        657.1824299233292,
        604.7617460493562
      ],
      [
        87.85817338649437,
        400.79053606734215
      ],
      [
        356.2843461613212,
        633.7663323168142
      ],
      [
        837.7456247906466,
        31.208232945537763
      ],
      [
        41.73707012641792,
        939.7281113310119
      ],
      [
        889.2813285712609,
        132.08576995347943
      ],
      [
        763.9460203999538,
        15.975451980789979
      ],
      [
        361.99122827071375,
        585.329005907256
      ],
      [
        457.87601889720264,
        701.3889686063593
      ],
      [
        995.3759542166632,
        301.82693453617713
      ],
      [
        907.5467429757905,
        426.44868793211134
      ],
      [
        698.5594794510555,
        262.42939341643734
      ],
      [
        917.6043134380926,
        817.6558401808255
      ],
      [
        784.4309610371864,
        556.2338389965702
      ],
      [
        515.7378718438932,
        4.781541364601294
      ],
      [
        886.8322706829247,
        377.1328557539587
      ],
      [
        790.1958811875492,
        410.1965808798609
      ]
    ],
    "delivery": [
      0.0,
      1.0040421797709531,
      0.0,
      1.3481047614642008,
      0.0,
      0.0,
      1.6854444999033378,
      0.0,
      0.0,
      0.0,
      0.0,
      0.6739796001034932,
      0.0,
      0.0,
      1.6286453525362798,
      0.9231504312143383,
      0.0,
      1.618097368906721,
      0.0,
      1.9355341787342313
    ],
    "pickup": [
      0.832191379462764,
      0.0,
      0.7397317037956046,
      0.0,
      1.4485662771448116,
      1.1612883736582376,
      0.0,
      1.5816240751654123,
      1.8907155755961198,
      1.1074131687292827,
      1.008905729828276,
      0.0,
      1.2799371692835644,
      0.9855145040877693,
      0.0,
      0.0,
      0.8230325331154373,
      0.0,
      0.8202747787056146,
      0.0
    ],
    "service_duration_s": [
      60.0,
      60.0,
      60.0,
      60.0,
      60.0,
      60.0,
      60.0,
      60.0,
      60.0,
      60.0,
      60.0,
      60.0,
      60.0,
      60.0,
      60.0,
      60.0,
      60.0,
      60.0,
      60.0,
      60.0
    ],
    "tw_early_s": [
      0.0,
      0.0,
      0.0,
      0.0,
      0.0,
      0.0,
      0.0,
      0.0,
      0.0,
      0.0,
      0.0,
      0.0,
      0.0,
      0.0,
      0.0,
      0.0,
      0.0,
      0.0,
      0.0,
      0.0
    ],
    "tw_late_s": [
      741.9382221991652,
      978.2540142317081,
      623.3476710223632,
      999.1573055180604,
      642.3914381659931,
      1195.975760762211,
      741.8558800145099,
      1129.2269463595512,
      857.2698294518235,
      780.1845886241045,
      1192.199182691519,
      1117.1446790413806,
      833.1738943841276,
      908.4200584153425,
      829.3229518060444,
      1076.9083876391353,
      1021.4084030898936,
      649.546846759748,
      911.3691596864157,
      946.7933030004017
    ],
    "bs_xy": [
      [
        178.03021055833523,
        688.1282629234563
      ],
      [
        718.3663093321079,
        694.0349791170462
      ],
      [
        397.4808005978666,
        733.9804244051408
      ],
      [
        625.2241088909789,
        711.0064466570183
      ],
      [
        239.10436344725773,
        144.7183721397881
      ],
      [
        173.2863234718076,
        989.3167555190539
      ],
      [
        961.6218401255586,
        527.7041525024539
      ]
    ],
    "speed_mps": 10.0,
    "capacity_kg": 6.0,
    "altitude_m": 100.0
  }
}