{
  "spec": {
    "run_id": "seed7_N20_M3_D10_B4_K10_lo1.0_lt0.0_twA",
    "seed": 7,
    "n_clients": 20,
    "num_uavs": 3,
    "delta_min": 10,
    "bs_count": 4,
    "edge_samples": 10,
    "lambda_out": 1.0,
    "lambda_tw": 0.0,
    "tw_family": "A",
    "tw_mode": "soft"
  },
  "scenario": {
    "depot_xy": [
      500.0,
      500.0
    ],
    "client_xy": [
      [
        560.344484722027,
        118.18975359111616
      ],
      [
        201.3590632506218,
        968.0831176301531
      ],
      [
        604.6450161788919,
        306.8060744159834
      ],
      [
        59.24835200858425,
        28.227932497883913
      ],
      [
        602.7548593706653,
        483.9339726656144
      ],
      [
        522.4166680964493,
        564.5807062975402
      ],
      [
        433.0657414477164,
        880.8866504015538
      ],
      [
        444.42015151090106,
        26.71256729852267
      ],
      [
        141.35466036028322,
        478.81632154710996
      ],
      [
        915.4025928873971,
        962.2831527830604
      ],
      [
        541.6657844202833,
        111.41459107989937
      ],
      [
        206.22099899990087,
        865.4337965190075
      ],
      [
        317.51794152708965,
        110.63845236438563
      ],
      [
        964.0028935813937,
        113.02435266986322
      ],
      [
        190.98186771805092,
        197.3924094861017
      ],
      [
        301.9518004319309,
        630.6110504148069
      ],
      [
        998.8086255679931,
        892.8413504225776
      ],
      [
        737.5736131449614,
        770.2193199386758
      ],
      [
        91.48407789073832,
        526.8876874778427
      ],
      [
        670.7295871123273,
        238.03290921194886
      ]
    ],
    "delivery": [
      0.0,
      1.682678986634245,
      1.9624407527826424,
      0.9819508230472649,
      0.0,
      0.0,
      0.0,
      0.9910772428976483,
      0.0,
      1.3388298647184913,
      0.7928742719054179,
      1.3962099285476723,
      0.0,
      1.6648020679893523,
      0.0,
      0.9151987428953052,
      0.0,
      0.8187823421088339,
      0.0,
      0.9871608843944968
    ],
    "pickup": [
      0.5363359571935391,
      0.0,
      0.0,
      0.0,
      0.7745523028106154,
      1.5821070547342888,
      1.7602775346439896,
      0.0,
      1.4353707678868504,
      0.0,
      0.0,
      0.0,
      1.542049285097492,
      0.0,
      1.9955378566079613,
      0.0,
      1.2619822303143895,
      0.0,
      0.586974372589051,
      0.0
    ],
    "service_duration_s": [
      60.0,
      60.0,
      60.0,
      60.0,
      60.0,
      60.0,
      60.0,
      60.0,
      60.0,
      60.0,
      60.0,
      60.0,
      60.0,
      60.0,
      60.0,
      60.0,
      60.0,
      60.0,
      60.0,
      60.0
    ],
    "tw_early_s": [
      0.0,
      0.0,
      0.0,
      0.0,
      0.0,
      0.0,
      0.0,
      0.0,
      0.0,
      0.0,
      0.0,
      6.335511426768221,
      0.0,
      0.0,
      0.0,
      63.640301048759966,
      0.0,
      0.0,
      18.055130272251745,
      0.0
    ],
    "tw_late_s": [
      821.0366816304892,
      1112.5880080854322,
      826.0744441925083,
      664.5624425562083,
      903.7882424952697,
      1102.6900897824285,
      1175.38632053673,
      733.8061346633069,
      635.9270410524,
      1066.4706554736147,
      773.5161553123147,
      1206.3355114267683,
      736.7422888144051,
      921.4058273248871,
      643.2508450686979,
      1263.64030104876,
      984.8364513812912,
      995.432419911109,
      1218.0551302722517,
      851.596438399678
    ],
    "bs_xy": [
      [
        420.46320586469324,
        268.04973797354546
      ],
      [
        88.9105011949497,
        1.6220215023833306
      ],
      [
        433.2094988991201,
        496.9860053594566
      ],
      [
        816.8147920016887,
        950.3063500391454
      ]
    ],
    "speed_mps": 10.0,
    "capacity_kg": 6.0,
    "altitude_m": 100.0
  }
}