{
  "spec": {
    "run_id": "seed8_N10_M3_D2_B10_K10_lo1.0_lt0.0_twA",
    "seed": 8,
    "n_clients": 10,
    "num_uavs": 3,
    "delta_min": 2,
    "bs_count": 10,
    "edge_samples": 10,
    "lambda_out": 1.0,
    "lambda_tw": 0.0,
    "tw_family": "A",
    "tw_mode": "soft"
  },
  "scenario": {
    "depot_xy": [
      500.0,
      500.0
    ],
    "client_xy": [
      [
        395.41616803958556,
        896.3190207778716
      ],
      [
        891.3822015766154,
        107.43355623048923
      ],
      [
        625.1771142871144,
        298.7029891600518
      ],
      [
        2.9196883046032074,
        442.2181223262053
      ],
      [
        361.7871034388626,
        189.14820068835937
      ],
      [
        9.06885774729005,
        191.070394548298
      ],
      [
        422.2282966614538,
        189.86205141268832
      ],
      [
        581.7248608165102,
        561.474381747273
      ],
      [
        752.0542937108477,
        101.57440593509392
      ],
      [
        288.48626734741714,
        791.4871365021698
      ]
    ],
    "delivery": [
      0.0,
      1.5325015307318437,
      1.3957526900273494,
      0.0,
      0.7678090911732147,
      0.0,
      0.9589971692994825,
      0.7985912191340954,
      0.0,
      1.3462857112057798
    ],
    "pickup": [
      1.879316087460279,
      0.0,
      0.0,
      1.0739823315169037,
      0.0,
      1.4956773826718275,
      0.0,
      0.0,
      1.4866074800544562,
      0.0
    ],
    "service_duration_s": [
      60.0,
      60.0,
      60.0,
      60.0,
      60.0,
      60.0,
      60.0,
      60.0,
      60.0,
      60.0
    ],
    "tw_early_s": [
      161.12624717142342,
      146.61581882313322,
      60.54830399868172,
      0.0,
      0.0,
      0.0,
      38.981813814615776,
      147.18228663250898,
      14.016560252923597,
      297.79765956966577
    ],
    "tw_late_s": [
      401.1262471714234,
      386.6158188231332,
      300.5483039986817,
      170.04273989928032,
      154.01935418421465,
      178.0043866925679,
      278.98181381461575,
      387.182286632509,
      254.0165602529236,
      537.7976595696657
    ],
    "bs_xy": [
      [
        378.67882772034164,
        18.99390515004995
      ],
      [
        602.3326601523818,
        558.3324231025352
      ],
      [
        953.4275722831981,
        399.3149712790137
      ],
      [
        305.0721739953268,
        748.6272455120107
      ],
      [
        386.21303435226827,
        553.5293665404924
      ],
      [
        682.7328049109266,
        432.638238013662
      ],
      [
        505.78416725953923,
        89.53562911902557
      ],
      [
        154.88259207868072,
        906.9636412026523
      ],
      [
        706.2110801418552,
        415.74018945465264
      ],
      [
        686.2162483234068,
        505.7280488081425
      ]
    ],
    "speed_mps": 10.0,
    "capacity_kg": 6.0,
    "altitude_m": 100.0
  }
}