{
  "spec": {
    "run_id": "seed1_N10_M3_D10_B7_K10_lo1.0_lt0.0_twA",
    "seed": 1,
    "n_clients": 10,
    "num_uavs": 3,
    "delta_min": 10,
    "bs_count": 7,
    "edge_samples": 10,
    "lambda_out": 1.0,
    "lambda_tw": 0.0,
    "tw_family": "A",
    "tw_mode": "soft"
  },
  "scenario": {
    "depot_xy": [
      500.0,
      500.0
    ],
    "client_xy": [
      [
        410.0242074253465,
        57.453516739898625
      ],
      [
        291.5345898933152,
        386.28313985967253
      ],
      [
        876.8587829496936,
        862.74076786932
      ],
      [
        880.9813644104092,
        979.4861233428876
      ],
      [
        265.78853079583433,
        492.1119019955096
      ],
      [
        418.94237338539233,
        41.012234387212466
      ],
      [
        75.6141158425021,
        326.327299639403
      ],
      [
        621.6153053935387,
        660.3462443682201
      ],
      [
        262.88510424388977,
        318.62921407547526
      ],
      [
        518.075218374616,
        790.4030146015883
      ]
    ],
    "delivery": [
      0.0,
      1.3174179273656494,
      0.0,
      0.0,
      0.0,
      0.0,
      0.0,
      1.9002694662198154,
      0.0,
      0.0
    ],
    "pickup": [
      0.8542667193282891,
      0.0,
      0.9228018986245293,
      0.5200244043206961,
      0.5156094872047206,
      1.5143893298772784,
      1.927450789858225,
      0.0,
      1.942034590892328,
      1.9438596482365842
    ],
    "service_duration_s": [
      60.0,
      60.0,
      60.0,
      60.0,
      60.0,
      60.0,
      60.0,
      60.0,
      60.0,
      60.0
    ],
    "tw_early_s": [
      0.0,
      0.0,
      0.0,
      0.0,
      0.0,
      0.0,
      0.0,
      0.0,
      0.0,
      0.0
    ],
    "tw_late_s": [
      748.7643072864242,
      623.7464421526937,
      842.8229855357281,
      912.2990730105305,
      623.4344264698119,
      720.5492601779669,
      645.8547255495748,
      845.7145065358172,
      700.7851246960224,
      939.4233129600862
    ],
    "bs_xy": [
      [
        429.6317249171694,
        531.8378590864683
      ],
      [
        368.62358775612023,
        485.6467562206306
      ],
      [
        365.56119410111944,
        911.6090300199767
      ],
      [
        895.9892231234992,
        230.36182028073026
      ],
      [
        171.9981638794057,
        156.20259750530874
      ],
      [
        514.8365657720731,
        418.3918787724971
      ],
      [
        141.54939395149103,
        412.25028797062635
      ]
    ],
    "speed_mps": 10.0,
    "capacity_kg": 6.0,
    "altitude_m": 100.0
  }
}