{
  "spec": {
    "run_id": "seed6_N40_M3_D5_B10_K10_lo0.5_lt1.0_twA",
    "seed": 6,
    "n_clients": 40,
    "num_uavs": 3,
    "delta_min": 5,
    "bs_count": 10,
    "edge_samples": 10,
    "lambda_out": 0.5,
    "lambda_tw": 1.0,
    "tw_family": "A",
    "tw_mode": "soft"
  },
  "scenario": {
    "depot_xy": [
      500.0,
      500.0
    ],
    "client_xy": [
      [
        411.08406611746904,
        873.9407605066946
      ],
      [
        320.5188842339971,
        169.07174325275608
      ],
      [
        506.4543251571969,
        907.0287732088792
      ],
      [
        229.65727183274953,
        117.07976314643676
      ],
      [
        735.5247060371399,
        669.295479149934
      ],
      [
        234.9500702774937,
        989.5683384861114
      ],
      [
        672.2661517693974,
        912.9681316726516
      ],
      [
        5.86050687579176,
        967.922602716417
      ],
      [
        957.048895092052,
        347.8524639103141
      ],
      [
        912.6516323902656,
        542.6045665893479
      ],
      [
        955.8346247806996,
        803.8452706644389
      ],
      [
        643.2163399722574,
        962.4120829865539
      ],
      [
        181.1817802171285,
        337.4455970823309
      ],
      [
        491.10696411638145,
        352.03077639362
      ],
      [
        376.95585052954715,
        521.030546354625
      ],
      [
        459.2241621931098,
        802.4269881697301
      ],
      [
        903.4760130083773,
        92.26243941603651
      ],
      [
        883.1327737750161,
        362.72352297677793
      ],
      [
        142.22708960877395,
        816.9754324450178
      ],
      [
        297.02981319247704,
        238.9958358929648
      ],
      [
        189.8143280541754,
        670.8656235108272
      ],
      [
        458.1616205067075,
        231.61305592962955
      ],
      [
        148.71970799513457,
        316.52626108871175
      ],
      [
        833.9181301715547,
        367.2068456444274
      ],
      [
        109.46635538093507,
        968.1232557204539
      ],
      [
        772.2340810723066,
        836.0863809275097
      ],
      [
        247.1428066923952,
        355.2534938389327
      ],
      [
        210.4858150144937,
        5.576725379744296
      ],
      [
        256.4198568862764,
        877.7468462550662
      ],
      [
        801.8231175097095,
        819.889795988718
      ],
      [
        164.21094193424847,
        245.2021358921167
      ],
      [
        272.74597860092376,
        409.63090489084817
      ],
      [
        487.7032839838459,
        746.1691357559222
      ],
      [
        367.3837617281983,
        426.2982775606642
      ],
      [
        679.4149706451398,
        944.2123123954727
      ],
      [
        292.72840337740655,
        102.33005276156825
      ],
      [
        894.247948448509,
        299.93692365091937
      ],
      [
        710.1677277803915,
        252.11500164616774
      ],
      [
        919.6272039155365,
        303.475050934379
      ],
      [
        480.9114087069244,
        575.9862396975988
      ]
    ],
    "delivery": [
      1.1477376066326315,
      1.2053060168834187,
      1.8505219582447106,
      1.8395396607871373,
      0.8226471042469184,
      1.6089051158277854,
      1.7161726818158503,
      0.0,
      0.0,
      0.0,
      0.0,
      1.091014489369743,
      0.0,
      1.2645550906736838,
      1.8808845491106523,
      0.9103871641176775,
      0.0,
      1.8847505236928412,
      0.0,
      0.0,
      1.7653281155637708,
      0.0,
      1.145317981391584,
      1.795249842377408,
      1.4096582133545728,
      0.0,
      0.0,
      0.0,
      0.0,
      0.0,
      1.2913419829664918,
      0.0,
      1.6975208655583711,
      1.5810782448262155,
      0.0,
      0.0,
      0.0,
      0.0,
      0.7555786161748542,
      1.0973759779078185
    ],
    "pickup": [
      0.0,
      0.0,
      0.0,
      0.0,
      0.0,
      0.0,
      0.0,
      0.8351949975951783,
      1.0369184388340549,
      1.8869952975707889,
      1.2027345034368626,
      0.0,
      1.4417126187777836,
      0.0,
      0.0,
      0.0,
      1.7002026461850859,
      0.0,
      0.5807730739240791,
      1.8681780049572079,
      0.0,
      0.7956617754738428,
      0.0,
      0.0,
      0.0,
      1.4669628228933074,
      1.3181633702085878,
      1.143582252257061,
      1.0519029532589013,
      0.9182158487762448,
      0.0,
      1.7512252448677021,
      0.0,
      0.0,
      0.6421949636612438,
      1.6233987862097836,
      1.9494409263292463,
      1.9687581265009562,
      0.0,
      0.0
    ],
    "service_duration_s": [
      60.0,
      60.0,
      60.0,
      60.0,
      60.0,
      60.0,
      60.0,
      60.0,
      60.0,
      60.0,
      60.0,
      60.0,
      60.0,
      60.0,
      60.0,
      60.0,
      60.0,
      60.0,
      60.0,
      60.0,
      60.0,
      60.0,
      60.0,
      60.0,
      60.0,
      60.0,
      60.0,
      60.0,
      60.0,
      60.0,
      60.0,
      60.0,
      60.0,
      60.0,
      60.0,
      60.0,
      60.0,
      60.0,
      60.0,
      60.0
    ],
    "tw_early_s": [
      535.5987693460238,
      0.0,
      465.50406633212356,
      0.0,
      303.73726089444904,
      628.4870106564781,
      388.9122497277141,
      711.4980006257501,
      204.6990003821292,
      259.11362508765717,
      298.19776059853643,
      454.8952615029888,
      0.0,
      26.46492479917805,
      829.5862321464954,
      539.2772942417621,
      91.5271127502296,
      193.4904954817046,
      684.0055415426726,
      0.0,
      795.8230443390355,
      0.0,
      0.0,
      179.8877766319203,
      705.0305295635948,
      376.8387500682543,
      0.0,
      0.0,
      611.0698727022276,
      348.9749810772453,
      0.0,
      0.0,
      513.9854656068313,
      0.0,
      426.4219987319982,
      0.0,
      127.11420803293936,
      57.32761768592343,
      138.89405615074577,
      591.0173027598149
    ],
    "tw_late_s": [
      1135.5987693460238,
      541.4500690518829,
      1065.5040663321236,
      486.5004604196663,
      903.737260894449,
      1228.487010656478,
      988.9122497277141,
      1311.4980006257501,
      804.6990003821293,
      859.1136250876572,
      898.1977605985364,
      1054.895261502989,
      335.78672815073196,
      626.4649247991781,
      1429.5862321464954,
      1139.277294241762,
      691.5271127502297,
      793.4904954817046,
      1284.0055415426727,
      474.0736775289565,
      1395.8230443390355,
      584.866261655136,
      339.63085369016306,
      779.8877766319204,
      1305.0305295635949,
      976.8387500682543,
      402.6189885384548,
      491.3348245617643,
      1211.0698727022277,
      948.9749810772453,
      406.92955848212165,
      324.4562800918085,
      1113.9854656068314,
      394.06570843430603,
      1026.4219987319982,
      552.9777450287913,
      727.1142080329394,
      657.3276176859234,
      738.8940561507458,
      1191.0173027598148
    ],
    "bs_xy": [
      [
        115.26542829817632,
        567.6028006510027
      ],
      [
        687.8616549107481,
        55.888578755811324
      ],
      [
        514.1464448919643,
        516.8082398439386
      ],
      [
        338.69763224265125,
        232.6376434350016
      ],
      [
        369.30541404468477,
        721.2993316207665
      ],
      [
        552.7242123295501,
        801.217621725281
      ],
      [
        1.5922508399646151,
        3.9261956596361447
      ],
      [
        711.8246071941769,
        35.677274865439145
      ],
      [
        305.06549269650696,
        482.8627561790414
      ],
      [
        334.82561025808053,
        496.1516289344016
      ]
    ],
    "speed_mps": 10.0,
    "capacity_kg": 6.0,
    "altitude_m": 100.0
  }
}