{
  "spec": {
    "run_id": "seed9_N40_M3_D5_B10_K10_lo1.0_lt5.0_twA",
    "seed": 9,
    "n_clients": 40,
    "num_uavs": 3,
    "delta_min": 5,
    "bs_count": 10,
    "edge_samples": 10,
    "lambda_out": 1.0,
    "lambda_tw": 5.0,
    "tw_family": "A",
    "tw_mode": "soft"
  },
  "scenario": {
    "depot_xy": [
      500.0,
      500.0
    ],
    "client_xy": [
      [
        625.6655535091409,
        67.60821536808292
      ],
      [
        61.163216632757475,
        389.083000212825
      ],
      [
        360.3042937013017,
        200.72944346749622
      ],
      [
        905.693636498582,
        924.1661662039628
      ],
      [
        587.2627528702953,
        191.707099491948
      ],
      [
        102.25201653540039,
        485.38459385735734
      ],
      [
        130.9258180093179,
        179.4791120368927
      ],
      [
        333.731011034754,
        917.9898889697026
      ],
      [
        911.5301773732195,
        133.2970453442933
      ],
      [
        280.35747903742123,
        157.24074020567014
      ],
      [
        471.5027829101859,
        420.7156610499274
      ],
      [
        761.1503316846685,
        790.260832049629
      ],
      [
        669.8711652413004,
        102.77576959920454
      ],
      [
        742.8830571881103,
        153.97938416823865
      ],
      [
        764.3669738603753,
        592.154852342442
      ],
      [
        348.86110171002105,
        295.87615797198896
      ],
      [
        299.8324596972043,
        507.5035938299447
      ],
      [
        47.46125296065507,
        743.9076272957019
      ],
      [
        278.11093781962103,
        210.47794332366655
      ],
      [
        783.0531434132079,
        364.9255228833292
      ],
      [
        854.1600840118032,
        277.7418668239848
      ],
      [
        177.72270875294117,
        541.9978726353387
      ],
      [
        149.96292761129547,
        771.4415118661826
      ],
      [
        181.79707646682996,
        39.37365523333525
      ],
      [
        407.2992926020843,
        57.63520614257567
      ],
      [
        840.0473615190197,
        923.8814773647698
      ],
      [
        950.3297294178552,
        488.0602281641719
      ],
      [
        296.7315735200878,
        49.92960989684758
      ],
      [
        66.07031744551806,
        52.263963177399454
      ],
      [
        475.2507988045457,
        473.83625356848927
      ],
      [
        559.9255784638545,
        483.67831728272614
      ],
      [
        973.8039115407922,
        332.4872821538355
      ],
      [
        735.6009631564018,
        781.1887983512231
      ],
      [
        517.8187247525088,
        157.69646433168018
      ],
      [
        72.38951262560245,
        7.391694910786728
      ],
      [
        234.64566488177385,
        518.2658368756233
      ],
      [
        498.4052389492973,
        511.6064986301739
      ],
      [
        698.5523839747495,
        63.66831608971868
      ],
      [
        68.00423420423662,
        406.99983210883937
      ],
      [
        985.0896838999695,
        850.9632881057693
      ]
    ],
    "delivery": [
      0.0,
      1.3557829441993088,
      0.0,
      0.0,
      1.1753244562538994,
      1.3737404522462586,
      0.0,
      1.2391659851954158,
      0.0,
      0.0,
      0.0,
      1.1015922832309553,
      1.0457308664753873,
      0.0,
      1.010588492598555,
      0.0,
      0.0,
      0.8575415723007727,
      0.0,
      0.5583523317198461,
      0.0,
      0.0,
      0.981701488633816,
      1.918324165456603,
      1.7155118494774617,
      0.0,
      0.0,
      0.0,
      0.9595668144917203,
      0.0,
      0.0,
      1.5686247229152097,
      1.633451928628714,
      0.8427141687255074,
      1.2603032836877528,
      0.0,
      0.0,
      0.0,
      0.7144492336977287,
      1.805234007750827
    ],
    "pickup": [
      0.8164584498002656,
      0.0,
      1.8963166394463415,
      1.2027399457293693,
      0.0,
      0.0,
      0.95053844579826,
      0.0,
      0.6804136454875893,
      0.7985021256589777,
      0.5784712834498006,
      0.0,
      0.0,
      0.9559036833197926,
      0.0,
      0.9167958601109116,
      0.6163521560908454,
      0.0,
      0.57216207010508,
      0.0,
      1.4031139332727265,
      1.542606671532007,
      0.0,
      0.0,
      0.0,
      0.6568442109868147,
      1.597220876078722,
      1.2653647310053417,
      0.0,
      1.8036926787362006,
      1.290725846521387,
      0.0,
      0.0,
      0.0,
      0.0,
      1.8784006418904398,
      1.6422249012390322,
      0.8946877551538045,
      0.0,
      0.0
    ],
    "service_duration_s": [
      60.0,
      60.0,
      60.0,
      60.0,
      60.0,
      60.0,
      60.0,
      60.0,
      60.0,
      60.0,
      60.0,
      60.0,
      60.0,
      60.0,
      60.0,
      60.0,
      60.0,
      60.0,
      60.0,
      60.0,
      60.0,
      60.0,
      60.0,
      60.0,
      60.0,
      60.0,
      60.0,
      60.0,
      60.0,
      60.0,
      60.0,
      60.0,
      60.0,
      60.0,
      60.0,
      60.0,
      60.0,
      60.0,
      60.0,
      60.0
    ],
    "tw_early_s": [
      155.8624449075444,
      0.0,
      0.0,
      496.505789204631,
      169.65918895875848,
      0.0,
      0.0,
      733.5449604151479,
      296.76374658034035,
      0.0,
      83.99885148786376,
      550.8070524368127,
      212.4058676871192,
      230.4226378899997,
      470.99384321098785,
      0.0,
      854.4125197916874,
      759.8324542873333,
      0.0,
      311.89632161360385,
      333.0889612270819,
      834.2522799938224,
      693.7425711572222,
      0.0,
      74.0030568064239,
      563.0704784329399,
      392.66736199919126,
      51.643794899700424,
      0.0,
      0.0,
      429.00327117208724,
      377.6335257855487,
      631.0933412690351,
      136.2391650646005,
      0.0,
      780.4388421325002,
      649.1062980285942,
      246.62365536548305,
      0.0,
      545.1871448676394
    ],
    "tw_late_s": [
      755.8624449075444,
      345.26370546894015,
      598.9416854620591,
      1096.5057892046311,
      769.6591889587585,
      339.8016417308218,
      430.52628179360795,
      1333.544960415148,
      896.7637465803404,
      591.4480356599157,
      683.9988514878637,
      1150.8070524368127,
      812.4058676871192,
      830.4226378899997,
      1070.993843210988,
      529.3584480529428,
      1454.4125197916874,
      1359.8324542873333,
      526.1195773995273,
      911.8963216136038,
      933.0889612270819,
      1434.2522799938224,
      1293.7425711572223,
      580.1019723435599,
      674.003056806424,
      1163.07047843294,
      992.6673619991913,
      651.6437948997004,
      439.6634083264439,
      447.53090784421533,
      1029.0032711720874,
      977.6335257855487,
      1231.0933412690351,
      736.2391650646005,
      508.7033492636676,
      1380.4388421325002,
      1249.1062980285942,
      846.623655365483,
      344.18929427963883,
      1145.1871448676393
    ],
    "bs_xy": [
      [
        256.7090861875604,
        299.3920712398148
      ],
      [
        261.2157787215782,
        752.7130202493813
      ],
      [
        39.14467531301402,
        413.0042057264226
      ],
      [
        687.2019026838793,
        975.5471468564813
      ],
      [
        936.8493922742231,
        840.569613216493
      ],
      [
        782.1320140270709,
        128.26400899043156
      ],
      [
        381.2977524538623,
        258.1706168474176
      ],
      [
        356.7451721321037,
        546.8594499842502
      ],
      [
        339.3253778967659,
        84.06213551144882
      ],
      [
        640.7714262470229,
        327.4302824719093
      ]
    ],
    "speed_mps": 10.0,
    "capacity_kg": 6.0,
    "altitude_m": 100.0
  }
}