{
  "spec": {
    "run_id": "seed4_N20_M3_D2_B10_K10_lo0.0_lt1.0_twA",
    "seed": 4,
    "n_clients": 20,
    "num_uavs": 3,
    "delta_min": 2,
    "bs_count": 10,
    "edge_samples": 10,
    "lambda_out": 0.0,
    "lambda_tw": 1.0,
    "tw_family": "A",
    "tw_mode": "soft"
  },
  "scenario": {
    "depot_xy": [
      500.0,
      500.0
    ],
    "client_xy": [
      [
        947.2064447957705,
        321.8674177454901
      ],
      [
        457.98574532873806,
        500.7538375007509
      ],
      [
        3.2257335567960066,
        507.9093247199641
      ],
      [
        734.4467427062361,
        595.6681445160067
      ],
      [
        52.12508897508472,
        495.99008588897607
      ],
      [
        250.2969958378297,
        31.739280757562938
      ],
      [
        759.6378065195288,
        996.7316917168052
      ],
      [
        394.44713631249294,
        736.8349659230789
      ],
      [
        796.3951132297937,
        360.4952855071142
      ],
      [
        960.8199731715569,
        773.8840177985038
      ],
      [
        823.782528130654,
        833.9568622517708
      ],
      [
        667.8271638345009,
        611.0491539267297
      ],
      [
        949.9975228154846,
        449.0996052071629
      ],
      [
        212.0325773126287,
        817.9347235145458
      ],
      [
        259.3431281374422,
        684.2431197332697
      ],
      [
        206.8650366130369,
        304.39797057518183
      ],
      [
        170.77441556541606,
        605.2745658906651
      ],
      [
        711.1923415368036,
        912.1276410123226
      ],
      [
        706.8546280069462,
        236.02713497702055
      ],
      [
        966.2612922964768,
        27.63859128090751
      ]
    ],
    "delivery": [
      0.0,
      0.0,
      1.6911896239765019,
      0.0,
      1.0561016510203316,
      0.0,
      1.2140330175419476,
      0.0,
      0.0,
      0.0,
      1.5250716794144594,
      1.3209517699862843,
      0.0,
      1.6890375099449022,
      0.0,
      0.0,
      0.0,
      0.0,
      0.0,
      1.8456269206580886
    ],
    "pickup": [
      0.9347219647712159,
      1.6312621157869163,
      0.0,
      0.9682311555754862,
      0.0,
      0.8814849222462464,
      0.0,
      1.2933301162875446,
      1.5308156274904081,
      1.8922637357980614,
      0.0,
      0.0,
      0.6030472810187025,
      0.0,
      1.166258170564352,
      0.7353407852796219,
      0.7260396482403626,
      1.5315807254384524,
      1.8153463450195984,
      0.0
    ],
    "service_duration_s": [
      60.0,
      60.0,
      60.0,
      60.0,
      60.0,
      60.0,
      60.0,
      60.0,
      60.0,
      60.0,
      60.0,
      60.0,
      60.0,
      60.0,
      60.0,
      60.0,
      60.0,
      60.0,
      60.0,
      60.0
    ],
    "tw_early_s": [
      140.75646607497583,
      553.7435633977332,
      542.8974690571526,
      141.1293191683967,
      0.0,
      0.0,
      336.0011714329088,
      330.5961291603195,
      56.80980555793559,
      245.97862158290405,
      226.57777600914687,
      250.77771977194527,
      158.24346585120372,
      453.6067130841303,
      451.8024972657886,
      0.0,
      416.5456233486632,
      341.19626576331405,
      55.23440699278984,
      56.06599598191474
    ],
    "tw_late_s": [
      380.75646607497583,
      793.7435633977332,
      782.8974690571526,
      381.1293191683967,
      164.7892861448755,
      173.0678519890392,
      576.0011714329088,
      570.5961291603195,
      296.8098055579356,
      485.97862158290405,
      466.5777760091469,
      490.77771977194527,
      398.2434658512037,
      693.6067130841303,
      691.8024972657886,
      155.2403548045396,
      656.5456233486632,
      581.196265763314,
      295.23440699278984,
      296.06599598191474
    ],
    "bs_xy": [
      [
        319.48418560150617,
        629.2661581277084
      ],
      [
        309.66077432322135,
        23.466075349651838
      ],
      [
        523.642374130174,
        953.3579315154043
      ],
      [
        55.778876725379064,
        920.3762329383538
      ],
      [
        523.9416946189597,
        647.6065749683032
      ],
      [
        739.5038760833435,
        641.3428581892504
      ],
      [
        897.6422218322832,
        335.8181403459391
      ],
      [
        815.3986057271433,
        523.9315973923024
      ],
      [
        88.04164289753413,
        400.78385677823326
      ],
      [
        296.4495768883367,
        973.9153769415951
      ]
    ],
    "speed_mps": 10.0,
    "capacity_kg": 6.0,
    "altitude_m": 100.0
  }
}