{
  "spec": {
    "run_id": "seed7_N10_M3_D5_B10_K10_lo1.0_lt0.0_twA",
    "seed": 7,
    "n_clients": 10,
    "num_uavs": 3,
    "delta_min": 5,
    "bs_count": 10,
    "edge_samples": 10,
    "lambda_out": 1.0,
    "lambda_tw": 0.0,
    "tw_family": "A",
    "tw_mode": "soft"
  },
  "scenario": {
    "depot_xy": [
      500.0,
      500.0
    ],
    "client_xy": [
      [
        444.02328061715633,
        396.80465928586364
      ],
      [
        702.8434246712944,
        968.7126367308341
      ],
      [
        227.9339549483278,
        820.3097933205611
      ],
      [
        144.31886904547252,
        883.9879334852649
      ],
      [
        810.1377790990085,
        380.26607661124115
      ],
      [
        830.2539827674796,
        239.08343547333345
      ],
      [
        423.63594583076537,
        98.64347063044787
      ],
      [
        298.6783961443675,
        276.6373235114348
      ],
      [
        262.49844896600206,
        124.02254289754222
      ],
      [
        270.5740761937491,
        56.042975659824194
      ]
    ],
    "delivery": [
      0.0,
      1.2169219161226392,
      0.0,
      0.0,
      1.58732234564506,
      0.0,
      0.0,
      0.0,
      1.9381046011903909,
      0.0
    ],
    "pickup": [
      1.3513744489879764,
      0.0,
      0.7528937915013146,
      0.6834950511282845,
      0.0,
      1.7387565526220685,
      1.9805303681156987,
      1.6862955543710614,
      0.0,
      0.6623268146883194
    ],
    "service_duration_s": [
      60.0,
      60.0,
      60.0,
      60.0,
      60.0,
      60.0,
      60.0,
      60.0,
      60.0,
      60.0
    ],
    "tw_early_s": [
      0.0,
      0.0,
      0.0,
      78.74578528001007,
      0.0,
      0.0,
      0.0,
      0.0,
      0.0,
      0.0
    ],
    "tw_late_s": [
      311.7399622903876,
      572.1603634214592,
      557.1619370868611,
      678.7457852800101,
      535.2562332344103,
      413.45927912617174,
      420.7832782173937,
      330.0701302669509,
      344.47089328907003,
      412.3078727566831
    ],
    "bs_xy": [
      [
        779.0133821952016,
        240.66079720145507
      ],
      [
        839.6604573812292,
        141.58340430155448
      ],
      [
        12.243245549899196,
        530.281028954799
      ],
      [
        312.1435086794311,
        837.0488643436498
      ],
      [
        596.0836073683904,
        988.5666361423401
      ],
      [
        93.67236623715003,
        66.46567309732332
      ],
      [
        100.36479344048065,
        541.9244054793519
      ],
      [
        526.3622825829148,
        779.6727050870053
      ],
      [
        561.1433098621754,
        467.4255789224013
      ],
      [
        545.4559329343258,
        717.3867800256705
      ]
    ],
    "speed_mps": 10.0,
    "capacity_kg": 6.0,
    "altitude_m": 100.0
  }
}