{
  "spec": {
    "run_id": "seed6_N40_M3_D10_B7_K10_lo0.5_lt5.0_twA",
    "seed": 6,
    "n_clients": 40,
    "num_uavs": 3,
    "delta_min": 10,
    "bs_count": 7,
    "edge_samples": 10,
    "lambda_out": 0.5,
    "lambda_tw": 5.0,
    "tw_family": "A",
    "tw_mode": "soft"
  },
  "scenario": {
    "depot_xy": [
      500.0,
      500.0
    ],
    "client_xy": [
      [
        378.491013720598,
        999.661734564253
      ],
      [
        332.2589599257844,
        759.7915808938731
      ],
      [
        744.5073669897631,
        137.79126086352966
      ],
      [
        982.181787268743,
        497.36297934854514
      ],
      [
        545.4668798797418,
        277.07176774553756
      ],
      [
        849.176447292613,
        235.19133243089118
      ],
      [
        949.301295016822,
        387.0691614021953
      ],
      [
        414.5769733862279,
        394.97497942974445
      ],
      [
        418.9164987985119,
        558.2596034102588
      ],
      [
        787.2419688799824,
        76.80407733505423
      ],
      [
        166.05368564092493,
        40.840681342284135
      ],
      [
        506.310177764426,
        252.64861971513054
      ],
      [
        518.8769036836843,
        864.7379830841871
      ],
      [
        739.0016095363266,
        637.984011426206
      ],
      [
        963.040469770407,
        583.607820521138
      ],
      [
        896.8058717344032,
        859.8050273739228
      ],
      [
        308.0880554267186,
        920.1546928331176
      ],
      [
        530.6092727615605,
        556.7177668699982
      ],
      [
        450.4149358705679,
        802.8650741699579
      ],
      [
        12.113445511170662,
        41.4083006351077
      ],
      [
        65.82669360965599,
        218.23253045535552
      ],
      [
        660.0593073115391,
        685.7719921670334
      ],
      [
        560.5138019261252,
        882.8845206080275
      ],
      [
        336.5794039590858,
        708.2235038114917
      ],
      [
        96.5029999045205,
        126.54004381026563
      ],
      [
        48.76003585053235,
        79.56499447475906
      ],
      [
        34.24187766844711,
        842.4766580224788
      ],
      [
        741.9881798779555,
        615.7001097308156
      ],
      [
        546.1310449943312,
        315.45396961745644
      ],
      [
        408.2291850134121,
        985.2989783995062
      ],
      [
        901.6678337804245,
        48.597682841572286
      ],
      [
        436.4514928842527,
        810.9087890741304
      ],
      [
        649.3324662006552,
        969.6479860795766
      ],
      [
        636.8113460749881,
        585.278640313859
      ],
      [
        690.9425604164255,
        258.3176243696539
      ],
      [
        747.6421842884176,
        429.5305693575702
      ],
      [
        191.2178069544621,
        341.52415438143527
      ],
      [
        158.70330189780378,
        155.59395761337146
      ],
      [
        974.1197709961598,
        771.1312057105431
      ],
      [
        498.1182363986647,
        412.92447150794067
      ]
    ],
    "delivery": [
      1.513823343779792,
      1.1705131474703485,
      0.0,
      0.0,
      0.6501777515163024,
      0.0,
      0.960119558832701,
      0.0,
      0.9916835927915884,
      1.9902502976938654,
      0.9009904215921385,
      0.0,
      0.0,
      0.9535860791991849,
      1.581870752939891,
      0.8743757037044453,
      0.0,
      1.3870666279133177,
      1.0920072776333196,
      1.6505220485517975,
      1.9672627344884477,
      0.0,
      0.8091196351664617,
      1.0990594048781457,
      0.0,
      0.0,
      0.5619212804815618,
      0.0,
      0.0,
      0.0,
      1.7967168385574004,
      1.9519950254548166,
      0.0,
      1.0880515464988456,
      0.0,
      1.8012890042561238,
      0.0,
      0.0,
      0.0,
      1.2606628307415737
    ],
    "pickup": [
      0.0,
      0.0,
      1.5139030109442628,
      1.4365385649105988,
      0.0,
      1.469080200796869,
      0.0,
      1.6766196868703356,
      0.0,
      0.0,
      0.0,
      1.8647724903856706,
      1.3803856801234549,
      0.0,
      0.0,
      0.0,
      1.2993428036619292,
      0.0,
      0.0,
      0.0,
      0.0,
      1.2480355249925237,
      0.0,
      0.0,
      0.8692986400753906,
      1.3972192993523693,
      0.0,
      0.5324676905002703,
      0.5298278898559211,
      1.6962356419717297,
      0.0,
      0.0,
      1.0279377570527308,
      0.0,
      1.5622779951423225,
      0.0,
      1.9131536076636797,
      0.7934073501816907,
      1.5648661211911123,
      0.0
    ],
    "service_duration_s": [
      60.0,
      60.0,
      60.0,
      60.0,
      60.0,
      60.0,
      60.0,
      60.0,
      60.0,
      60.0,
      60.0,
      60.0,
      60.0,
      60.0,
      60.0,
      60.0,
      60.0,
      60.0,
      60.0,
      60.0,
      60.0,
      60.0,
      60.0,
      60.0,
      60.0,
      60.0,
      60.0,
      60.0,
      60.0,
      60.0,
      60.0,
      60.0,
      60.0,
      60.0,
      60.0,
      60.0,
      60.0,
      60.0,
      60.0,
      60.0
    ],
    "tw_early_s": [
      381.26724916803687,
      433.5401458346673,
      0.0,
      0.0,
      0.0,
      0.0,
      0.0,
      0.0,
      515.4774809034341,
      0.0,
      0.0,
      0.0,
      292.0899638379209,
      18.4452082485451,
      0.0,
      127.28032915958352,
      320.05395086567034,
      201.26560624837566,
      300.3144507583297,
      0.0,
      0.0,
      87.67319729482995,
      169.75546540995776,
      470.7108945566604,
      0.0,
      0.0,
      408.51894799633203,
      59.31925473047386,
      0.0,
      248.10739329587057,
      0.0,
      361.9345209499637,
      214.35588308257513,
      130.26805930919556,
      0.0,
      0.0,
      0.0,
      0.0,
      55.515769810655115,
      0.0
    ],
    "tw_late_s": [
      1581.2672491680369,
      1633.5401458346673,
      996.2051715310486,
      1168.1270791023037,
      910.3278256534843,
      1078.72905316353,
      1168.4565202044755,
      832.8281274664039,
      1715.477480903434,
      1001.722465559593,
      805.6333631166372,
      909.760868961834,
      1492.089963837921,
      1218.445208248545,
      1135.3908852195923,
      1327.2803291595835,
      1520.0539508656702,
      1401.2656062483757,
      1500.3144507583297,
      730.2392344557262,
      651.7589960176505,
      1287.67319729483,
      1369.7554654099577,
      1670.7108945566604,
      654.980193521239,
      724.5264204161041,
      1608.518947996332,
      1259.3192547304739,
      895.3043469498048,
      1448.1073932958707,
      1074.2758402187915,
      1561.9345209499638,
      1414.355883082575,
      1330.2680593091955,
      970.8719212461167,
      1048.9076413256314,
      634.7074972284852,
      721.8453282433942,
      1255.515769810655,
      824.4389300097941
    ],
    "bs_xy": [
      [
        732.4521552442645,
        619.245447922933
      ],
      [
        1.4318087891467268,
        618.1061326082065
      ],
      [
        808.8416043875471,
        798.403714936832
      ],
      [
        12.701973846546366,
        215.89253249117223
      ],
      [
        88.90399714028108,
        979.2247282471307
      ],
      [
        688.8599523223731,
        220.1622571241183
      ],
      [
        387.97285352157394,
        803.7618867484745
      ]
    ],
    "speed_mps": 10.0,
    "capacity_kg": 6.0,
    "altitude_m": 100.0
  }
}