{
  "spec": {
    "run_id": "seed6_N20_M3_D2_B7_K10_lo1.0_lt5.0_twA",
    "seed": 6,
    "n_clients": 20,
    "num_uavs": 3,
    "delta_min": 2,
    "bs_count": 7,
    "edge_samples": 10,
    "lambda_out": 1.0,
    "lambda_tw": 5.0,
    "tw_family": "A",
    "tw_mode": "soft"
  },
  "scenario": {
    "depot_xy": [
      500.0,
      500.0
    ],
    "client_xy": [
      [
        0.024250194400998737,
        842.9990714958533
      ],
      [
        692.3611392031145,
        919.4809020868344
      ],
      [
        861.5375938351929,
        363.60532392586833
      ],
      [
        467.5159041525928,
        702.6330492878989
      ],
      [
        551.2776846726316,
        680.7742235764863
      ],
      [
        75.04017645923821,
        356.6372965819343
      ],
      [
        178.28939936019052,
        725.224903369883
      ],
      [
        355.5816538942611,
        908.480121374869
      ],
      [
        255.240780150779,
        645.5821356478526
      ],
      [
        984.236624058874,
        703.8496381695335
      ],
      [
        86.86143637848087,
        950.4204478277229
      ],
      [
        422.78051541525963,
        247.35793161924923
      ],
      [
        725.5599351904496,
        625.4481213039967
      ],
      [
        152.44443547490417,
        174.29324806245782
      ],
      [
        342.06841944559596,
        537.4038157678767
      ],
      [
        919.3544947981835,
        605.3742299054751
      ],
      [
        433.750175001111,
        20.629904770241737
      ],
      [
        685.8029991546575,
        410.9662004789354
      ],
      [
        713.0329326270071,
        590.0041865762862
      ],
      [
        13.044726170939768,
        573.8747010882373
      ]
    ],
    "delivery": [
      0.0,
      0.0,
      0.8685046129853469,
      1.683829529447394,
      0.0,
      0.0,
      0.0,
      0.0,
      0.0,
      0.0,
      1.1920756307057028,
      1.9337504516921435,
      0.0,
      0.0,
      0.0,
      1.2274248173964113,
      1.5940899763058738,
      0.0,
      0.8519595666516844,
      0.0
    ],
    "pickup": [
      1.3536203645007012,
      1.6595566274848912,
      0.0,
      0.0,
      0.7297717191020585,
      1.8031450339019095,
      1.9836121814628818,
      1.433772794395737,
      0.7107371089857855,
      0.5718646448335769,
      0.0,
      0.0,
      1.9432081454845338,
      1.9454640211252439,
      1.9858017072566498,
      0.0,
      0.0,
      1.094030882090848,
      0.0,
      0.6612947709349584
    ],
    "service_duration_s": [
      60.0,
      60.0,
      60.0,
      60.0,
      60.0,
      60.0,
      60.0,
      60.0,
      60.0,
      60.0,
      60.0,
      60.0,
      60.0,
      60.0,
      60.0,
      60.0,
      60.0,
      60.0,
      60.0,
      60.0
    ],
    "tw_early_s": [
      433.93574766560675,
      244.08616021411626,
      11.807522049738367,
      336.42543533933167,
      177.43166065101212,
      0.0,
      425.43618557873276,
      337.782070782191,
      385.95875013792977,
      147.79729957640023,
      291.1337591139737,
      0.0,
      249.4913983114098,
      0.0,
      510.35612305219684,
      170.00825368600727,
      33.99920940945836,
      45.98302730640455,
      98.88335618461974,
      520.8796634058906
    ],
    "tw_late_s": [
      673.9357476656068,
      484.08616021411626,
      251.80752204973837,
      576.4254353393317,
      417.4316606510121,
      164.84904863596682,
      665.4361855787328,
      577.782070782191,
      625.9587501379298,
      387.79729957640023,
      531.1337591139737,
      146.41796046541762,
      489.4913983114098,
      167.63189673843166,
      750.3561230521968,
      410.00825368600727,
      273.99920940945833,
      285.98302730640455,
      338.88335618461974,
      760.8796634058906
    ],
    "bs_xy": [
      [
        302.9720905384292,
        803.4888166420009
      ],
      [
        636.7441471426479,
        813.6578371462922
      ],
      [
        85.95394089942666,
        161.88054705778154
      ],
      [
        409.2677270050854,
        141.23839404096827
      ],
      [
        644.6539846213113,
        295.5810791588755
      ],
      [
        345.94533039203645,
        658.9585221614407
      ],
      [
        562.9146922917226,
        861.7130578673032
      ]
    ],
    "speed_mps": 10.0,
    "capacity_kg": 6.0,
    "altitude_m": 100.0
  }
}