{
  "spec": {
    "run_id": "seed1_N10_M3_D2_B10_K10_lo0.5_lt0.0_twA",
    "seed": 1,
    "n_clients": 10,
    "num_uavs": 3,
    "delta_min": 2,
    "bs_count": 10,
    "edge_samples": 10,
    "lambda_out": 0.5,
    "lambda_tw": 0.0,
    "tw_family": "A",
    "tw_mode": "soft"
  },
  "scenario": {
    "depot_xy": [
      500.0,
      500.0
    ],
    "client_xy": [
      [
        994.7720039049377,
        795.807525802736
      ],
      [
        696.6454206978602,
        223.63636840129618
      ],
      [
        197.45889283583494,
        737.5943542552365
      ],
      [
        50.67752021187688,
        324.6103220171868
      ],
      [
        885.4696304612781,
        120.7890228178663
      ],
      [
        152.83001215158632,
        28.809781482160624
      ],
      [
        453.07250484306536,
        399.7246274639725
      ],
      [
        179.81309422397672,
        420.85137965939447
      ],
      [
        544.6985873095208,
        497.65674673549665
      ],
      [
        159.43125980364448,
        167.3211440117568
      ]
    ],
    "delivery": [
      1.1661009971110827,
      0.0,
      0.0,
      1.6425334497593003,
      1.3284512682615683,
      0.0,
      0.0,
      0.0,
      0.9371900268334217,
      1.0882768348578988
    ],
    "pickup": [
      0.0,
      0.5987084436397756,
      1.0179349557294455,
      0.0,
      0.0,
      1.2569274998918099,
      1.9005473519310079,
      1.86962222748708,
      0.0,
      0.0
    ],
    "service_duration_s": [
      60.0,
      60.0,
      60.0,
      60.0,
      60.0,
      60.0,
      60.0,
      60.0,
      60.0,
      60.0
    ],
    "tw_early_s": [
      166.14300364474087,
      41.62484395486521,
      298.52014277913435,
      0.0,
      146.1184332723579,
      12.279352078611794,
      29.16860434576438,
      0.0,
      102.5798082339922,
      0.0
    ],
    "tw_late_s": [
      406.1430036447409,
      281.62484395486524,
      538.5201427791344,
      168.23403673609158,
      386.1184332723579,
      252.2793520786118,
      269.1686043457644,
      152.9824436226677,
      342.5798082339922,
      167.60906300491314
    ],
    "bs_xy": [
      [
        315.1406488311065,
        917.0356212488707
      ],
      [
        888.8649894472304,
        745.9893027678994
      ],
      [
        922.7420394819864,
        288.07941543774785
      ],
      [
        286.3097886511962,
        362.2624507823885
      ],
      [
        549.4247922240108,
        204.11660664539988
      ],
      [
        197.66075372072189,
        272.31580393369313
      ],
      [
        752.5794363212019,
        667.1254545780902
      ],
      [
        154.38093713693334,
        12.260904476488864
      ],
      [
        593.5754527950565,
        20.275378743821015
      ],
      [
        523.47948549374,
        363.5402720732065
      ]
    ],
    "speed_mps": 10.0,
    "capacity_kg": 6.0,
    "altitude_m": 100.0
  }
}