{
  "spec": {
    "run_id": "seed6_N10_M3_D5_B10_K10_lo0.0_lt5.0_twA",
    "seed": 6,
    "n_clients": 10,
    "num_uavs": 3,
    "delta_min": 5,
    "bs_count": 10,
    "edge_samples": 10,
    "lambda_out": 0.0,
    "lambda_tw": 5.0,
    "tw_family": "A",
    "tw_mode": "soft"
  },
  "scenario": {
    "depot_xy": [
      500.0,
      500.0
    ],
    "client_xy": [
      [
        109.9604083057989,
        834.9265373630429
      ],
      [
        476.0938387601544,
        371.2332605943914
      ],
      [
        639.1424143759194,
        491.90136077427127
      ],
      [
        714.879025688088,
        581.2072275216341
      ],
      [
        914.5326650909248,
        365.8640800597778
      ],
      [
        812.1323252471839,
        865.921244982287
      ],
      [
        227.95322539509976,
        780.8818225794286
      ],
      [
        187.94970336433403,
        857.957202227459
      ],
      [
        906.5622967042339,
        102.50650171649478
      ],
      [
        498.889812098387,
        825.683596649007
      ]
    ],
    "delivery": [
      0.5566110102459476,
      0.0,
      0.6485821979220234,
      0.0,
      1.6287145070698432,
      1.0620800007367204,
      0.0,
      0.0,
      0.0,
      1.4162347723846602
    ],
    "pickup": [
      0.0,
      1.3598517698490453,
      0.0,
      1.7704472300696301,
      0.0,
      0.0,
      0.6777486343577865,
      1.1073050536207614,
      1.845342174990955,
      0.0
    ],
    "service_duration_s": [
      60.0,
      60.0,
      60.0,
      60.0,
      60.0,
      60.0,
      60.0,
      60.0,
      60.0,
      60.0
    ],
    "tw_early_s": [
      0.0,
      0.0,
      0.0,
      0.0,
      0.0,
      0.0,
      0.0,
      0.0,
      0.0,
      0.0
    ],
    "tw_late_s": [
      588.4901773708607,
      313.0967086408675,
      393.38109386974526,
      468.4241347188581,
      343.56945896446206,
      454.6128716433231,
      573.6464996926479,
      587.9426242178571,
      356.85894672600614,
      489.58625557787155
    ],
    "bs_xy": [
      [
        839.9572548782692,
        473.37652293589593
      ],
      [
        504.55338262592073,
        1.316065135890887
      ],
      [
        531.5470357667388,
        762.9224363628527
      ],
      [
        368.4096437710266,
        24.64859406337694
      ],
      [
        602.5263846118835,
        437.4178062629858
      ],
      [
        659.8406293424217,
        3.8275567426174772
      ],
      [
        972.4779292160435,
        2.982871542976495
      ],
      [
        56.01056439343011,
        950.3375531841599
      ],
      [
        399.8939413964231,
        909.7809867376383
      ],
      [
        880.4679419697926,
        443.5538041666902
      ]
    ],
    "speed_mps": 10.0,
    "capacity_kg": 6.0,
    "altitude_m": 100.0
  }
}