{
  "spec": {
    "run_id": "seed6_N10_M3_D2_B10_K10_lo0.0_lt5.0_twA",
    "seed": 6,
    "n_clients": 10,
    "num_uavs": 3,
    "delta_min": 2,
    "bs_count": 10,
    "edge_samples": 10,
    "lambda_out": 0.0,
    "lambda_tw": 5.0,
    "tw_family": "A",
    "tw_mode": "soft"
  },
  "scenario": {
    "depot_xy": [
      500.0,
      500.0
    ],
    "client_xy": [
      [
        784.5597277713837,
        46.9244769724333
      ],
      [
        465.6614297346189,
        141.4208819181616
      ],
      [
        142.72329252872763,
        902.3382231182793
      ],
      [
        671.0019679627793,
        354.97027394560365
      ],
      [
        563.3602327017609,
        920.9868292584212
      ],
      [
        708.145205236442,
        590.7455783953707
      ],
      [
        516.7848516398934,
        153.28287871433187
      ],
      [
        659.4385105941167,
        850.7360553238013
      ],
      [
        341.65287185717085,
        771.4741213637403
      ],
      [
        882.693167393893,
        709.1730327087478
      ]
    ],
    "delivery": [
      0.0,
      0.0,
      1.051178229875537,
      0.0,
      0.0,
      0.0,
      0.0,
      1.068487691099026,
      0.0,
      0.0
    ],
    "pickup": [
      1.2473821145558088,
      1.0901184262306418,
      0.0,
      0.6386188966410904,
      1.6596962512146998,
      1.8289887666044473,
      1.0112713974445104,
      0.0,
      0.9909518125377914,
      1.3149483464537735
    ],
    "service_duration_s": [
      60.0,
      60.0,
      60.0,
      60.0,
      60.0,
      60.0,
      60.0,
      60.0,
      60.0,
      60.0
    ],
    "tw_early_s": [
      0.0,
      0.0,
      227.16624151607454,
      5.6476325643611744,
      118.51942591666926,
      22.460866316560356,
      0.0,
      115.23769442476339,
      174.91202973299335,
      60.45048118339176
    ],
    "tw_late_s": [
      173.50249230045523,
      156.0219546016342,
      467.16624151607454,
      245.64763256436117,
      358.51942591666926,
      262.4608663165603,
      154.71231675316326,
      355.2376944247634,
      414.91202973299335,
      300.45048118339173
    ],
    "bs_xy": [
      [
        295.5563645860524,
        388.91840677608724
      ],
      [
        191.9069406645355,
        324.04158471128375
      ],
      [
        614.2779235061639,
        673.6517294458322
      ],
      [
        287.8068003003179,
        666.1093758077114
      ],
      [
        209.1950782456774,
        321.0650971284711
      ],
      [
        882.8127300997027,
        131.58299373777015
      ],
      [
        941.480471470491,
        500.69869071409045
      ],
      [
        844.0998472910259,
        735.7454964752011
      ],
      [
        516.7186366273694,
        161.1855924974135
      ],
      [
        996.3382594971132,
        829.2211655899933
      ]
    ],
    "speed_mps": 10.0,
    "capacity_kg": 6.0,
    "altitude_m": 100.0
  }
}