{
  "spec": {
    "run_id": "seed7_N10_M3_D10_B7_K10_lo0.5_lt0.0_twA",
    "seed": 7,
    "n_clients": 10,
    "num_uavs": 3,
    "delta_min": 10,
    "bs_count": 7,
    "edge_samples": 10,
    "lambda_out": 0.5,
    "lambda_tw": 0.0,
    "tw_family": "A",
    "tw_mode": "soft"
  },
  "scenario": {
    "depot_xy": [
      500.0,
      500.0
    ],
    "client_xy": [
      [
        250.09003857274004,
        826.6515138908389
      ],
      [
        663.8179122120505,
        372.4149707666102
      ],
      [
        700.7377515846479,
        826.1153336939448
      ],
      [
        374.4226521191245,
        391.71959014977784
      ],
      [
        160.2885186211238,
        614.6558588457864
      ],
      [
        284.5489429914061,
        16.873515168925547
      ],
      [
        948.4359615470463,
        986.0230495342108
      ],
      [
        191.01205882008887,
        211.017231678563
      ],
      [
        133.08369084646841,
        985.6003001126918
      ],
      [
        23.578075019127454,
        404.38753402964943
      ]
    ],
    "delivery": [
      1.0759892472108454,
      0.0,
      0.0,
      0.0,
      0.0,
      0.0,
      0.0,
      1.6528467927299748,
      1.2194218270955195,
      1.184332004512647
    ],
    "pickup": [
      0.0,
      1.3782342742130025,
      0.8576122631868703,
      0.8043420039945334,
      1.0195455522058836,
      0.7160334694058339,
      0.9411597796664306,
      0.0,
      0.0,
      0.0
    ],
    "service_duration_s": [
      60.0,
      60.0,
      60.0,
      60.0,
      60.0,
      60.0,
      60.0,
      60.0,
      60.0,
      60.0
    ],
    "tw_early_s": [
      0.0,
      0.0,
      0.0,
      0.0,
      0.0,
      0.0,
      0.0,
      0.0,
      0.0,
      0.0
    ],
    "tw_late_s": [
      942.3028901917896,
      705.5852524809867,
      906.3110252696085,
      616.5814105124161,
      1024.345539389563,
      755.3118249847739,
      810.6728465991628,
      642.306570196758,
      846.682420240027,
      648.5921386904726
    ],
    "bs_xy": [
      [
        340.46861637648374,
        179.54270239501358
      ],
      [
        307.54084220360176,
        450.93679003615284
      ],
      [
        825.734302622605,
        588.151776280364
      ],
      [
        182.9660884728669,
        941.2999447660044
      ],
      [
        704.2761560830837,
        495.63677062358835
      ],
      [
        651.4441353884852,
        967.9617166526015
      ],
      [
        345.3681276519419,
        553.1825022122528
      ]
    ],
    "speed_mps": 10.0,
    "capacity_kg": 6.0,
    "altitude_m": 100.0
  }
}