{
  "spec": {
    "run_id": "seed8_N40_M3_D10_B7_K10_lo0.0_lt5.0_twA",
    "seed": 8,
    "n_clients": 40,
    "num_uavs": 3,
    "delta_min": 10,
    "bs_count": 7,
    "edge_samples": 10,
    "lambda_out": 0.0,
    "lambda_tw": 5.0,
    "tw_family": "A",
    "tw_mode": "soft"
  },
  "scenario": {
    "depot_xy": [
      500.0,
      500.0
    ],
    "client_xy": [
      [
        323.59589292364745,
        907.3454386289689
      ],
      [
        236.71988611685146,
        785.3918558070102
      ],
      [
        211.32230000111753,
        641.7276783035569
      ],
      [
        13.568046852368344,
        826.4037556812849
      ],
      [
        57.53366339104837,
        940.4011544477139
      ],
      [
        895.7205244869097,
        732.7905919392426
      ],
      [
        493.6413818639223,
        433.608525892874
      ],
      [
        385.96596748342307,
        969.5823214998711
      ],
      [
        979.4433078964092,
        417.81391850474404
      ],
      [
        175.0592743215832,
        954.5232089983277
      ],
      [
        569.0375739665697,
        371.3635159797474
      ],
      [
        500.92278937075565,
        467.6175303980412
      ],
      [
        824.1399484496485,
        644.6293167820098
      ],
      [
        329.27581783936654,
        731.5237848442325
      ],
      [
        11.562157730470979,
        216.88410204130483
      ],
      [
        525.67202488696,
        528.313922558854
      ],
      [
        721.534683124023,
        836.7017930202586
      ],
      [
        22.615331352209054,
        526.1023925373192
      ],
      [
        390.55882665525576,
        337.04977535559465
      ],
      [
        106.61935159636937,
        205.56223205795987
      ],
      [
        521.4592894262491,
        835.5140437275967
      ],
      [
        723.356447788627,
        511.5109992152765
      ],
      [
        297.5950550755642,
        405.6007168209201
      ],
      [
        143.50102231801975,
        130.00035083425655
      ],
      [
        135.6570482943008,
        364.732437259343
      ],
      [
        535.9728289056621,
        558.8969313424665
      ],
      [
        842.449900628169,
        829.8587333388298
      ],
      [
        518.7829205209288,
        680.1259506666477
      ],
      [
        217.2656147377734,
        284.1006324356883
      ],
      [
        544.8261537660206,
        332.5159503807275
      ],
      [
        163.00216570616766,
        743.1263303032766
      ],
      [
        892.5977066019012,
        529.811713905881
      ],
      [
        794.4371559608936,
        951.9115290939429
      ],
      [
        37.38624035053806,
        271.5100681234306
      ],
      [
        390.74377581706557,
        245.23849282361866
      ],
      [
        985.8638400446903,
        671.4088871715759
      ],
      [
        268.3164418125663,
        599.248607134532
      ],
      [
        207.21720056755433,
        825.5134742432126
      ],
      [
        279.4541258314669,
        240.6288489351749
      ],
      [
        718.2821004623278,
        850.6371791340141
      ]
    ],
    "delivery": [
      1.5089295635093298,
      1.2696292267649296,
      0.6475333777001135,
      0.0,
      1.311309551045507,
      0.0,
      0.0,
      1.4173912635420867,
      0.0,
      1.114936043077111,
      1.0297515887763933,
      0.0,
      0.0,
      0.8987876569767088,
      1.1328049260657023,
      0.0,
      1.670276503783028,
      1.7848817982560972,
      0.0,
      0.5157957276258391,
      1.9960808287874579,
      0.0,
      1.835864433874511,
      0.9705799581883314,
      1.8477373220801183,
      1.5101508519423115,
      1.10844281479081,
      0.0,
      1.3906258308819168,
      0.0,
      0.0,
      0.0,
      1.4416637640096932,
      1.6696547871751313,
      1.0151344166445104,
      0.9154174958042536,
      0.0,
      0.0,
      0.0,
      1.950360962527001
    ],
    "pickup": [
      0.0,
      0.0,
      0.0,
      1.5816211102992468,
      0.0,
      0.7933966995838027,
      1.5054511015784686,
      0.0,
      1.6938407273742977,
      0.0,
      0.0,
      1.8099386627710672,
      1.5253091698656196,
      0.0,
      0.0,
      0.9262772368798309,
      0.0,
      0.0,
      0.7027014969793448,
      0.0,
      0.0,
      1.486683604582813,
      0.0,
      0.0,
      0.0,
      0.0,
      0.0,
      1.9323288060306227,
      0.0,
      0.5561091838450676,
      0.70926248745706,
      0.5948855846744359,
      0.0,
      0.0,
      0.0,
      0.0,
      1.2038936631390489,
      0.6450533459454137,
      1.1251317740938054,
      0.0
    ],
    "service_duration_s": [
      60.0,
      60.0,
      60.0,
      60.0,
      60.0,
      60.0,
      60.0,
      60.0,
      60.0,
      60.0,
      60.0,
      60.0,
      60.0,
      60.0,
      60.0,
      60.0,
      60.0,
      60.0,
      60.0,
      60.0,
      60.0,
      60.0,
      60.0,
      60.0,
      60.0,
      60.0,
      60.0,
      60.0,
      60.0,
      60.0,
      60.0,
      60.0,
      60.0,
      60.0,
      60.0,
      60.0,
      60.0,
      60.0,
      60.0,
      60.0
    ],
    "tw_early_s": [
      221.47531624401643,
      364.87996699465384,
      472.3132279295164,
      447.5688892472465,
      378.71906324241365,
      0.0,
      0.0,
      199.9731053529722,
      0.0,
      286.8778988692153,
      0.0,
      0.0,
      0.0,
      284.4446479977033,
      0.0,
      12.961512007740794,
      2.842842433419605,
      537.6126510062115,
      0.0,
      0.0,
      190.2505659219546,
      0.0,
      0.0,
      0.0,
      0.0,
      96.25073714601308,
      0.0,
      131.5209056418828,
      0.0,
      0.0,
      365.0524099072477,
      0.0,
      32.8100986034018,
      0.0,
      0.0,
      0.0,
      442.88269200710147,
      295.7022169710707,
      0.0,
      110.51027003545266
    ],
    "tw_late_s": [
      1421.4753162440165,
      1564.8799669946538,
      1672.3132279295164,
      1647.5688892472465,
      1578.7190632424135,
      1122.5602772501406,
      876.4556102294056,
      1399.9731053529722,
      992.9553386719036,
      1486.8778988692152,
      946.2326379181587,
      884.8448110913753,
      1120.928346018549,
      1484.4446479977032,
      718.1667693495356,
      1212.9615120077408,
      1202.8428424334197,
      1737.6126510062115,
      807.7485708839224,
      709.9899078473268,
      1390.2505659219546,
      1044.2316995057645,
      622.3336039175472,
      793.9644432961834,
      638.86426378917,
      1296.250737146013,
      1159.6944176824109,
      1331.5209056418828,
      729.6283752357981,
      958.9508187079994,
      1565.0524099072477,
      1042.2599873706279,
      1232.810098603402,
      651.5964281308279,
      881.2424213236968,
      1078.322962006816,
      1642.8826920071015,
      1495.7022169710708,
      787.6255328161535,
      1310.5102700354528
    ],
    "bs_xy": [
      [
        172.3959807356772,
        103.9532252138784
      ],
      [
        348.5787447456822,
        86.43355069384239
      ],
      [
        414.2117917509042,
        85.00745523412823
      ],
      [
        52.44631504666708,
        89.58036903725176
      ],
      [
        148.63880610998604,
        572.5614329167755
      ],
      [
        470.0130602023227,
        539.2873289135739
      ],
      [
        240.94099471284923,
        758.6780208122711
      ]
    ],
    "speed_mps": 10.0,
    "capacity_kg": 6.0,
    "altitude_m": 100.0
  }
}