{
  "spec": {
    "run_id": "seed6_N10_M3_D5_B7_K10_lo0.5_lt5.0_twA",
    "seed": 6,
    "n_clients": 10,
    "num_uavs": 3,
    "delta_min": 5,
    "bs_count": 7,
    "edge_samples": 10,
    "lambda_out": 0.5,
    "lambda_tw": 5.0,
    "tw_family": "A",
    "tw_mode": "soft"
  },
  "scenario": {
    "depot_xy": [
      500.0,
      500.0
    ],
    "client_xy": [
      [
        645.701638411514,
        47.89846326945024
      ],
      [
        450.1233037748187,
        301.46041666822555
      ],
      [
        913.6680181238665,
        796.8385961706433
      ],
      [
        719.0453370879957,
        814.663612463721
      ],
      [
        640.1006452195264,
        2.1575039707356636
      ],
      [
        870.6703824921934,
        716.7087181021695
      ],
      [
        77.25158435412006,
        137.39190808217595
      ],
      [
        240.3282486662003,
        650.7090225223003
      ],
      [
        306.17981347225856,
        141.98915525624668
      ],
      [
        256.924622908132,
        532.271948644168
      ]
    ],
    "delivery": [
      0.0,
      1.6821715269848905,
      0.5706512179549865,
      0.0,
      1.8771066454260146,
      1.3282347243025263,
      0.0,
      0.0,
      0.6150731491679116,
      0.0
    ],
    "pickup": [
      0.8986780657594635,
      0.0,
      0.0,
      1.1716260964949772,
      0.0,
      0.0,
      1.232280185429966,
      0.9034164365765827,
      0.0,
      1.7701544572703856
    ],
    "service_duration_s": [
      60.0,
      60.0,
      60.0,
      60.0,
      60.0,
      60.0,
      60.0,
      60.0,
      60.0,
      60.0
    ],
    "tw_early_s": [
      0.0,
      0.0,
      17.62746884380624,
      0.0,
      0.0,
      0.0,
      0.0,
      0.0,
      0.0,
      148.4305336180721
    ],
    "tw_late_s": [
      435.94275780488726,
      320.47086978511015,
      617.6274688438062,
      572.9692527371155,
      473.5824127240189,
      439.5717155710626,
      355.69567768286754,
      562.9505105653619,
      340.7109358354465,
      748.4305336180721
    ],
    "bs_xy": [
      [
        678.6858810617689,
        475.68492441527076
      ],
      [
        753.7311243670599,
        596.3024296962298
      ],
      [
        353.83449578827185,
        830.116961302974
      ],
      [
        583.7991095142914,
        626.137729112735
      ],
      [
        50.604888624904646,
        973.4533427171971
      ],
      [
        705.7559649817408,
        729.5587191029048
      ],
      [
        146.02169897064465,
        839.1042000665715
      ]
    ],
    "speed_mps": 10.0,
    "capacity_kg": 6.0,
    "altitude_m": 100.0
  }
}