{
  "spec": {
    "run_id": "seed8_N10_M3_D10_B4_K10_lo0.0_lt5.0_twA",
    "seed": 8,
    "n_clients": 10,
    "num_uavs": 3,
    "delta_min": 10,
    "bs_count": 4,
    "edge_samples": 10,
    "lambda_out": 0.0,
    "lambda_tw": 5.0,
    "tw_family": "A",
    "tw_mode": "soft"
  },
  "scenario": {
    "depot_xy": [
      500.0,
      500.0
    ],
    "client_xy": [
      [
        287.4334166323278,
        78.22355307739836
      ],
      [
        875.4345983666611,
        924.7874523928327
      ],
      [
        179.1405412558944,
        151.63447347727964
      ],
      [
        172.18880902946177,
        573.7894578275607
      ],
      [
        520.0112112361167,
        944.2652220293835
      ],
      [
        417.08368696382405,
        588.34805497525
      ],
      [
        103.17629271290829,
        139.81778503600006
      ],
      [
        894.7680592791015,
        183.28027709369033
      ],
      [
        277.45808511592753,
        19.32792492236368
      ],
      [
        512.8671572550467,
        853.3649021240714
      ]
    ],
    "delivery": [
      0.7703998017597131,
      0.0,
      1.4004130483443293,
      0.0,
      1.1544684314533948,
      0.8427427971892405,
      0.7915289646439196,
      0.0,
      0.0,
      1.3584699730693472
    ],
    "pickup": [
      0.0,
      1.6464095462768882,
      0.0,
      1.0857276487825758,
      0.0,
      0.0,
      0.0,
      1.676268776003168,
      1.0724539968851943,
      0.0
    ],
    "service_duration_s": [
      60.0,
      60.0,
      60.0,
      60.0,
      60.0,
      60.0,
      60.0,
      60.0,
      60.0,
      60.0
    ],
    "tw_early_s": [
      0.0,
      0.0,
      0.0,
      0.0,
      0.0,
      0.0,
      0.0,
      0.0,
      0.0,
      0.0
    ],
    "tw_late_s": [
      647.2313374300644,
      810.3048949191277,
      647.3613061828971,
      1001.2165747625866,
      890.3999716354853,
      927.1623505532411,
      653.5910703981032,
      778.9939943523763,
      734.7787907930424,
      916.1212725144437
    ],
    "bs_xy": [
      [
        650.2855142035659,
        321.8480255423659
      ],
      [
        302.4906509768186,
        703.364593259578
      ],
      [
        633.0329106716025,
        719.7611141428891
      ],
      [
        577.205368285345,
        985.4539138004969
      ]
    ],
    "speed_mps": 10.0,
    "capacity_kg": 6.0,
    "altitude_m": 100.0
  }
}