{
  "spec": {
    "run_id": "seed3_N20_M3_D2_B10_K10_lo0.0_lt0.0_twA",
    "seed": 3,
    "n_clients": 20,
    "num_uavs": 3,
    "delta_min": 2,
    "bs_count": 10,
    "edge_samples": 10,
    "lambda_out": 0.0,
    "lambda_tw": 0.0,
    "tw_family": "A",
    "tw_mode": "soft"
  },
  "scenario": {
    "depot_xy": [
      500.0,
      500.0
    ],
    "client_xy": [
      [
        242.26463532846364,
        228.05655116790612
      ],
      [
        361.1110493777664,
        898.4327413384219
      ],
      [
        407.0020382997096,
        785.9984208824101
      ],
      [
        639.3693615922938,
        867.7007316080112
      ],
      [
        798.5294532283957,
        147.30723742584374
      ],
      [
        421.70478773917563,
        829.41456868747
      ],
      [
        866.2810408687884,
        171.95384141697022
      ],
      [
        455.17149708220205,
        662.2858707727689
      ],
      [
        316.41077275230066,
        141.70920855849656
      ],
      [
        8.543398692716586,
        300.34519675168457
      ],
      [
        878.9707458258139,
        230.13032331148776
      ],
      [
        684.9081664843574,
        640.3706048045066
      ],
      [
        817.3170456859798,
        944.5738883881638
      ],
      [
        920.5044100183233,
        8.282864212999064
      ],
      [
        204.0443288865633,
        355.5452776280925
      ],
      [
        514.7931702308596,
        51.8978833317314
      ],
      [
        834.5177621011653,
        548.1858397916473
      ],
      [
        309.3186670825694,
        420.87236761151195
      ],
      [
        583.3925145332478,
        579.4992298095759
      ],
      [
        184.4416926657284,
        590.7339563842976
      ]
    ],
    "delivery": [
      1.8425130314375102,
      1.1676810624858844,
      0.0,
      0.0,
      1.8615627280608997,
      1.724208171302432,
      0.0,
      0.0,
      1.2748650663459842,
      0.0,
      1.1606585250861425,
      0.5557824068202898,
      0.0,
      0.0,
      0.9251671562108184,
      1.9185914358920555,
      0.777212465351417,
      0.0,
      0.0,
      0.5522087100399625
    ],
    "pickup": [
      0.0,
      0.0,
      1.839969431231199,
      0.6066614488187646,
      0.0,
      0.0,
      0.5913265205091498,
      1.1431906203206943,
      0.0,
      1.3574209418147498,
      0.0,
      0.0,
      1.8249629080748233,
      0.5989883959181148,
      0.0,
      0.0,
      0.0,
      0.9789856317010706,
      1.0143256935742793,
      0.0
    ],
    "service_duration_s": [
      60.0,
      60.0,
      60.0,
      60.0,
      60.0,
      60.0,
      60.0,
      60.0,
      60.0,
      60.0,
      60.0,
      60.0,
      60.0,
      60.0,
      60.0,
      60.0,
      60.0,
      60.0,
      60.0,
      60.0
    ],
    "tw_early_s": [
      17.510878177795377,
      469.9792876523584,
      391.5690588323711,
      306.93781028259946,
      133.72039688264272,
      400.7950025497021,
      113.5226597646799,
      430.69909877432815,
      0.0,
      0.0,
      205.26616022265807,
      223.7531668082014,
      324.78222570322714,
      110.43538330865275,
      0.0,
      16.380075541533813,
      225.10611831914144,
      0.0,
      311.02915003338956,
      518.7016528457048
    ],
    "tw_late_s": [
      257.51087817779535,
      709.9792876523584,
      631.5690588323712,
      546.9378102825995,
      373.7203968826427,
      640.7950025497021,
      353.52265976467993,
      670.6990987743281,
      228.5700689596012,
      173.04636004747448,
      445.2661602226581,
      463.7531668082014,
      564.7822257032271,
      350.4353833086527,
      152.9327991643209,
      256.3800755415338,
      465.10611831914144,
      140.64474580385425,
      551.0291500333896,
      758.7016528457048
    ],
    "bs_xy": [
      [
        278.74120944692646,
        506.763284790157
      ],
      [
        742.6706758205625,
        894.0488940698082
      ],
      [
        451.417733408396,
        208.036995491103
      ],
      [
        952.4439888603571,
        538.4785190375549
      ],
      [
        309.9515393125738,
        96.4458844225985
      ],
      [
        730.5383724436349,
        666.9362760125548
      ],
      [
        100.98548873115254,
        611.1730721413066
      ],
      [
        581.488192136266,
        391.58048633680255
      ],
      [
        205.47167698342773,
        940.6983246370784
      ],
      [
        56.60454606225551,
        448.40195289667594
      ]
    ],
    "speed_mps": 10.0,
    "capacity_kg": 6.0,
    "altitude_m": 100.0
  }
}