{
  "spec": {
    "run_id": "seed9_N10_M3_D5_B10_K10_lo1.0_lt0.0_twA",
    "seed": 9,
    "n_clients": 10,
    "num_uavs": 3,
    "delta_min": 5,
    "bs_count": 10,
    "edge_samples": 10,
    "lambda_out": 1.0,
    "lambda_tw": 0.0,
    "tw_family": "A",
    "tw_mode": "soft"
  },
  "scenario": {
    "depot_xy": [
      500.0,
      500.0
    ],
    "client_xy": [
      [
        215.228737343211,
        623.8686581886199
      ],
      [
        584.6058829071466,
        6.9911229215166015
      ],
      [
        563.1340204453013,
        648.9825025477415
      ],
      [
        867.0087930202561,
        227.30551565335256
      ],
      [
        755.719308688602,
        641.1703336903294
      ],
      [
        816.5670317202664,
        810.8934797554582
      ],
      [
        33.857252935575175,
        650.7276502520061
      ],
      [
        289.0426530343917,
        503.9845578105745
      ],
      [
        14.96244316701667,
        528.5135501947858
      ],
      [
        129.28956589566954,
        362.19612896328334
      ]
    ],
    "delivery": [
      0.9112361827786022,
      0.0,
      0.0,
      0.0,
      0.0,
      1.7206463570693176,
      0.9423445789994485,
      1.4523685995230142,
      1.0799708144411029,
      1.0729464384873049
    ],
    "pickup": [
      0.0,
      1.5975071533945517,
      0.5332953753261673,
      1.6461407887767447,
      1.7205660928300204,
      0.0,
      0.0,
      0.0,
      0.0,
      0.0
    ],
    "service_duration_s": [
      60.0,
      60.0,
      60.0,
      60.0,
      60.0,
      60.0,
      60.0,
      60.0,
      60.0,
      60.0
    ],
    "tw_early_s": [
      0.0,
      0.0,
      0.0,
      0.0,
      0.0,
      0.0,
      33.58438065945677,
      56.27892766676882,
      0.0,
      0.0
    ],
    "tw_late_s": [
      582.2003298413041,
      350.02158617044097,
      457.69891861013417,
      345.7228319275249,
      468.12358754959115,
      493.6914716658728,
      633.5843806594568,
      656.2789276667688,
      573.8242111810225,
      339.5494794942393
    ],
    "bs_xy": [
      [
        803.0303761899416,
        636.1239645546548
      ],
      [
        115.43818632854752,
        507.5854701769595
      ],
      [
        489.42019792657385,
        245.3638361407352
      ],
      [
        585.1723478063595,
        611.4151425520754
      ],
      [
        757.4554415290287,
        190.4426216925983
      ],
      [
        430.5054256516349,
        889.2829960373895
      ],
      [
        696.7758481528949,
        764.6446012930054
      ],
      [
        833.6238517672325,
        211.8353692657934
      ],
      [
        956.2997411134402,
        61.49025859252899
      ],
      [
        711.3138342091996,
        140.17109212256528
      ]
    ],
    "speed_mps": 10.0,
    "capacity_kg": 6.0,
    "altitude_m": 100.0
  }
}