{
  "spec": {
    "run_id": "seed7_N40_M3_D5_B10_K10_lo0.0_lt1.0_twA",
    "seed": 7,
    "n_clients": 40,
    "num_uavs": 3,
    "delta_min": 5,
    "bs_count": 10,
    "edge_samples": 10,
    "lambda_out": 0.0,
    "lambda_tw": 1.0,
    "tw_family": "A",
    "tw_mode": "soft"
  },
  "scenario": {
    "depot_xy": [
      500.0,
      500.0
    ],
    "client_xy": [
      [
        337.15103438524295,
        997.9183129329979
      ],
      [
        559.8959566668835,
        577.3030206125841
      ],
      [
        595.5004239261418,
        82.03206569824928
      ],
      [
        161.40976908209092,
        580.0848081919199
      ],
      [
        94.9234927104079,
        1.7203708944908414
      ],
      [
        937.4450546224624,
        342.970820485596
      ],
      [
        408.3437101727795,
        7.084980100202087
      ],
      [
        388.33285706206846,
        300.07134801097743
      ],
      [
        718.4126722494399,
        878.0412282416688
      ],
      [
        265.93455556343434,
        450.7944862742431
      ],
      [
        95.25710865635605,
        941.4496837601795
      ],
      [
        732.2639744402101,
        739.3932617150425
      ],
      [
        908.9860018240636,
        279.22514580340294
      ],
      [
        440.85352730912155,
        204.35459088852758
      ],
      [
        710.9891052401643,
        420.0130479431787
      ],
      [
        480.3450950809841,
        71.0465206391484
      ],
      [
        8.783175170142599,
        751.0272556646884
      ],
      [
        172.2884235691402,
        805.8225973995611
      ],
      [
        817.454884888054,
        111.23538933954447
      ],
      [
        80.63108961459831,
        925.5931666715577
      ],
      [
        32.657529781213945,
        104.71298568049615
      ],
      [
        984.2730599014507,
        507.7825317195956
      ],
      [
        796.2533905095048,
        394.2909616902088
      ],
      [
        300.7182281480588,
        974.6393783662879
      ],
      [
        340.90988380173116,
        467.5002847161054
      ],
      [
        664.5328214168129,
        479.6255002233489
      ],
      [
        243.7627621857238,
        737.6845337072425
      ],
      [
        794.2376110224438,
        448.08134007198055
      ],
      [
        311.2300674910895,
        683.6140333040981
      ],
      [
        917.4969487172497,
        49.54744384810117
      ],
      [
        308.6530049556692,
        451.5313003567536
      ],
      [
        646.0018345173938,
        495.2577419291797
      ],
      [
        816.6961888101907,
        947.5240508718747
      ],
      [
        389.4228156504396,
        242.21673716847135
      ],
      [
        297.564992557408,
        531.2905915662357
      ],
      [
        464.0992174301924,
        291.66234831445746
      ],
      [
        782.544465692359,
        266.2457003142751
      ],
      [
        709.0257084941768,
        496.73241678452706
      ],
      [
        203.7613064036804,
        369.3658245674254
      ],
      [
        891.5568823360159,
        16.49971407306228
      ]
    ],
    "delivery": [
      0.8778235299879075,
      1.3474166540237211,
      0.0,
      1.4379936639842548,
      0.0,
      1.6140887500939165,
      1.6279710951560156,
      1.7099673855830546,
      1.6609700561433212,
      1.087800174923831,
      0.0,
      0.0,
      1.5495631351371095,
      0.0,
      0.0,
      0.0,
      0.0,
      0.0,
      0.0,
      0.0,
      0.0,
      0.0,
      0.7819942370217436,
      0.926595466115006,
      0.0,
      0.6809046101925418,
      1.0762831623294846,
      0.0,
      0.707854856778019,
      1.9880728711947375,
      1.091230047715188,
      0.0,
      1.4388247533540919,
      0.6003132729669168,
      0.6010111654065959,
      1.0175055049837969,
      0.0,
      0.0,
      0.0,
      1.1444978321539234
    ],
    "pickup": [
      0.0,
      0.0,
      1.7326554527452995,
      0.0,
      1.654086166995346,
      0.0,
      0.0,
      0.0,
      0.0,
      0.0,
      1.3034226922579901,
      0.6744922380070848,
      0.0,
      1.3378477190995994,
      0.8703609336587605,
      1.7085901581086562,
      1.9057652547584647,
      0.7864772536981244,
      1.4001697662629302,
      1.2950379759898465,
      1.5863588829945892,
      1.1344899112964866,
      0.0,
      0.0,
      0.7844126409991026,
      0.0,
      0.0,
      1.3131711623698497,
      0.0,
      0.0,
      0.0,
      1.9243331252647895,
      0.0,
      0.0,
      0.0,
      0.0,
      1.1521895969412372,
      1.8987267647681558,
      1.5581148444787003,
      0.0
    ],
    "service_duration_s": [
      60.0,
      60.0,
      60.0,
      60.0,
      60.0,
      60.0,
      60.0,
      60.0,
      60.0,
      60.0,
      60.0,
      60.0,
      60.0,
      60.0,
      60.0,
      60.0,
      60.0,
      60.0,
      60.0,
      60.0,
      60.0,
      60.0,
      60.0,
      60.0,
      60.0,
      60.0,
      60.0,
      60.0,
      60.0,
      60.0,
      60.0,
      60.0,
      60.0,
      60.0,
      60.0,
      60.0,
      60.0,
      60.0,
      60.0,
      60.0
    ],
    "tw_early_s": [
      560.264108439541,
      452.66867540904525,
      42.34426373656612,
      771.4869615991286,
      0.0,
      268.21783694858925,
      0.0,
      0.0,
      490.6520511009426,
      0.0,
      613.2893793220805,
      416.7182371240199,
      176.6144517719589,
      0.0,
      237.1208330745917,
      3.5340248472626854,
      849.6733502402421,
      688.8869849177684,
      97.48371638506381,
      646.9162019495964,
      0.0,
      450.83700032884576,
      252.72307792054642,
      669.5649588223724,
      0.0,
      358.73923739606585,
      731.8002524515484,
      305.9061291640869,
      758.6864715294657,
      134.7073619557258,
      0.0,
      330.82551443883733,
      557.8959645536447,
      0.0,
      813.1293732363986,
      0.0,
      190.93173371038182,
      375.7183641784844,
      0.0,
      103.6816392837406
    ],
    "tw_late_s": [
      1160.264108439541,
      1052.6686754090451,
      642.3442637365661,
      1371.4869615991286,
      429.5396392067245,
      868.2178369485893,
      562.1837327062091,
      472.8168387567689,
      1090.6520511009426,
      323.9181552090254,
      1213.2893793220805,
      1016.7182371240199,
      776.6144517719589,
      529.6305628615942,
      837.1208330745917,
      603.5340248472627,
      1449.6733502402421,
      1288.8869849177684,
      697.4837163850639,
      1246.9162019495964,
      425.6542997136413,
      1050.8370003288458,
      852.7230779205464,
      1269.5649588223723,
      316.23757881136004,
      958.7392373960658,
      1331.8002524515484,
      905.9061291640869,
      1358.6864715294657,
      734.7073619557258,
      319.7390190631658,
      930.8255144388373,
      1157.8959645536447,
      523.888937265816,
      1413.1293732363986,
      592.8451828209419,
      790.9317337103819,
      975.7183641784844,
      393.10177299637286,
      703.6816392837407
    ],
    "bs_xy": [
      [
        126.45195485020355,
        97.42508802455474
      ],
      [
        16.059393851567517,
        597.060495265472
      ],
      [
        940.4125695089085,
        250.26507575135193
      ],
      [
        942.2279993162394,
        781.9419948813982
      ],
      [
        268.09080292357544,
        597.9472924616584
      ],
      [
        872.6340878662843,
        1.5840920373442202
      ],
      [
        323.4333011543509,
        974.9990327861354
      ],
      [
        89.8158883484489,
        345.24237310696606
      ],
      [
        576.2569107016355,
        339.7722735488036
      ],
      [
        670.77194814061,
        569.0665420912084
      ]
    ],
    "speed_mps": 10.0,
    "capacity_kg": 6.0,
    "altitude_m": 100.0
  }
}