{
  "spec": {
    "run_id": "seed4_N40_M3_D10_B7_K10_lo0.5_lt0.0_twA",
    "seed": 4,
    "n_clients": 40,
    "num_uavs": 3,
    "delta_min": 10,
    "bs_count": 7,
    "edge_samples": 10,
    "lambda_out": 0.5,
    "lambda_tw": 0.0,
    "tw_family": "A",
    "tw_mode": "soft"
  },
  "scenario": {
    "depot_xy": [
      500.0,
      500.0
    ],
    "client_xy": [
      [
        906.6170141198144,
        487.44205187627085
      ],
      [
        380.729425827965,
        275.79576659190866
      ],
      [
        623.8308195863492,
        10.133918782014085
      ],
      [
        269.9147664788486,
        104.53908764380382
      ],
      [
        903.7846745948773,
        95.52062148969709
      ],
      [
        116.76527071748232,
        915.3203747366916
      ],
      [
        984.0107589629406,
        888.6821735471635
      ],
      [
        345.3946132029088,
        118.5248228417658
      ],
      [
        690.9276990986654,
        736.5149140931127
      ],
      [
        726.9152828443899,
        761.3491526179248
      ],
      [
        187.4995564222146,
        626.189176553287
      ],
      [
        66.6854016110785,
        831.4552533754753
      ],
      [
        11.232416081677577,
        582.3844609833961
      ],
      [
        527.8071995746426,
        202.16187674705276
      ],
      [
        589.9935504628662,
        72.7279785914019
      ],
      [
        690.4839454069839,
        681.4250656534076
      ],
      [
        676.8420054582127,
        412.13661606869255
      ],
      [
        125.44881378728023,
        781.2004274441064
      ],
      [
        684.7611327638244,
        14.293452665094852
      ],
      [
        703.675545687697,
        529.4174985062363
      ],
      [
        621.3410744962222,
        132.58852223261508
      ],
      [
        645.5846697304231,
        800.102749351793
      ],
      [
        535.7409474459889,
        500.28496553884116
      ],
      [
        194.36211005727122,
        261.92954585893614
      ],
      [
        535.4438987333584,
        915.4916627694618
      ],
      [
        275.68024025077284,
        798.2194986576233
      ],
      [
        421.9122110203805,
        606.5877569040595
      ],
      [
        785.6373549588643,
        450.75861351269606
      ],
      [
        750.8392412589392,
        186.8408799902096
      ],
      [
        524.0583527212975,
        643.3508210255726
      ],
      [
        262.89444776374984,
        319.08652611320167
      ],
      [
        290.9319547153433,
        69.16155766623844
      ],
      [
        663.4612733648712,
        329.40796083061764
      ],
      [
        361.73502857804465,
        160.16293394961824
      ],
      [
        634.2112534019637,
        66.33090834441657
      ],
      [
        422.8217459590424,
        291.15898775211105
      ],
      [
        860.477267491709,
        766.8798497509607
      ],
      [
        226.75470531788477,
        235.14787242336365
      ],
      [
        19.62839318563403,
        926.8851837992006
      ],
      [
        799.1639014020795,
        721.456073819339
      ]
    ],
    "delivery": [
      0.8180675371612062,
      0.0,
      1.2574775398152338,
      0.0,
      0.7546590250220351,
      0.0,
      0.6291753309405302,
      1.0629245346979286,
      1.7848345706808477,
      0.9211156877325073,
      0.0,
      1.6987584941484286,
      1.311606669842996,
      1.1493776363219088,
      0.0,
      0.6701949242305503,
      0.0,
      1.7697316997443544,
      0.7921830168216051,
      0.0,
      0.0,
      1.8997504295771537,
      1.5347861140140406,
      1.6062723627521032,
      1.6887416974891258,
      0.0,
      0.0,
      1.6653361054902192,
      0.7785983892192808,
      0.5161141213378517,
      0.0,
      1.231122933832436,
      1.3235292860365382,
      0.0,
      1.367313330677181,
      0.0,
      0.0,
      1.4410992217986014,
      1.743518842598069,
      1.8129325245312056
    ],
    "pickup": [
      0.0,
      1.7486485679631794,
      0.0,
      0.9161658650379122,
      0.0,
      1.8378372541839672,
      0.0,
      0.0,
      0.0,
      0.0,
      0.7028952955234736,
      0.0,
      0.0,
      0.0,
      0.5248793727997254,
      0.0,
      1.9937720571427187,
      0.0,
      0.0,
      1.740367105375805,
      0.9355167400348301,
      0.0,
      0.0,
      0.0,
      0.0,
      1.6480699760315882,
      1.7045845189550914,
      0.0,
      0.0,
      0.0,
      1.0390915993727046,
      0.0,
      0.0,
      1.8261714630931154,
      0.0,
      1.9075201946185503,
      0.8663013927275979,
      0.0,
      0.0,
      0.0
    ],
    "service_duration_s": [
      60.0,
      60.0,
      60.0,
      60.0,
      60.0,
      60.0,
      60.0,
      60.0,
      60.0,
      60.0,
      60.0,
      60.0,
      60.0,
      60.0,
      60.0,
      60.0,
      60.0,
      60.0,
      60.0,
      60.0,
      60.0,
      60.0,
      60.0,
      60.0,
      60.0,
      60.0,
      60.0,
      60.0,
      60.0,
      60.0,
      60.0,
      60.0,
      60.0,
      60.0,
      60.0,
      60.0,
      60.0,
      60.0,
      60.0,
      60.0
    ],
    "tw_early_s": [
      0.0,
      0.0,
      0.0,
      0.0,
      0.0,
      358.067645349813,
      79.46846980920577,
      0.0,
      172.49157608786504,
      148.91451835360692,
      470.3416196260807,
      402.8150481838326,
      488.33196281451274,
      0.0,
      0.0,
      102.21609914060173,
      0.0,
      431.5077213101679,
      0.0,
      0.0,
      0.0,
      174.90480969932037,
      0.0,
      0.0,
      256.1997790443937,
      321.6529457434565,
      264.4813918357745,
      0.0,
      0.0,
      232.38248382945164,
      0.0,
      0.0,
      0.0,
      0.0,
      0.0,
      0.0,
      75.54687370179636,
      0.0,
      375.90344078049736,
      30.634296841357923
    ],
    "tw_late_s": [
      1144.8838145354475,
      717.4299612083447,
      896.2233914561908,
      711.2904998745464,
      1045.6906480719626,
      1558.0676453498131,
      1279.4684698092058,
      793.549110916474,
      1372.491576087865,
      1348.914518353607,
      1670.3416196260807,
      1602.8150481838325,
      1688.3319628145127,
      859.1559971213796,
      878.4340443204421,
      1302.2160991406017,
      1096.8946163957748,
      1631.5077213101679,
      962.3306042296495,
      1173.898859482329,
      945.1912271269402,
      1374.9048096993204,
      1173.5318157052984,
      638.741716650605,
      1456.1997790443938,
      1521.6529457434565,
      1464.4813918357745,
      1102.5388602008898,
      1013.1809579683425,
      1432.3824838294518,
      629.8242733247679,
      715.8499783374816,
      1025.3188207642252,
      782.0259424876006,
      936.4105254105232,
      801.6720185355447,
      1275.5468737017964,
      638.053861899653,
      1575.9034407804975,
      1230.6342968413578
    ],
    "bs_xy": [
      [
        967.6189130004286,
        93.41493254198218
      ],
      [
        740.991366822106,
        965.8802836894773
      ],
      [
        416.9542799824021,
        20.498390591778826
      ],
      [
        650.1697913159026,
        903.6668093882289
      ],
      [
        947.0919315894245,
        575.266340425704
      ],
      [
        558.4458769018688,
        909.0393172052446
      ],
      [
        94.64017399534342,
        191.96204854622889
      ]
    ],
    "speed_mps": 10.0,
    "capacity_kg": 6.0,
    "altitude_m": 100.0
  }
}