{
  "spec": {
    "run_id": "seed8_N10_M3_D10_B10_K10_lo1.0_lt5.0_twA",
    "seed": 8,
    "n_clients": 10,
    "num_uavs": 3,
    "delta_min": 10,
    "bs_count": 10,
    "edge_samples": 10,
    "lambda_out": 1.0,
    "lambda_tw": 5.0,
    "tw_family": "A",
    "tw_mode": "soft"
  },
  "scenario": {
    "depot_xy": [
      500.0,
      500.0
    ],
    "client_xy": [
      [
        494.9080853169495,
        24.609326018498745
      ],
      [
        895.7112478805412,
        662.0449371497048
      ],
      [
        247.84868798492076,
        968.5753126365355
      ],
      [
        849.4678895176461,
        410.5108461153873
      ],
      [
        865.7288110877024,
        405.58592275756047
      ],
      [
        613.8122351147781,
        158.85215005615572
      ],
      [
        622.4267125995349,
        96.38871273265903
      ],
      [
        93.00323411714385,
        248.55032132154676
      ],
      [
        683.596782274804,
        935.9401386631497
      ],
      [
        991.4662836102185,
        262.552978207001
      ]
    ],
    "delivery": [
      0.0,
      1.2472350069774354,
      0.0,
      0.0,
      1.7085560582234756,
      0.0,
      1.716429892244051,
      0.0,
      1.6051701953682949,
      0.7434998407567226
    ],
    "pickup": [
      0.6224196454234754,
      0.0,
      1.1357500784941346,
      0.8397874444830886,
      0.0,
      0.6803951035798418,
      0.0,
      1.551578134615725,
      0.0,
      0.0
    ],
    "service_duration_s": [
      60.0,
      60.0,
      60.0,
      60.0,
      60.0,
      60.0,
      60.0,
      60.0,
      60.0,
      60.0
    ],
    "tw_early_s": [
      0.0,
      0.0,
      0.0,
      0.0,
      0.0,
      0.0,
      0.0,
      0.0,
      0.0,
      0.0
    ],
    "tw_late_s": [
      647.5417942976204,
      863.6849900317,
      997.2251259450755,
      855.1652933565058,
      741.5215338834198,
      760.6883899639045,
      642.1770519557175,
      647.8407052985846,
      857.5971676514241,
      762.6042339374567
    ],
    "bs_xy": [
      [
        428.1398608059771,
        711.5621099082712
      ],
      [
        461.2823052775985,
        411.23974577967203
      ],
      [
        87.16306611792646,
        795.1910364951426
      ],
      [
        173.83702509007193,
        568.6862971156354
      ],
      [
        820.3041512676981,
        578.7113341120229
      ],
      [
        426.07372656719554,
        306.20576687555314
      ],
      [
        152.2464047784685,
        906.6227363659863
      ],
      [
        374.8841974385775,
        152.888773813749
      ],
      [
        935.8270140677548,
        716.6999583028643
      ],
      [
        703.0892308188726,
        845.218188631136
      ]
    ],
    "speed_mps": 10.0,
    "capacity_kg": 6.0,
    "altitude_m": 100.0
  }
}