{
  "spec": {
    "run_id": "seed9_N10_M3_D2_B7_K10_lo0.5_lt5.0_twA",
    "seed": 9,
    "n_clients": 10,
    "num_uavs": 3,
    "delta_min": 2,
    "bs_count": 7,
    "edge_samples": 10,
    "lambda_out": 0.5,
    "lambda_tw": 5.0,
    "tw_family": "A",
    "tw_mode": "soft"
  },
  "scenario": {
    "depot_xy": [
      500.0,
      500.0
    ],
    "client_xy": [
      [
        394.2482510645144,
        923.3071931661915
      ],
      [
        295.26718660056383,
        556.6340985504844
      ],
      [
        209.41520441804963,
        672.79209097601
      ],
      [
        595.1919556280567,
        520.4344017657384
      ],
      [
        162.9466711444888,
        334.19206765942266
      ],
      [
        65.3787226687712,
        554.4608629913889
      ],
      [
        921.1522277713865,
        440.02235029773306
      ],
      [
        828.5841051150207,
        620.0101863480564
      ],
      [
        308.07983633323676,
        899.3351831896932
      ],
      [
        858.8951864670079,
        558.3709933776674
      ]
    ],
    "delivery": [
      0.0,
      0.0,
      0.0,
      0.0,
      0.0,
      1.5855720670815237,
      0.7934833276349273,
      0.0,
      1.334584061071133,
      0.5085941529346971
    ],
    "pickup": [
      1.041445568261192,
      1.5531053846244385,
      0.543811613743769,
      0.8938899405581355,
      1.27291280749504,
      0.0,
      0.0,
      0.6839150764375944,
      0.0,
      0.0
    ],
    "service_duration_s": [
      60.0,
      60.0,
      60.0,
      60.0,
      60.0,
      60.0,
      60.0,
      60.0,
      60.0,
      60.0
    ],
    "tw_early_s": [
      35.44368230433082,
      133.42346764304438,
      124.92129909127902,
      24.629053686429444,
      0.0,
      234.33975617421612,
      0.0,
      2.7798429571932957,
      132.1684238136878,
      0.0
    ],
    "tw_late_s": [
      275.4436823043308,
      373.4234676430444,
      364.921299091279,
      264.6290536864294,
      157.56290948790294,
      474.3397561742161,
      162.54015954608184,
      242.7798429571933,
      372.1684238136878,
      156.36109565690836
    ],
    "bs_xy": [
      [
        569.1573424013584,
        406.354536825283
      ],
      [
        145.67451813661603,
        51.672178265383394
      ],
      [
        615.8371455429628,
        335.8776367623644
      ],
      [
        461.3527497414627,
        288.87188822401544
      ],
      [
        611.580498020722,
        7.919073493714568
      ],
      [
        194.76207831429758,
        502.1008264508677
      ],
      [
        796.4733110125004,
        189.4128707632553
      ]
    ],
    "speed_mps": 10.0,
    "capacity_kg": 6.0,
    "altitude_m": 100.0
  }
}