{
  "spec": {
    "run_id": "seed5_N10_M3_D10_B7_K10_lo0.0_lt0.0_twA",
    "seed": 5,
    "n_clients": 10,
    "num_uavs": 3,
    "delta_min": 10,
    "bs_count": 7,
    "edge_samples": 10,
    "lambda_out": 0.0,
    "lambda_tw": 0.0,
    "tw_family": "A",
    "tw_mode": "soft"
  },
  "scenario": {
    "depot_xy": [
      500.0,
      500.0
    ],
    "client_xy": [
      [
        812.9710047150995,
        431.3265668175077
      ],
      [
        364.03144019925213,
        994.7886952549505
      ],
      [
        404.6468044564666,
        18.27490898039963
      ],
      [
        109.17918534505766,
        29.428236731549706
      ],
      [
        471.03247124879255,
        481.5157997899825
      ],
      [
        725.8578564070145,
        944.0640077670909
      ],
      [
        522.6192126922499,
        659.3894125300656
      ],
      [
        947.135043648487,
        958.2509527023549
      ],
      [
        377.0561511070237,
        750.126722550699
      ],
      [
        782.2024177220188,
        416.02069411175347
      ]
    ],
    "delivery": [
      0.0,
      0.0,
      0.8075942848545099,
      0.5332372901870789,
      1.5665326914033106,
      0.0,
      1.5851321313490618,
      0.917812120553382,
      0.8832524726332346,
      1.5258940301484554
    ],
    "pickup": [
      1.8656988884088532,
      0.9192335904807314,
      0.0,
      0.0,
      0.0,
      1.1674661420622887,
      0.0,
      0.0,
      0.0,
      0.0
    ],
    "service_duration_s": [
      60.0,
      60.0,
      60.0,
      60.0,
      60.0,
      60.0,
      60.0,
      60.0,
      60.0,
      60.0
    ],
    "tw_early_s": [
      0.0,
      0.0,
      0.0,
      0.0,
      0.0,
      0.0,
      0.0,
      0.0,
      0.0,
      0.0
    ],
    "tw_late_s": [
      802.2161339188713,
      936.0606069948451,
      649.1071578507864,
      661.1701474211998,
      603.4362528710152,
      808.3391403904124,
      899.1372423428325,
      817.6358845747666,
      908.2483248242348,
      695.2350491463387
    ],
    "bs_xy": [
      [
        536.5441809319715,
        478.9804568351035
      ],
      [
        47.85523053410179,
        10.860311763132735
      ],
      [
        482.0671251853684,
        574.2989911289199
      ],
      [
        415.98211949442367,
        755.3859774252674
      ],
      [
        46.95360174356511,
        264.3943487938737
      ],
      [
        343.47521723393095,
        699.4026514911791
      ],
      [
        387.3762741776362,
        640.7505440050547
      ]
    ],
    "speed_mps": 10.0,
    "capacity_kg": 6.0,
    "altitude_m": 100.0
  }
}