{
  "spec": {
    "run_id": "seed8_N40_M3_D2_B10_K10_lo1.0_lt5.0_twA",
    "seed": 8,
    "n_clients": 40,
    "num_uavs": 3,
    "delta_min": 2,
    "bs_count": 10,
    "edge_samples": 10,
    "lambda_out": 1.0,
    "lambda_tw": 5.0,
    "tw_family": "A",
    "tw_mode": "soft"
  },
  "scenario": {
    "depot_xy": [
      500.0,
      500.0
    ],
    "client_xy": [
      [
        823.2754295380081,
        571.5849347751732
      ],
      [
        190.73350826694391,
        980.8306251386272
      ],
      [
        187.8206005944476,
        623.6995008213577
      ],
      [
        71.00872380365864,
        801.8041027412098
      ],
      [
        620.3045728679883,
        663.8031238030501
      ],
      [
        201.65411456853343,
        191.87864673265852
      ],
      [
        305.8517244318459,
        999.351032887234
      ],
      [
        692.0824642968903,
        232.0738729494153
      ],
      [
        419.14552797725736,
        369.0952232569309
      ],
      [
        969.7026423495938,
        178.44221019162097
      ],
      [
        686.041537370111,
        458.9371735559028
      ],
      [
        714.3365584514124,
        323.49507193287053
      ],
      [
        615.3084777488089,
        618.4191317651987
      ],
      [
        781.122851307197,
        110.35307901162706
      ],
      [
        234.62339641665497,
        760.0730659477766
      ],
      [
        523.8142862229654,
        181.35362998275596
      ],
      [
        783.0361323850071,
        363.39842921386924
      ],
      [
        102.95289131348152,
        444.74671487893903
      ],
      [
        44.55264761777089,
        584.6264751488873
      ],
      [
        811.0988581379725,
        432.7967352982037
      ],
      [
        234.28210488751787,
        214.06404834172633
      ],
      [
        206.3388333635331,
        740.9264180125986
      ],
      [
        582.2090899303836,
        783.7461414232995
      ],
      [
        367.03610519836604,
        396.30049034557067
      ],
      [
        461.01002282408166,
        645.1306318570759
      ],
      [
        528.3808254448792,
        95.6206609596636
      ],
      [
        518.5466709251441,
        276.0004526161527
      ],
      [
        351.39905102853186,
        873.027495774834
      ],
      [
        900.7072209664135,
        519.8783082775205
      ],
      [
        450.80430341557064,
        71.42695452178837
      ],
      [
        295.2688642534932,
        604.1353891258367
      ],
      [
        154.52439794625238,
        556.5442674278228
      ],
      [
        576.0336275409809,
        338.77498814706155
      ],
      [
        656.0471352975402,
        310.9701457503623
      ],
      [
        203.41754688590984,
        7.1436058213907305
      ],
      [
        153.902637922007,
        6.788341858154134
      ],
      [
        599.5644947514469,
        489.46997189285037
      ],
      [
        657.1293796863355,
        70.5943789185115
      ],
      [
        985.4253515588979,
        959.7153984469999
      ],
      [
        344.9571220628475,
        196.02740772161798
      ]
    ],
    "delivery": [
      0.0,
      0.0,
      0.0,
      1.670649313222702,
      0.0,
      0.0,
      0.0,
      0.7780134812051602,
      0.6437266401044929,
      1.5873501962553789,
      0.7175168381622539,
      0.0,
      0.0,
      0.0,
      0.0,
      0.0,
      1.3282503512764816,
      0.0,
      0.0,
      1.427833511356875,
      0.0,
      0.0,
      1.8879919434784793,
      0.0,
      0.7023756683928796,
      0.0,
      0.0,
      1.1601032359359733,
      0.0,
      0.0,
      0.0,
      0.5437710248482016,
      0.0,
      0.0,
      1.2929394423860967,
      0.7884519601860018,
      0.9168316644267851,
      0.0,
      0.5091337129032107,
      0.9917310861223577
    ],
    "pickup": [
      0.7944942177203775,
      1.3983438202254768,
      1.864490534985241,
      0.0,
      0.8051930189191698,
      1.9539559402374311,
      1.303828716833343,
      0.0,
      0.0,
      0.0,
      0.0,
      1.9691881494380943,
      1.5773933994837075,
      1.230150217535909,
      1.2475426114172974,
      0.8840806799496458,
      0.0,
      0.9980493391681444,
      1.3448379244480564,
      0.0,
      1.1982275312725679,
      1.7378889947438485,
      0.0,
      1.8199345932492141,
      0.0,
      0.7240456214796342,
      0.8928617283594711,
      0.0,
      0.9388802024631244,
      1.52214133782935,
      1.492273270422117,
      0.0,
      0.9675875961293778,
      1.4425839698303653,
      0.0,
      0.0,
      0.0,
      1.091122782972206,
      0.0,
      0.0
    ],
    "service_duration_s": [
      60.0,
      60.0,
      60.0,
      60.0,
      60.0,
      60.0,
      60.0,
      60.0,
      60.0,
      60.0,
      60.0,
      60.0,
      60.0,
      60.0,
      60.0,
      60.0,
      60.0,
      60.0,
      60.0,
      60.0,
      60.0,
      60.0,
      60.0,
      60.0,
      60.0,
      60.0,
      60.0,
      60.0,
      60.0,
      60.0,
      60.0,
      60.0,
      60.0,
      60.0,
      60.0,
      60.0,
      60.0,
      60.0,
      60.0,
      60.0
    ],
    "tw_early_s": [
      571.3261408235304,
      754.8407146388469,
      928.2148956845851,
      836.3777803016741,
      653.6199433356509,
      0.0,
      759.6061361744119,
      260.3296637980711,
      10.94426727139495,
      407.41878717965733,
      403.57535233802287,
      329.7387446937861,
      576.0833529608495,
      327.369231729613,
      844.5715963493254,
      166.10009306961075,
      384.89503576954326,
      0.0,
      918.2560905412201,
      497.3940077473933,
      6.6319731914757085,
      856.3468397953283,
      691.9795527415029,
      0.0,
      651.742700785493,
      181.23221109578895,
      182.42876550151078,
      776.7271656148122,
      485.89018543509667,
      100.8789756003616,
      921.3031329858011,
      996.1604273762966,
      242.68573252486902,
      311.1564294762504,
      87.55294125546504,
      1.2631631840701232,
      467.156184816571,
      254.3480431365207,
      587.9854016462552,
      88.1542843877684
    ],
    "tw_late_s": [
      811.3261408235304,
      994.8407146388469,
      1168.2148956845851,
      1076.3777803016742,
      893.6199433356509,
      162.8892802099993,
      999.6061361744119,
      500.3296637980711,
      250.94426727139495,
      647.4187871796573,
      643.5753523380229,
      569.7387446937861,
      816.0833529608495,
      567.3692317296129,
      1084.5715963493253,
      406.10009306961075,
      624.8950357695433,
      160.08732119174255,
      1158.2560905412201,
      737.3940077473933,
      246.6319731914757,
      1096.3468397953284,
      931.9795527415029,
      136.86208338948336,
      891.742700785493,
      421.23221109578895,
      422.4287655015108,
      1016.7271656148122,
      725.8901854350967,
      340.8789756003616,
      1161.303132985801,
      1236.1604273762966,
      482.685732524869,
      551.1564294762504,
      327.55294125546504,
      241.26316318407012,
      707.156184816571,
      494.3480431365207,
      827.9854016462552,
      328.15428438776837
    ],
    "bs_xy": [
      [
        685.5209705923002,
        326.28560495801804
      ],
      [
        939.9830694455787,
        898.080336972988
      ],
      [
        350.014515030872,
        288.61239249403513
      ],
      [
        921.0755921383361,
        24.1160361262871
      ],
      [
        964.530830556443,
        388.11984783351926
      ],
      [
        211.04651651960882,
        254.51484398942858
      ],
      [
        24.104166233028135,
        462.48924860508845
      ],
      [
        39.13658950433596,
        93.54798627145078
      ],
      [
        42.37971371736571,
        905.8285374449338
      ],
      [
        648.1319967834739,
        41.13661453556239
      ]
    ],
    "speed_mps": 10.0,