{
  "spec": {
    "run_id": "seed7_N40_M3_D10_B7_K10_lo0.5_lt5.0_twA",
    "seed": 7,
    "n_clients": 40,
    "num_uavs": 3,
    "delta_min": 10,
    "bs_count": 7,
    "edge_samples": 10,
    "lambda_out": 0.5,
    "lambda_tw": 5.0,
    "tw_family": "A",
    "tw_mode": "soft"
  },
  "scenario": {
    "depot_xy": [
      500.0,
      500.0
    ],
    "client_xy": [
      [
        368.48908976698056,
        298.67202146976325
      ],
      [
        299.85489954755417,
        340.63266256159966
      ],
      [
        157.15705182749585,
        446.6826209618394
      ],
      [
        791.8434598111015,
        625.3453455114154
      ],
      [
        511.9162539914607,
        603.5737487688045
      ],
      [
        729.370249412932,
        416.3792144243461
      ],
      [
        553.5082207659724,
        446.9224441256097
      ],
      [
        288.11422222512994,
        178.40279205944677
      ],
      [
        171.33512235426974,
        507.42532485466705
      ],
      [
        554.2299726594564,
        781.8305335324665
      ],
      [
        167.04358472718184,
        242.0943515439571
      ],
      [
        419.42046896659525,
        675.547983324861
      ],
      [
        590.9123937132618,
        476.9679432369065
      ],
      [
        954.5551933336059,
        263.7322826739125
      ],
      [
        241.59312088595019,
        961.5702453252783
      ],
      [
        942.8132978983649,
        798.0553589077568
      ],
      [
        104.32015213032142,
        731.2696429154636
      ],
      [
        386.3572770490633,
        640.5259743659086
      ],
      [
        920.5824488879769,
        483.6332760805847
      ],
      [
        672.57355289679,
        545.1756829061087
      ],
      [
        572.4091582054521,
        594.6987794817674
      ],
      [
        100.77363259651617,
        794.7466973716195
      ],
      [
        987.8835212018785,
        21.066409261238704
      ],
      [
        87.06294600490405,
        708.2518097175303
      ],
      [
        267.26656983730754,
        207.6167584077746
      ],
      [
        735.9292918516652,
        376.904420273823
      ],
      [
        175.49372166469212,
        17.78115197051222
      ],
      [
        452.67803852802314,
        161.16176382496482
      ],
      [
        919.9359521607836,
        810.7147416111544
      ],
      [
        822.7140105615671,
        296.21448627300606
      ],
      [
        987.553270509308,
        956.4140540984707
      ],
      [
        909.6220433947493,
        21.689303322704244
      ],
      [
        560.1398228336334,
        774.0427745215411
      ],
      [
        119.64789194859048,
        502.0723590877193
      ],
      [
        627.3034675095789,
        613.7286822274267
      ],
      [
        763.5432821887553,
        804.7324316852398
      ],
      [
        147.20828161489808,
        56.633993209933564
      ],
      [
        465.30157131753623,
        221.50215191309408
      ],
      [
        831.200008739067,
        857.529808771558
      ],
      [
        734.4563993956797,
        430.39072770431295
      ]
    ],
    "delivery": [
      0.0,
      0.0,
      1.2178907690794114,
      0.0,
      0.0,
      0.0,
      1.2287734411276852,
      1.7763225178079785,
      0.0,
      0.6654321353318486,
      0.8010314725681211,
      0.0,
      1.7685236489146843,
      0.0,
      0.6930135149808395,
      0.0,
      1.4302410626414659,
      1.5422790525789563,
      0.0,
      0.0,
      1.2821796065426383,
      0.5050881002107643,
      1.698946945145424,
      1.2145658696006527,
      0.0,
      0.940379025709514,
      1.0732387682748037,
      1.1450872671444885,
      0.0,
      0.0,
      0.0,
      1.5589605994475555,
      0.0,
      1.1376009082875593,
      0.0,
      0.0,
      0.0,
      0.0,
      0.7696752163907505,
      0.0
    ],
    "pickup": [
      1.5800995910375049,
      1.0746199827794602,
      0.0,
      1.123474906983942,
      1.0510885905888985,
      1.7890926928044018,
      0.0,
      0.0,
      0.8964719829969936,
      0.0,
      0.0,
      1.4511433730535468,
      0.0,
      1.0887147604897738,
      0.0,
      1.1114366393817883,
      0.0,
      0.0,
      1.4565818635856254,
      1.7916276627321384,
      0.0,
      0.0,
      0.0,
      0.0,
      0.5295037417118353,
      0.0,
      0.0,
      0.0,
      1.617173891681857,
      1.0515246162187382,
      0.633426197495813,
      0.0,
      1.3105650148330499,
      0.0,
      1.9579368533198775,
      1.2214020158832226,
      1.1896845532060438,
      0.7942337356836795,
      0.0,
      1.3817762366141895
    ],
    "service_duration_s": [
      60.0,
      60.0,
      60.0,
      60.0,
      60.0,
      60.0,
      60.0,
      60.0,
      60.0,
      60.0,
      60.0,
      60.0,
      60.0,
      60.0,
      60.0,
      60.0,
      60.0,
      60.0,
      60.0,
      60.0,
      60.0,
      60.0,
      60.0,
      60.0,
      60.0,
      60.0,
      60.0,
      60.0,
      60.0,
      60.0,
      60.0,
      60.0,
      60.0,
      60.0,
      60.0,
      60.0,
      60.0,
      60.0,
      60.0,
      60.0
    ],
    "tw_early_s": [
      0.0,
      0.0,
      0.0,
      50.43875946271362,
      327.7856634334423,
      0.0,
      0.0,
      0.0,
      435.09196017174963,
      291.45136111106194,
      0.0,
      251.4848786984836,
      0.0,
      0.0,
      387.5135525422843,
      70.15385857007061,
      474.32441515826645,
      400.8740260764167,
      0.0,
      0.0,
      261.67161686828683,
      345.5060691184352,
      0.0,
      491.5601606275857,
      0.0,
      0.0,
      0.0,
      0.0,
      15.912989123813077,
      0.0,
      146.60959966299424,
      0.0,
      174.30839464451196,
      557.2953390669716,
      126.93371503477829,
      210.3951129920099,
      0.0,
      0.0,
      85.94579439859797,
      0.0
    ],
    "tw_late_s": [
      813.5622033042574,
      625.5843720808865,
      634.6964018334918,
      1250.4387594627137,
      1527.7856634334423,
      1098.3636700247114,
      901.6919078444866,
      784.6058325069771,
      1635.0919601717496,
      1491.451361111062,
      642.1159468582695,
      1451.4848786984835,
      1165.4609399363926,
      1063.3058058894635,
      1587.5135525422843,
      1270.1538585700705,
      1674.3244151582664,
      1600.8740260764166,
      1178.6331579406271,
      1119.6226118499956,
      1461.671616868287,
      1545.5060691184353,
      978.811418051097,
      1691.5601606275857,
      721.0168487512536,
      981.2316035535198,
      720.1818865082786,
      811.3891205047014,
      1215.912989123813,
      1023.147685128209,
      1346.6095996629942,
      934.3523587288034,
      1374.308394644512,
      1757.2953390669716,
      1326.9337150347783,
      1410.39511299201,
      720.767752069278,
      862.8412133634847,
      1285.945794398598,
      1046.582261919306
    ],
    "bs_xy": [
      [
        422.2225750503874,
        2.6124724941757327
      ],
      [
        258.29199165298957,
        210.134353885552
      ],
      [
        703.86448517318,
        599.2887581443727
      ],
      [
        124.15630959067681,
        120.88426131305053
      ],
      [
        161.35695698015638,
        118.71550528978713
      ],
      [
        387.68919615206477,
        538.9186299543211
      ],
      [
        571.2237179133656,
        32.064144676502984
      ]
    ],
    "speed_mps": 10.0,
    "capacity_kg": 6.0,
    "altitude_m": 100.0
  }
}