{
  "spec": {
    "run_id": "seed10_N20_M3_D2_B4_K10_lo1.0_lt0.0_twA",
    "seed": 10,
    "n_clients": 20,
    "num_uavs": 3,
    "delta_min": 2,
    "bs_count": 4,
    "edge_samples": 10,
    "lambda_out": 1.0,
    "lambda_tw": 0.0,
    "tw_family": "A",
    "tw_mode": "soft"
  },
  "scenario": {
    "depot_xy": [
      500.0,
      500.0
    ],
    "client_xy": [
      [
        889.7836424948965,
        128.35280443574183
      ],
      [
        145.85220774957563,
        498.452308972514
      ],
      [
        402.661744074302,
        988.7781071123936
      ],
      [
        591.7550588359413,
        610.7326353683251
      ],
      [
        146.1077005340562,
        957.3779836698684
      ],
      [
        541.393322448285,
        2.1398525060251083
      ],
      [
        612.4676243806748,
        98.77398860853503
      ],
      [
        126.38286635096063,
        465.5301684975024
      ],
      [
        601.7950842456129,
        818.9783390543988
      ],
      [
        852.1582937927333,
        974.6396359458089
      ],
      [
        258.22722101436915,
        173.03713789600096
      ],
      [
        787.0252126534729,
        86.71488028652597
      ],
      [
        714.0635391580718,
        721.4528468961968
      ],
      [
        677.5798049629163,
        724.8390534356066
      ],
      [
        943.0399116183653,
        822.5148536570626
      ],
      [
        825.4541742918152,
        667.4147740334093
      ],
      [
        197.06160498077153,
        168.52904057146168
      ],
      [
        448.95773596864296,
        715.8792301838355
      ],
      [
        129.80058446649335,
        283.09381049350856
      ],
      [
        450.1289675924691,
        34.50698631436888
      ]
    ],
    "delivery": [
      0.0,
      1.9609224108890568,
      1.811588817983207,
      0.0,
      0.0,
      0.0,
      0.0,
      0.0,
      1.3905148079186107,
      0.0,
      1.0191906569380293,
      1.023486469262491,
      0.0,
      1.882517029355667,
      0.0,
      0.0,
      0.0,
      0.0,
      0.0,
      1.8004136471708945
    ],
    "pickup": [
      0.8787090220883831,
      0.0,
      0.0,
      1.0495394311605348,
      1.7585636186141536,
      0.9824077279501916,
      0.5018668249320041,
      1.0398803644763783,
      0.0,
      0.8046396613327068,
      0.0,
      0.0,
      1.0223241881740168,
      0.0,
      1.8791006541647033,
      0.559813738778707,
      1.489130233496593,
      1.4690314661043673,
      0.8891263991417544,
      0.0
    ],
    "service_duration_s": [
      60.0,
      60.0,
      60.0,
      60.0,
      60.0,
      60.0,
      60.0,
      60.0,
      60.0,
      60.0,
      60.0,
      60.0,
      60.0,
      60.0,
      60.0,
      60.0,
      60.0,
      60.0,
      60.0,
      60.0
    ],
    "tw_early_s": [
      204.09987140656108,
      0.0,
      439.15778802935995,
      310.56742572829353,
      499.04028087425024,
      107.04511134297496,
      105.7979856540585,
      0.0,
      391.41618473547067,
      414.79804749920356,
      9.603886864447048,
      117.5451192978633,
      325.95819462044216,
      341.0469281258424,
      252.76095453919982,
      226.5199432387468,
      8.802505056373263,
      522.7070902176465,
      0.0,
      23.453368957170625
    ],
    "tw_late_s": [
      444.0998714065611,
      155.41511740815866,
      679.15778802936,
      550.5674257282935,
      739.0402808742502,
      347.04511134297496,
      345.7979856540585,
      157.52038537114655,
      631.4161847354707,
      654.7980474992036,
      249.60388686444705,
      357.54511929786327,
      565.9581946204421,
      581.0469281258424,
      492.7609545391998,
      466.5199432387468,
      248.80250505637326,
      762.7070902176465,
      162.90639839319726,
      263.4533689571706
    ],
    "bs_xy": [
      [
        792.9787509922954,
        652.4880940177832
      ],
      [
        710.2382058222915,
        612.2191883750629
      ],
      [
        292.94411806984874,
        192.96571066351166
      ],
      [
        554.0169766771639,
        614.2755433166175
      ]
    ],
    "speed_mps": 10.0,
    "capacity_kg": 6.0,
    "altitude_m": 100.0
  }
}