{
  "spec": {
    "run_id": "seed5_N40_M3_D10_B7_K10_lo1.0_lt1.0_twA",
    "seed": 5,
    "n_clients": 40,
    "num_uavs": 3,
    "delta_min": 10,
    "bs_count": 7,
    "edge_samples": 10,
    "lambda_out": 1.0,
    "lambda_tw": 1.0,
    "tw_family": "A",
    "tw_mode": "soft"
  },
  "scenario": {
    "depot_xy": [
      500.0,
      500.0
    ],
    "client_xy": [
      [
        997.8472054372854,
        360.40823902742216
      ],
      [
        855.7244612060913,
        758.2901452310227
      ],
      [
        883.571854790667,
        301.088700636858
      ],
      [
        619.8968540051613,
        769.4485285169587
      ],
      [
        107.76890099222547,
        938.645829597911
      ],
      [
        228.29765653580068,
        852.115471235126
      ],
      [
        76.15124416849328,
        115.57386889875643
      ],
      [
        465.7840239405687,
        147.1970244103047
      ],
      [
        119.24178508700744,
        444.2454953020225
      ],
      [
        908.2300873155581,
        777.722751351888
      ],
      [
        832.7288962143937,
        497.86302108196725
      ],
      [
        391.8500424228437,
        491.2119148405654
      ],
      [
        512.0065264037898,
        273.3623318002518
      ],
      [
        614.5981708526621,
        386.2029339388675
      ],
      [
        402.67138344450217,
        460.5595595170062
      ],
      [
        551.945262023118,
        728.4116405313201
      ],
      [
        287.72155886024706,
        638.2488003600901
      ],
      [
        361.9948729210939,
        521.5401270401562
      ],
      [
        50.80127284482838,
        874.4350683571929
      ],
      [
        697.0415304609378,
        709.3722555662363
      ],
      [
        242.31851877249534,
        976.2219790406447
      ],
      [
        978.5148088073322,
        758.792687063833
      ],
      [
        567.7429830759348,
        980.9148494596183
      ],
      [
        849.6428422828387,
        349.48950278031043
      ],
      [
        333.3641504250021,
        860.2110281179414
      ],
      [
        347.3496740882152,
        284.6179618495084
      ],
      [
        464.29826090066405,
        246.94710119755248
      ],
      [
        26.66159062632545,
        875.2532289061629
      ],
      [
        540.0370854584968,
        377.3724530359777
      ],
      [
        834.0100966258931,
        877.7461558065796
      ],
      [
        540.0399813467837,
        886.0540747173487
      ],
      [
        498.93103602279285,
        628.918281438489
      ],
      [
        466.8765809202252,
        563.5511736593996
      ],
      [
        311.16779542231944,
        757.8496394072044
      ],
      [
        591.7781366232279,
        910.5882279799115
      ],
      [
        169.89008373182057,
        193.7019196989328
      ],
      [
        491.61117144721055,
        576.7990756385523
      ],
      [
        175.23546512346988,
        433.58540216146224
      ],
      [
        397.9885384751998,
        175.4278638017236
      ],
      [
        825.3199435593131,
        689.5213692981229
      ]
    ],
    "delivery": [
      0.8310796178357628,
      1.6124982493754088,
      0.8276123143933413,
      1.820729074676519,
      0.7546259848747057,
      0.0,
      0.0,
      1.631840081033411,
      0.0,
      1.1329369870979495,
      0.0,
      0.0,
      1.9879919342117032,
      1.2946666623271041,
      0.0,
      1.0041778478645969,
      0.7079546112742547,
      0.7782137854312157,
      0.0,
      0.0,
      1.0453250553603886,
      0.0,
      1.4110528134083653,
      0.0,
      0.0,
      1.5005907689197011,
      0.0,
      0.0,
      1.0361450657318763,
      0.0,
      0.6852827699818085,
      0.0,
      1.9755298007309754,
      1.048096630629259,
      0.0,
      0.5040400353378575,
      0.0,
      0.7780817333230676,
      1.4570324943437447,
      0.0
    ],
    "pickup": [
      0.0,
      0.0,
      0.0,
      0.0,
      0.0,
      1.4667599062568062,
      0.578960639369986,
      0.0,
      1.2800095223815442,
      0.0,
      1.2419588439192726,
      0.7000501318147577,
      0.0,
      0.0,
      1.4518434563655032,
      0.0,
      0.0,
      0.0,
      1.828967658205709,
      1.9798047004140953,
      0.0,
      1.5797529049375734,
      0.0,
      1.7102637495646276,
      1.891780245306017,
      0.0,
      1.5484187459047252,
      1.2032183448185436,
      0.0,
      1.7287420122346437,
      0.0,
      1.1607082723112216,
      0.0,
      0.0,
      1.351762268717935,
      0.0,
      1.3137234140673457,
      0.0,
      0.0,
      1.8450640305188435
    ],
    "service_duration_s": [
      60.0,
      60.0,
      60.0,
      60.0,
      60.0,
      60.0,
      60.0,
      60.0,
      60.0,
      60.0,
      60.0,
      60.0,
      60.0,
      60.0,
      60.0,
      60.0,
      60.0,
      60.0,
      60.0,
      60.0,
      60.0,
      60.0,
      60.0,
      60.0,
      60.0,
      60.0,
      60.0,
      60.0,
      60.0,
      60.0,
      60.0,
      60.0,
      60.0,
      60.0,
      60.0,
      60.0,
      60.0,
      60.0,
      60.0,
      60.0
    ],
    "tw_early_s": [
      0.0,
      0.0,
      0.0,
      32.02883234479589,
      395.9848589643324,
      377.2463496673241,
      0.0,
      0.0,
      0.0,
      0.0,
      0.0,
      0.0,
      0.0,
      0.0,
      0.0,
      62.0263932276149,
      491.0021881384248,
      484.716416140604,
      377.6657736013591,
      0.0,
      322.01504627705583,
      0.0,
      113.80910579255738,
      0.0,
      218.66405656535846,
      0.0,
      0.0,
      457.54227509719635,
      0.0,
      38.421519824163056,
      137.8355275379048,
      212.52414569351618,
      279.8044938111034,
      289.1380873435239,
      122.86634016536641,
      0.0,
      214.93155846659795,
      0.0,
      0.0,
      0.0
    ],
    "tw_late_s": [
      1017.2525892710685,
      1148.4196879647739,
      996.6560875879741,
      1232.0288323447958,
      1595.9848589643325,
      1577.246349667324,
      731.630292381473,
      830.6861425961667,
      638.4818636526151,
      1165.9662845968858,
      1076.9797535032126,
      610.8506422688753,
      899.3962506602429,
      918.8409779021581,
      674.1012857565385,
      1262.0263932276148,
      1691.0021881384248,
      1684.716416140604,
      1577.665773601359,
      1187.3923830819206,
      1522.0150462770557,
      1076.1405503678875,
      1313.8091057925574,
      973.2293536448267,
      1418.6640565653584,
      752.5446957763513,
      807.0613195833481,
      1657.5422750971964,
      882.1434752474364,
      1238.4215198241632,
      1337.835527537905,
      1412.5241456935162,
      1479.8044938111034,
      1489.138087343524,
      1322.8663401653664,
      717.1428931312932,
      1414.9315584665978,
      633.1485900031395,
      824.3658609136533,
      1114.4118557610961
    ],
    "bs_xy": [
      [
        972.1020948871609,
        327.6542990007487
      ],
      [
        0.6256123229171351,
        517.3183979297969
      ],
      [
        569.6265896212,
        137.90331447874027
      ],
      [
        173.1657324485295,
        946.1579202034477
      ],
      [
        834.7062072659148,
        884.1642793192302
      ],
      [
        786.9601336606651,
        759.4011660030422
      ],
      [
        675.3307514338393,
        460.3351950315365
      ]
    ],
    "speed_mps": 10.0,
    "capacity_kg": 6.0,
    "altitude_m": 100.0
  }
}