{
  "spec": {
    "run_id": "seed5_N40_M3_D2_B4_K10_lo0.5_lt5.0_twA",
    "seed": 5,
    "n_clients": 40,
    "num_uavs": 3,
    "delta_min": 2,
    "bs_count": 4,
    "edge_samples": 10,
    "lambda_out": 0.5,
    "lambda_tw": 5.0,
    "tw_family": "A",
    "tw_mode": "soft"
  },
  "scenario": {
    "depot_xy": [
      500.0,
      500.0
    ],
    "client_xy": [
      [
        754.6504077332044,
        260.41638712928597
      ],
      [
        510.8075868193207,
        399.55175140543764
      ],
      [
        276.65291522310974,
        406.2656342506915
      ],
      [
        516.8930113633611,
        869.0758744719627
      ],
      [
        205.16106218992957,
        705.5324156292279
      ],
      [
        315.35036093228285,
        772.3774251835795
      ],
      [
        243.89900260570408,
        374.46825626513333
      ],
      [
        864.1837609441515,
        360.261337156354
      ],
      [
        641.3192287363589,
        874.8109074483754
      ],
      [
        803.5112986725691,
        576.307420806646
      ],
      [
        775.3036971994829,
        368.10688895761155
      ],
      [
        510.4532747943333,
        470.1034760594852
      ],
      [
        127.67775559391437,
        480.16916898966775
      ],
      [
        146.94633827122462,
        828.6692655725018
      ],
      [
        255.89315517100187,
        592.3848943522639
      ],
      [
        839.6234563359603,
        243.4716333065804
      ],
      [
        414.87950383850836,
        652.335340363047
      ],
      [
        572.1780043760953,
        372.05976324952627
      ],
      [
        204.63821759712363,
        316.4577918991166
      ],
      [
        0.980397547168832,
        391.3483304249491
      ],
      [
        280.049444692817,
        867.9997445181241
      ],
      [
        402.11831040542825,
        519.5625669275146
      ],
      [
        791.3002149195646,
        599.7550057740756
      ],
      [
        643.4018116025162,
        198.01760754864785
      ],
      [
        574.9232817512619,
        235.51512466943947
      ],
      [
        754.3537568845945,
        70.96666679006536
      ],
      [
        449.921010657374,
        80.90356473013183
      ],
      [
        865.1145486151216,
        854.9686163072967
      ],
      [
        251.91083402562919,
        342.2549549595597
      ],
      [
        938.0309661359804,
        824.8834326421298
      ],
      [
        700.0127790576988,
        188.74213788788342
      ],
      [
        468.7451691577336,
        799.4797839797607
      ],
      [
        743.561997838085,
        698.4248032504278
      ],
      [
        437.6287741883096,
        611.2068994150175
      ],
      [
        944.0776888294637,
        458.13387953327776
      ],
      [
        97.01501772198151,
        677.8143542175587
      ],
      [
        752.348388843432,
        494.84889360184127
      ],
      [
        217.39920804870482,
        216.8489475701335
      ],
      [
        799.2098482689094,
        935.6689219806057
      ],
      [
        19.994231513752013,
        386.80374231064627
      ]
    ],
    "delivery": [
      0.0,
      1.6694852287696431,
      0.8080817766568411,
      1.6242254018292908,
      0.0,
      1.0316007916654955,
      1.9735353966790816,
      0.0,
      0.0,
      1.3965557316548716,
      1.37579321294717,
      1.315058775595722,
      1.8050483134149962,
      0.0,
      1.611358950294108,
      0.0,
      1.4167371838820098,
      0.0,
      1.0088302708238563,
      0.0,
      0.0,
      0.0,
      1.92491475924167,
      0.6333821025380145,
      1.878143747393811,
      0.0,
      0.0,
      1.1747467310748836,
      0.0,
      0.0,
      1.0442432520023819,
      0.0,
      0.0,
      1.1479716680356198,
      0.9067535920213909,
      0.0,
      0.0,
      0.0,
      0.0,
      0.6899814335071319
    ],
    "pickup": [
      1.0508743862079337,
      0.0,
      0.0,
      0.0,
      1.755982039685981,
      0.0,
      0.0,
      1.483704213376963,
      1.230087803271831,
      0.0,
      0.0,
      0.0,
      0.0,
      0.9942424050462833,
      0.0,
      1.528723050493174,
      0.0,
      0.6269166157595605,
      0.0,
      0.6492781781158605,
      1.895517642448507,
      1.9643655068706605,
      0.0,
      0.0,
      0.0,
      1.6973916521794425,
      1.7980578073815954,
      0.0,
      0.5877349745758271,
      1.8705116330307745,
      0.0,
      0.6059401255125858,
      1.699919757351238,
      0.0,
      0.0,
      1.1297227171808255,
      0.5928959856587099,
      1.216239552935561,
      0.8113358441852643,
      0.0
    ],
    "service_duration_s": [
      60.0,
      60.0,
      60.0,
      60.0,
      60.0,
      60.0,
      60.0,
      60.0,
      60.0,
      60.0,
      60.0,
      60.0,
      60.0,
      60.0,
      60.0,
      60.0,
      60.0,
      60.0,
      60.0,
      60.0,
      60.0,
      60.0,
      60.0,
      60.0,
      60.0,
      60.0,
      60.0,
      60.0,
      60.0,
      60.0,
      60.0,
      60.0,
      60.0,
      60.0,
      60.0,
      60.0,
      60.0,
      60.0,
      60.0,
      60.0
    ],
    "tw_early_s": [
      342.254694482201,
      147.29361615710474,
      0.0,
      734.6130035649305,
      878.8239639691002,
      820.8457160778419,
      15.421540807148972,
      417.0758177566164,
      653.5077364560882,
      499.5161960820203,
      376.6069194449226,
      202.47144604026454,
      0.0,
      917.8929924889271,
      1003.9121609989961,
      388.49014670524593,
      745.2520787806274,
      260.8630088500576,
      9.076268327718651,
      0.0,
      800.9343293193396,
      965.9121426178685,
      553.1949104082996,
      231.41772019973104,
      187.20578553313368,
      309.24725577966245,
      103.08353850758095,
      639.7622856757816,
      60.777498136157874,
      547.355624173274,
      297.15430103995243,
      720.8592050548378,
      573.120082940365,
      821.5906290334299,
      472.36284379646247,
      904.6390967719099,
      449.48732391177043,
      91.40468367238446,
      625.116459574186,
      0.0
    ],
    "tw_late_s": [
      582.254694482201,
      387.29361615710474,
      233.91489101838198,
      974.6130035649305,
      1118.8239639691,
      1060.8457160778419,
      255.42154080714897,
      657.0758177566164,
      893.5077364560882,
      739.5161960820203,
      616.6069194449226,
      442.47144604026454,
      157.28499906640008,
      1157.8929924889271,
      1243.9121609989961,
      628.4901467052459,
      985.2520787806274,
      500.8630088500576,
      249.07626832771865,
      171.07110229216005,
      1040.9343293193397,
      1205.9121426178685,
      793.1949104082996,
      471.41772019973104,
      427.2057855331337,
      549.2472557796625,
      343.08353850758095,
      879.7622856757816,
      300.7774981361579,
      787.355624173274,
      537.1543010399524,
      960.8592050548378,
      813.120082940365,
      1061.5906290334299,
      712.3628437964625,
      1144.6390967719099,
      689.4873239117704,
      331.40468367238446,
      865.116459574186,
      169.31723132282957
    ],
    "bs_xy": [
      [
        319.65621956488764,
        521.9827637118814
      ],
      [
        377.2573951623004,
        539.3145143695848
      ],
      [
        571.0112753416968,
        751.4887671620623
      ],
      [
        829.6561714042759,
        753.948013285504
      ]
    ],
    "speed_mps": 10.0,
    "capacity_kg": 6.0,
    "altitude_m": 100.0
  }
}