{
  "spec": {
    "run_id": "seed7_N10_M3_D5_B4_K10_lo0.5_lt1.0_twA",
    "seed": 7,
    "n_clients": 10,
    "num_uavs": 3,
    "delta_min": 5,
    "bs_count": 4,
    "edge_samples": 10,
    "lambda_out": 0.5,
    "lambda_tw": 1.0,
    "tw_family": "A",
    "tw_mode": "soft"
  },
  "scenario": {
    "depot_xy": [
      500.0,
      500.0
    ],
    "client_xy": [
      [
        575.059235240873,
        116.72355620901531
      ],
      [
        67.58415817842689,
        448.1329428561954
      ],
      [
        403.88583739768336,
        454.98825322598424
      ],
      [
        533.1540895529164,
        277.4086799731673
      ],
      [
        887.815787231343,
        548.4038174871995
      ],
      [
        267.5604113498824,
        473.5754656887301
      ],
      [
        695.613661128473,
        919.2559996163924
      ],
      [
        168.54119821791303,
        782.9975505520956
      ],
      [
        835.0234419948633,
        628.4927443061929
      ],
      [
        992.0010743011139,
        43.742842761201
      ]
    ],
    "delivery": [
      1.4767189365441236,
      1.2352623467033161,
      0.0,
      1.637279278794269,
      0.0,
      0.0,
      0.0,
      0.8252976293914638,
      0.0,
      1.7373099548536455
    ],
    "pickup": [
      0.0,
      0.0,
      1.6472272623821493,
      0.0,
      1.0075614480699682,
      1.6407528177190014,
      1.6762793617364027,
      0.0,
      1.0908592998787283,
      0.0
    ],
    "service_duration_s": [
      60.0,
      60.0,
      60.0,
      60.0,
      60.0,
      60.0,
      60.0,
      60.0,
      60.0,
      60.0
    ],
    "tw_early_s": [
      0.0,
      0.0,
      0.0,
      0.0,
      0.0,
      0.0,
      0.0,
      56.702974776486826,
      0.0,
      0.0
    ],
    "tw_late_s": [
      464.1620274611708,
      343.5515386496296,
      310.6131944297618,
      416.41206857599377,
      521.0465042010123,
      323.3936782882477,
      594.8089281356214,
      656.7029747764868,
      581.5631677528825,
      442.3768565092799
    ],
    "bs_xy": [
      [
        491.7689104789417,
        277.8818787098838
      ],
      [
        612.7882866671833,
        893.2537581568131
      ],
      [
        610.1282512152554,
        950.4214773977673
      ],
      [
        793.1524773130947,
        589.755926928628
      ]
    ],
    "speed_mps": 10.0,
    "capacity_kg": 6.0,
    "altitude_m": 100.0
  }
}