{
  "spec": {
    "run_id": "seed9_N40_M3_D10_B7_K10_lo0.5_lt1.0_twA",
    "seed": 9,
    "n_clients": 40,
    "num_uavs": 3,
    "delta_min": 10,
    "bs_count": 7,
    "edge_samples": 10,
    "lambda_out": 0.5,
    "lambda_tw": 1.0,
    "tw_family": "A",
    "tw_mode": "soft"
  },
  "scenario": {
    "depot_xy": [
      500.0,
      500.0
    ],
    "client_xy": [
      [
        589.4973022988747,
        950.18776049119
      ],
      [
        33.15076454984278,
        467.53814528187985
      ],
      [
        680.3643903305814,
        653.7990530772317
      ],
      [
        311.025621201299,
        202.55767606687914
      ],
      [
        142.7688195830099,
        185.72934659675568
      ],
      [
        485.35127316526683,
        797.5134024877257
      ],
      [
        868.7452136714716,
        908.6261878362513
      ],
      [
        188.73814400310673,
        455.95254385127004
      ],
      [
        187.06446547590272,
        549.5847277387923
      ],
      [
        898.7965100209176,
        536.6525875422144
      ],
      [
        806.4247775338484,
        20.602676167628232
      ],
      [
        636.6749416856276,
        841.5717914903565
      ],
      [
        708.051086311757,
        961.1768676826357
      ],
      [
        247.89068280925864,
        674.0170051149566
      ],
      [
        20.44177493998667,
        417.03637528601433
      ],
      [
        592.6272638512468,
        596.85711857346
      ],
      [
        630.7766506239982,
        598.3242083478356
      ],
      [
        699.4047652636959,
        309.76829949140125
      ],
      [
        196.8703242786607,
        632.0001152522774
      ],
      [
        306.3341299816699,
        994.7610817811102
      ],
      [
        589.7928980725005,
        355.17297307708674
      ],
      [
        163.58749613690927,
        337.561190218069
      ],
      [
        59.178235158661494,
        113.85763529234094
      ],
      [
        393.55228622174855,
        395.5676313866475
      ],
      [
        160.83571377865525,
        422.2142114936298
      ],
      [
        267.89471704702515,
        764.8516881883778
      ],
      [
        959.8232164251815,
        124.37243908143003
      ],
      [
        443.5090138205119,
        665.0963462357107
      ],
      [
        273.37413515576446,
        107.98839200345212
      ],
      [
        783.7349982821747,
        927.0003406520548
      ],
      [
        874.4062592535801,
        997.5112052520566
      ],
      [
        832.4849422130576,
        18.72370091268405
      ],
      [
        225.30709405514705,
        698.775611666482
      ],
      [
        668.5229981369699,
        545.0185649635787
      ],
      [
        634.3640941416998,
        824.3854621995458
      ],
      [
        61.03089057251243,
        296.21897520625026
      ],
      [
        34.356567061368914,
        967.7029992636783
      ],
      [
        420.8229765422932,
        9.607067252912271
      ],
      [
        797.7063824134513,
        876.4506346052177
      ],
      [
        185.6779189877088,
        303.7271869974296
      ]
    ],
    "delivery": [
      1.2520580381170268,
      0.0,
      0.0,
      1.1869854689654793,
      0.0,
      0.0,
      1.073954779696865,
      0.0,
      0.0,
      0.0,
      0.6722244163883044,
      0.8314261173935257,
      0.0,
      0.0,
      0.0,
      0.0,
      0.0,
      0.0,
      0.0,
      0.0,
      1.1020789457881395,
      1.5248678522319845,
      0.0,
      1.4395934522483227,
      0.9533019823591553,
      0.0,
      0.0,
      0.0,
      1.1307011407622363,
      0.0,
      0.0,
      0.8126606281259434,
      1.9123380852845113,
      0.0,
      0.0,
      0.0,
      0.7578308340691395,
      0.0,
      1.8528383241245083,
      0.0
    ],
    "pickup": [
      0.0,
      1.6018731684158842,
      0.5520558017199054,
      0.0,
      1.8706387277991583,
      0.7482553929286571,
      0.0,
      1.416986707033161,
      0.626323606041453,
      1.1776672597020736,
      0.0,
      0.0,
      0.982261003830443,
      1.541506440326491,
      0.5679991748478422,
      0.9695385591395387,
      1.0006763290853717,
      1.1516748193980506,
      1.3178893800116427,
      0.6313630465661073,
      0.0,
      0.0,
      0.6266091760207562,
      0.0,
      0.0,
      1.5422720977947122,
      1.9985874995781083,
      1.8278530109618045,
      0.0,
      0.9105253902089774,
      1.0868774447298823,
      0.0,
      0.0,
      1.967786266416238,
      0.8512220763075163,
      0.6038228028829468,
      0.0,
      0.554180287749684,
      0.0,
      1.6906705490850151
    ],
    "service_duration_s": [
      60.0,
      60.0,
      60.0,
      60.0,
      60.0,
      60.0,
      60.0,
      60.0,
      60.0,
      60.0,
      60.0,
      60.0,
      60.0,
      60.0,
      60.0,
      60.0,
      60.0,
      60.0,
      60.0,
      60.0,
      60.0,
      60.0,
      60.0,
      60.0,
      60.0,
      60.0,
      60.0,
      60.0,
      60.0,
      60.0,
      60.0,
      60.0,
      60.0,
      60.0,
      60.0,
      60.0,
      60.0,
      60.0,
      60.0,
      60.0
    ],
    "tw_early_s": [
      301.4591492621088,
      0.0,
      72.04937862176848,
      0.0,
      0.0,
      267.10814957564503,
      84.90423151317168,
      0.0,
      556.2131570699021,
      0.0,
      0.0,
      230.60881885945832,
      229.55294912073782,
      418.3988542120278,
      0.0,
      0.0,
      0.0,
      0.0,
      524.9598476765609,
      390.12413890584617,
      0.0,
      0.0,
      0.0,
      0.0,
      0.0,
      349.09772469199925,
      0.0,
      316.77304223142494,
      0.0,
      153.60155651125763,
      102.37043411327181,
      0.0,
      480.81172256276113,
      0.0,
      191.96650884271583,
      0.0,
      427.66277706525784,
      0.0,
      157.2173880509804,
      0.0
    ],
    "tw_late_s": [
      1501.459149262109,
      646.7976474464408,
      1272.0493786217685,
      876.8253717989718,
      800.3662609062777,
      1467.108149575645,
      1284.9042315131717,
      631.436304075353,
      1756.213157069902,
      1187.263115228558,
      989.5820018263815,
      1430.6088188594583,
      1429.5529491207378,
      1618.3988542120278,
      648.6681676507749,
      1193.3884885187767,
      1185.7997106142643,
      1040.4706594157074,
      1724.959847676561,
      1590.1241389058462,
      968.6062817191894,
      725.0410117954467,
      790.1242851001286,
      875.1788819044631,
      720.346708385711,
      1549.0977246919992,
      1068.1020571042377,
      1516.7730422314248,
      875.5654070918163,
      1353.6015565112575,
      1302.3704341132718,
      1075.047451330601,
      1680.8117225627611,
      1124.197515706754,
      1391.966508842716,
      711.8872100530497,
      1627.6627770652578,
      973.8711611881897,
      1357.2173880509804,
      792.4530332341578
    ],
    "bs_xy": [
      [
        703.8910674366695,
        244.45600289531788
      ],
      [
        76.27247075634746,
        772.405437018724
      ],
      [
        795.7924788252756,
        248.09114486309247
      ],
      [
        41.478189558402875,
        547.4904343128386
      ],
      [
        424.6751523057278,
        949.018153159471
      ],
      [
        711.7341015267889,
        683.6392852949477
      ],
      [
        404.3574413728874,
        438.62075450318616
      ]
    ],
    "speed_mps": 10.0,
    "capacity_kg": 6.0,
    "altitude_m": 100.0
  }
}