{
  "spec": {
    "run_id": "seed2_N10_M3_D10_B7_K10_lo0.5_lt0.0_twA",
    "seed": 2,
    "n_clients": 10,
    "num_uavs": 3,
    "delta_min": 10,
    "bs_count": 7,
    "edge_samples": 10,
    "lambda_out": 0.5,
    "lambda_tw": 0.0,
    "tw_family": "A",
    "tw_mode": "soft"
  },
  "scenario": {
    "depot_xy": [
      500.0,
      500.0
    ],
    "client_xy": [
      [
        527.4881306980278,
        620.8048060330847
      ],
      [
        105.44415873332913,
        317.5266666055926
      ],
      [
        996.9995114164686,
        361.52089678739105
      ],
      [
        487.05126447832447,
        539.9585266595695
      ],
      [
        222.25893901792438,
        464.0986239833842
      ],
      [
        308.2358926447797,
        565.9688455498026
      ],
      [
        684.0575883595079,
        70.24350492549391
      ],
      [
        284.9089465460176,
        478.6113706909529
      ],
      [
        587.4907322897878,
        150.6593228276384
      ],
      [
        718.7788247883134,
        765.9901145844441
      ]
    ],
    "delivery": [
      0.658642346335927,
      0.0,
      0.0,
      0.0,
      0.0,
      0.8405976094379901,
      0.7183089836556996,
      0.0,
      0.0,
      0.0
    ],
    "pickup": [
      0.0,
      1.6197299062274326,
      1.5339580990949928,
      1.9175784752103782,
      1.0152491895237388,
      0.0,
      0.0,
      1.3524129749201521,
      1.7417824367032613,
      1.7354605306195534
    ],
    "service_duration_s": [
      60.0,
      60.0,
      60.0,
      60.0,
      60.0,
      60.0,
      60.0,
      60.0,
      60.0,
      60.0
    ],
    "tw_early_s": [
      0.0,
      0.0,
      0.0,
      0.0,
      0.0,
      0.0,
      0.0,
      0.0,
      0.0,
      0.0
    ],
    "tw_late_s": [
      865.9386074369414,
      643.4707751573073,
      792.7347902578643,
      906.761376519601,
      628.0051791201798,
      954.8225380736474,
      748.6994825877883,
      621.6151878871464,
      726.236739043693,
      849.1548244020348
    ],
    "bs_xy": [
      [
        444.06453176405626,
        452.1642499836057
      ],
      [
        899.8116993922143,
        531.8992619318268
      ],
      [
        282.9120455694855,
        531.65575645896
      ],
      [
        438.11109018553816,
        833.0578005789687
      ],
      [
        279.1546632847135,
        343.90076119944433
      ],
      [
        442.5099866305691,
        362.9240825756931
      ],
      [
        77.11597320654062,
        993.1426398568292
      ]
    ],
    "speed_mps": 10.0,
    "capacity_kg": 6.0,
    "altitude_m": 100.0
  }
}