{
  "spec": {
    "run_id": "seed5_N10_M3_D5_B10_K10_lo0.0_lt1.0_twA",
    "seed": 5,
    "n_clients": 10,
    "num_uavs": 3,
    "delta_min": 5,
    "bs_count": 10,
    "edge_samples": 10,
    "lambda_out": 0.0,
    "lambda_tw": 1.0,
    "tw_family": "A",
    "tw_mode": "soft"
  },
  "scenario": {
    "depot_xy": [
      500.0,
      500.0
    ],
    "client_xy": [
      [
        275.26518872034654,
        62.17504037890698
      ],
      [
        282.08436290242923,
        659.9901235838455
      ],
      [
        120.99219667240091,
        117.47472730091879
      ],
      [
        630.910853762224,
        335.4537838747699
      ],
      [
        929.6718950740662,
        151.03587567926402
      ],
      [
        129.54619325488292,
        973.0187753526369
      ],
      [
        559.6448819001301,
        319.7383982325455
      ],
      [
        578.2853312338739,
        7.364163193758322
      ],
      [
        463.2959189350644,
        99.50458465930834
      ],
      [
        940.208957559881,
        723.2765746016873
      ]
    ],
    "delivery": [
      0.0,
      0.5893010403279322,
      1.7075739278664643,
      0.0,
      0.0,
      0.8598399949288114,
      1.0997257042251554,
      0.0,
      0.0,
      0.792251402957094
    ],
    "pickup": [
      0.5828215661568845,
      0.0,
      0.0,
      1.0746771688644905,
      1.6706910369222985,
      0.0,
      0.0,
      1.0397815453918517,
      1.9400270273304787,
      0.0
    ],
    "service_duration_s": [
      60.0,
      60.0,
      60.0,
      60.0,
      60.0,
      60.0,
      60.0,
      60.0,
      60.0,
      60.0
    ],
    "tw_early_s": [
      0.0,
      101.21304049218497,
      0.0,
      0.0,
      0.0,
      0.0,
      0.0,
      0.0,
      0.0,
      0.0
    ],
    "tw_late_s": [
      349.2134565609969,
      701.213040492185,
      353.8490946290389,
      429.1598733847744,
      558.8477542191276,
      570.2681738948834,
      447.5815022763926,
      460.88539414813954,
      340.21738023239885,
      563.04969816107
    ],
    "bs_xy": [
      [
        858.6719237127195,
        170.99829912085875
      ],
      [
        577.9063842604668,
        908.319010641098
      ],
      [
        68.34133775741024,
        802.0926499030177
      ],
      [
        999.6779037129517,
        972.091280372517
      ],
      [
        302.5881859832369,
        693.4748033027455
      ],
      [
        77.01948502712597,
        210.0637711398372
      ],
      [
        697.6155619777866,
        936.6374847611067
      ],
      [
        853.4537450106857,
        622.2311414509821
      ],
      [
        246.48266293181308,
        482.863942114568
      ],
      [
        198.0886189987091,
        910.2169025493297
      ]
    ],
    "speed_mps": 10.0,
    "capacity_kg": 6.0,
    "altitude_m": 100.0
  }
}