{
  "spec": {
    "run_id": "seed4_N10_M3_D2_B10_K10_lo0.0_lt0.0_twA",
    "seed": 4,
    "n_clients": 10,
    "num_uavs": 3,
    "delta_min": 2,
    "bs_count": 10,
    "edge_samples": 10,
    "lambda_out": 0.0,
    "lambda_tw": 0.0,
    "tw_family": "A",
    "tw_mode": "soft"
  },
  "scenario": {
    "depot_xy": [
      500.0,
      500.0
    ],
    "client_xy": [
      [
        870.4991793151481,
        2.641476668942655
      ],
      [
        871.0768300449216,
        117.82671960459213
      ],
      [
        763.0050510350957,
        723.4208097142679
      ],
      [
        757.3676457157023,
        539.4330905663443
      ],
      [
        489.1241753961514,
        227.08459291342632
      ],
      [
        881.0873519807524,
        254.92685481692823
      ],
      [
        979.376718956921,
        103.73816258898361
      ],
      [
        46.842604484960916,
        232.7441282228482
      ],
      [
        318.48379681477235,
        481.62691538265744
      ],
      [
        441.63073821598454,
        729.753113332398
      ]
    ],
    "delivery": [
      0.7068100181493191,
      0.0,
      1.6425721433608398,
      1.34252442219387,
      0.6317846957933372,
      0.0,
      0.0,
      0.0,
      0.0,
      1.531676202050381
    ],
    "pickup": [
      0.0,
      1.0994490671490322,
      0.0,
      0.0,
      0.0,
      0.7642695447243165,
      1.9451109017677508,
      0.8180360136867327,
      1.3493582405913134,
      0.0
    ],
    "service_duration_s": [
      60.0,
      60.0,
      60.0,
      60.0,
      60.0,
      60.0,
      60.0,
      60.0,
      60.0,
      60.0
    ],
    "tw_early_s": [
      31.329801336090213,
      75.83030555586157,
      143.5034626608886,
      179.4974225475242,
      0.0,
      116.5805481424064,
      17.866332785529778,
      0.0,
      0.0,
      241.27846860028484
    ],
    "tw_late_s": [
      271.3298013360902,
      315.83030555586157,
      383.5034626608886,
      419.4974225475242,
      147.3132024826903,
      356.5805481424064,
      257.8663327855298,
      172.6096308777527,
      138.24436961287972,
      481.27846860028484
    ],
    "bs_xy": [
      [
        834.7353224165724,
        500.2878189924019
      ],
      [
        593.7882375421907,
        114.75963111814802
      ],
      [
        570.4825485707719,
        895.5937597550878
      ],
      [
        870.9826918756054,
        920.0858597379666
      ],
      [
        340.3474895593589,
        957.589478206177
      ],
      [
        402.3968270564321,
        989.2499221596074
      ],
      [
        155.83739144351506,
        944.9459184538279
      ],
      [
        491.2771726025291,
        599.4795441725659
      ],
      [
        164.35117973943926,
        672.3315671880173
      ],
      [
        918.7920933130249,
        641.9432623228624
      ]
    ],
    "speed_mps": 10.0,
    "capacity_kg": 6.0,
    "altitude_m": 100.0
  }
}