{
  "spec": {
    "run_id": "seed1_N20_M3_D10_B10_K10_lo0.5_lt1.0_twA",
    "seed": 1,
    "n_clients": 20,
    "num_uavs": 3,
    "delta_min": 10,
    "bs_count": 10,
    "edge_samples": 10,
    "lambda_out": 0.5,
    "lambda_tw": 1.0,
    "tw_family": "A",
    "tw_mode": "soft"
  },
  "scenario": {
    "depot_xy": [
      500.0,
      500.0
    ],
    "client_xy": [
      [
        169.0056628578862,
        521.8235261607142
      ],
      [
        849.5608729497685,
        268.161974680592
      ],
      [
        734.1429827018904,
        54.877281479329355
      ],
      [
        83.53957909636145,
        708.8184836211369
      ],
      [
        784.02850177946,
        768.2968715749633
      ],
      [
        859.6917283886198,
        241.14779494191097
      ],
      [
        544.4963191007083,
        289.17689390986743
      ],
      [
        834.9446201088568,
        209.88890009250915
      ],
      [
        397.7657998103017,
        786.2452651090678
      ],
      [
        579.5622983064759,
        294.14785362172034
      ],
      [
        488.7364169169244,
        406.1606244522069
      ],
      [
        428.2049733025548,
        372.9434457928692
      ],
      [
        2.919254285422279,
        939.1670116553491
      ],
      [
        973.1365154655606,
        570.631293743412
      ],
      [
        85.38343649431779,
        772.8722378022493
      ],
      [
        969.6441024222165,
        200.3066604144378
      ],
      [
        490.7546908997892,
        90.52637113914552
      ],
      [
        31.400827192035518,
        57.18740960288415
      ],
      [
        62.223723278497346,
        910.0014118806008
      ],
      [
        818.5424632649429,
        451.84604425079857
      ]
    ],
    "delivery": [
      0.877180648213707,
      1.6851276808291584,
      0.8705080000901755,
      0.0,
      1.9239695229510125,
      0.0,
      0.0,
      0.0,
      0.0,
      0.0,
      0.8890310831800237,
      0.0,
      0.5668893802891649,
      0.0,
      0.0,
      0.0,
      0.8681307964159628,
      0.0,
      0.587702835173476,
      0.0
    ],
    "pickup": [
      0.0,
      0.0,
      0.0,
      1.2866484085207177,
      0.0,
      1.9875820100988835,
      1.514271599698325,
      1.2751132036144819,
      1.4789812427430253,
      0.734997970169742,
      0.0,
      0.7416276410448825,
      0.0,
      0.6212479598099385,
      0.8347888216560162,
      1.5844151517626037,
      0.0,
      1.600082383647846,
      0.0,
      1.4778412577692084
    ],
    "service_duration_s": [
      60.0,
      60.0,
      60.0,
      60.0,
      60.0,
      60.0,
      60.0,
      60.0,
      60.0,
      60.0,
      60.0,
      60.0,
      60.0,
      60.0,
      60.0,
      60.0,
      60.0,
      60.0,
      60.0,
      60.0
    ],
    "tw_early_s": [
      17.168096444638422,
      0.0,
      0.0,
      69.49074331775319,
      0.0,
      0.0,
      0.0,
      0.0,
      0.0,
      0.0,
      0.0,
      0.0,
      0.0,
      0.0,
      0.0,
      0.0,
      0.0,
      0.0,
      0.0,
      0.0
    ],
    "tw_late_s": [
      1217.1680964446384,
      939.3781775858288,
      855.1270642622662,
      1269.4907433177532,
      972.2923574446971,
      772.3820938618916,
      688.9257595350297,
      779.0333667999887,
      967.5971512108458,
      683.8721826347042,
      609.4512944653466,
      614.593797937986,
      1112.250362753221,
      1032.0521164970646,
      1058.8639992723674,
      852.5373550452202,
      770.5285443515239,
      664.4723332112708,
      1189.2598421187704,
      853.8499801765823
    ],
    "bs_xy": [
      [
        873.6888967478781,
        314.3083991846842
      ],
      [
        921.7407760926533,
        645.8024816029774
      ],
      [
        711.241419658259,
        499.0758549959842
      ],
      [
        464.4717590896156,
        623.6560571317569
      ],
      [
        968.7593126188489,
        83.71137287218045
      ],
      [
        991.4247484988397,
        951.1623441638039
      ],
      [
        365.212162854296,
        640.9327203009802
      ],
      [
        250.41907896523975,
        435.87483062845354
      ],
      [
        605.6507994263235,
        676.0027719406891
      ],
      [
        851.6267252948571,
        950.7875484418345
      ]
    ],
    "speed_mps": 10.0,
    "capacity_kg": 6.0,
    "altitude_m": 100.0
  }
}