{
  "spec": {
    "run_id": "seed9_N20_M3_D10_B7_K10_lo0.5_lt5.0_twA",
    "seed": 9,
    "n_clients": 20,
    "num_uavs": 3,
    "delta_min": 10,
    "bs_count": 7,
    "edge_samples": 10,
    "lambda_out": 0.5,
    "lambda_tw": 5.0,
    "tw_family": "A",
    "tw_mode": "soft"
  },
  "scenario": {
    "depot_xy": [
      500.0,
      500.0
    ],
    "client_xy": [
      [
        206.05022754909098,
        471.35423698854106
      ],
      [
        959.0050826559225,
        440.68704922980004
      ],
      [
        412.20674938133794,
        133.3504093061596
      ],
      [
        542.1599587761002,
        67.4934960888992
      ],
      [
        187.6487293779291,
        959.2347034944962
      ],
      [
        343.19373276555945,
        726.3168990963857
      ],
      [
        570.6031605360122,
        948.2220470048916
      ],
      [
        54.96589997450052,
        5.540890104192231
      ],
      [
        927.9198659607147,
        229.37533526355392
      ],
      [
        731.9659061354977,
        819.4307931168925
      ],
      [
        905.1079388355732,
        760.2861788093028
      ],
      [
        987.1744125448325,
        751.118420184281
      ],
      [
        844.9341553695763,
        937.0645700825306
      ],
      [
        266.11131715174565,
        845.9989846135342
      ],
      [
        745.9768884347785,
        152.3211587966997
      ],
      [
        647.2253749120576,
        905.5094053676293
      ],
      [
        967.442433572744,
        106.13969834089032
      ],
      [
        572.7841802140017,
        461.74498259741534
      ],
      [
        258.4668692256704,
        224.19518750595978
      ],
      [
        813.8983528298338,
        920.1364072760248
      ]
    ],
    "delivery": [
      0.0,
      1.8376486654124158,
      0.0,
      1.8727674893198665,
      1.3312649543953623,
      0.0,
      0.0,
      1.1385371103736996,
      0.8065628466865746,
      0.6351000453107393,
      0.0,
      0.0,
      1.0557013083768054,
      0.0,
      1.8029330442200142,
      1.8809570324367515,
      0.0,
      0.0,
      1.0658197562773437,
      0.6023357192602607
    ],
    "pickup": [
      1.0021176909978817,
      0.0,
      1.4179215879448608,
      0.0,
      0.0,
      0.5753900132013465,
      1.48323921735961,
      0.0,
      0.0,
      0.0,
      1.411559801153242,
      1.9247250962559368,
      0.0,
      0.7088288548541194,
      0.0,
      0.0,
      0.8541097526493993,
      0.6309331221635557,
      0.0,
      0.0
    ],
    "service_duration_s": [
      60.0,
      60.0,
      60.0,
      60.0,
      60.0,
      60.0,
      60.0,
      60.0,
      60.0,
      60.0,
      60.0,
      60.0,
      60.0,
      60.0,
      60.0,
      60.0,
      60.0,
      60.0,
      60.0,
      60.0
    ],
    "tw_early_s": [
      0.0,
      0.0,
      0.0,
      0.0,
      35.4044453977026,
      50.45099953713657,
      0.0,
      0.0,
      0.0,
      0.0,
      0.0,
      0.0,
      0.0,
      0.0,
      0.0,
      0.0,
      0.0,
      0.0,
      0.0,
      0.0
    ],
    "tw_late_s": [
      629.534225647958,
      938.1811029287005,
      729.1255250737044,
      775.6357952901556,
      1235.4044453977026,
      1250.4509995371366,
      1158.6772772957654,
      666.5240679411941,
      877.4707610300305,
      1024.3684625423712,
      946.0719467841436,
      989.9804694612803,
      1049.1127060509143,
      1131.0296205730742,
      745.9394748869146,
      1129.133817481148,
      844.715729947471,
      841.3991445013235,
      636.6614985859173,
      1074.1861863130698
    ],
    "bs_xy": [
      [
        726.1406537564559,
        872.4223459006597
      ],
      [
        992.1512726438915,
        153.07627864932616
      ],
      [
        600.05488488976,
        968.6229664075964
      ],
      [
        704.0863738353949,
        591.3363290160783
      ],
      [
        209.53319504933765,
        66.42698784812906
      ],
      [
        484.43744386675337,
        752.8157959433213
      ],
      [
        470.4743708910362,
        890.1409959729879
      ]
    ],
    "speed_mps": 10.0,
    "capacity_kg": 6.0,
    "altitude_m": 100.0
  }
}