{
  "spec": {
    "run_id": "seed4_N40_M3_D5_B7_K10_lo0.5_lt5.0_twA",
    "seed": 4,
    "n_clients": 40,
    "num_uavs": 3,
    "delta_min": 5,
    "bs_count": 7,
    "edge_samples": 10,
    "lambda_out": 0.5,
    "lambda_tw": 5.0,
    "tw_family": "A",
    "tw_mode": "soft"
  },
  "scenario": {
    "depot_xy": [
      500.0,
      500.0
    ],
    "client_xy": [
      [
        721.4212608664243,
        891.2243346744986
      ],
      [
        85.8069944064126,
        833.1014440337444
      ],
      [
        178.93272207720378,
        220.5798264019777
      ],
      [
        990.747698761246,
        954.2660758752231
      ],
      [
        482.11108457050875,
        195.43985285762034
      ],
      [
        574.1966682353441,
        74.94302254886354
      ],
      [
        637.5928553257299,
        660.7609759996338
      ],
      [
        221.78929670708703,
        652.277572586757
      ],
      [
        272.26601338055656,
        619.0753920455716
      ],
      [
        54.886104877700404,
        865.1703738429335
      ],
      [
        645.0799521759774,
        367.43530151886716
      ],
      [
        257.73516571304157,
        878.2368151233467
      ],
      [
        646.1717409922952,
        775.5057228019958
      ],
      [
        45.44118763847882,
        868.6902851868097
      ],
      [
        691.038367196437,
        445.92744969283393
      ],
      [
        979.7401405347708,
        313.4502541968177
      ],
      [
        72.31144398582035,
        897.1842250822351
      ],
      [
        320.0323800035877,
        334.80574061375637
      ],
      [
        793.1868473701574,
        253.07996973415558
      ],
      [
        86.89793931733436,
        44.35606319606356
      ],
      [
        511.2161217949794,
        975.6768211650661
      ],
      [
        120.10939926927355,
        397.86199197184015
      ],
      [
        347.7909751342793,
        559.6157670689549
      ],
      [
        285.15388503044693,
        294.641318230661
      ],
      [
        130.13623978886636,
        576.364971104907
      ],
      [
        763.1166167168705,
        303.74365323259457
      ],
      [
        862.0468884147936,
        481.6470915327453
      ],
      [
        643.2772402607378,
        585.710175022887
      ],
      [
        78.5113660819915,
        929.5120939783164
      ],
      [
        900.8361085102104,
        685.4914778283671
      ],
      [
        709.1942174455968,
        832.4797788046375
      ],
      [
        262.8162908427537,
        867.1501653663447
      ],
      [
        412.08879481628713,
        286.4423492519983
      ],
      [
        899.9083997472375,
        944.5639254586791
      ],
      [
        845.0504458018698,
        402.55349633668203
      ],
      [
        43.52770804694273,
        840.4785814381354
      ],
      [
        462.6597722315314,
        138.3734662910714
      ],
      [
        142.68483230876438,
        340.6262835237238
      ],
      [
        744.384321058354,
        767.4183416984393
      ],
      [
        844.8940417055918,
        933.0412686298961
      ]
    ],
    "delivery": [
      0.8505023567548683,
      0.0,
      1.0034474326518523,
      0.6982052108204803,
      0.0,
      1.6285455867918763,
      1.2828490775734724,
      0.8093351896082213,
      0.0,
      1.3728171723175255,
      0.0,
      0.0,
      0.0,
      0.0,
      1.3004811302411077,
      0.7410867078885548,
      0.0,
      0.0,
      0.0,
      0.0,
      0.9390878738707013,
      0.8187169616319752,
      0.0,
      0.0,
      0.8198839631037251,
      1.4004496454943327,
      1.0834428871924602,
      0.781380202944591,
      1.667379126328359,
      1.729492723868352,
      0.9063875197074804,
      0.8577101753560843,
      1.1473705695856327,
      1.0856607537938578,
      0.5285555111970721,
      1.3570170229368057,
      1.0000109168644467,
      0.0,
      0.0,
      0.0
    ],
    "pickup": [
      0.0,
      1.096357601447434,
      0.0,
      0.0,
      0.8368574167349032,
      0.0,
      0.0,
      0.0,
      0.9555856560234608,
      0.0,
      1.62346301486628,
      0.8113916505105991,
      1.390334422265364,
      0.5855661492650084,
      0.0,
      0.0,
      1.161485718899908,
      1.5812228517588887,
      0.7641480818017716,
      1.8786481709274179,
      0.0,
      0.0,
      0.8558909863353484,
      0.6827198014367577,
      0.0,
      0.0,
      0.0,
      0.0,
      0.0,
      0.0,
      0.0,
      0.0,
      0.0,
      0.0,
      0.0,
      0.0,
      0.0,
      1.5280133884905556,
      1.7096638195135643,
      1.2037827043204061
    ],
    "service_duration_s": [
      60.0,
      60.0,
      60.0,
      60.0,
      60.0,
      60.0,
      60.0,
      60.0,
      60.0,
      60.0,
      60.0,
      60.0,
      60.0,
      60.0,
      60.0,
      60.0,
      60.0,
      60.0,
      60.0,
      60.0,
      60.0,
      60.0,
      60.0,
      60.0,
      60.0,
      60.0,
      60.0,
      60.0,
      60.0,
      60.0,
      60.0,
      60.0,
      60.0,
      60.0,
      60.0,
      60.0,
      60.0,
      60.0,
      60.0,
      60.0
    ],
    "tw_early_s": [
      460.88043995534736,
      712.4550033814622,
      0.0,
      270.43698200914,
      0.0,
      0.0,
      376.35686736341154,
      756.1341881731721,
      800.8405836444133,
      612.6616370604113,
      0.0,
      567.2672344665748,
      432.4519297429606,
      668.2176844975706,
      98.21466345271125,
      80.92557936017243,
      645.9061617220055,
      0.0,
      16.391633752824532,
      0.0,
      497.7785445110908,
      0.0,
      776.7872721326262,
      0.0,
      828.0350309610576,
      67.01952782128086,
      161.4540663196113,
      227.10609140883264,
      601.2945861110414,
      190.05897469300714,
      413.34481387121116,
      531.8676759635116,
      0.0,
      331.22361244313583,
      139.85562436298085,
      675.3795365999944,
      0.0,
      0.0,
      267.7194313180398,
      347.092907482613
    ],
    "tw_late_s": [
      1060.8804399553474,
      1312.4550033814621,
      342.5628747109853,
      870.43698200914,
      524.7545489827444,
      577.3479125070558,
      976.3568673634115,
      1356.134188173172,
      1400.8405836444133,
      1212.6616370604113,
      587.0269323360349,
      1167.2672344665748,
      1032.4519297429606,
      1268.2176844975706,
      698.2146634527112,
      680.9255793601724,
      1245.9061617220054,
      420.30128635880595,
      616.3916337528245,
      422.4438243754531,
      1097.7785445110908,
      339.3381546602675,
      1376.7872721326262,
      414.09534061832096,
      1428.0350309610576,
      667.0195278212809,
      761.4540663196112,
      827.1060914088326,
      1201.2945861110416,
      790.0589746930071,
      1013.3448138712112,
      1131.8676759635116,
      490.70003682805867,
      931.2236124431358,
      739.8556243629808,
      1275.3795365999945,
      497.74443817845156,
      339.1246866525058,
      867.7194313180398,
      947.092907482613
    ],
    "bs_xy": [
      [
        984.7393983313691,
        550.348115896833
      ],
      [
        60.93817007048508,
        158.50243501505201
      ],
      [
        443.9127096577035,
        361.401446371395
      ],
      [
        151.34494873428383,
        758.4172097661562
      ],
      [
        863.0912693097929,
        876.9407098532843
      ],
      [
        53.711472584575425,
        591.323414953658
      ],
      [
        427.0440280764142,
        967.8180485109654
      ]
    ],
    "speed_mps": 10.0,
    "capacity_kg": 6.0,
    "altitude_m": 100.0
  }
}