{
  "spec": {
    "run_id": "seed5_N40_M3_D10_B4_K10_lo1.0_lt1.0_twA",
    "seed": 5,
    "n_clients": 40,
    "num_uavs": 3,
    "delta_min": 10,
    "bs_count": 4,
    "edge_samples": 10,
    "lambda_out": 1.0,
    "lambda_tw": 1.0,
    "tw_family": "A",
    "tw_mode": "soft"
  },
  "scenario": {
    "depot_xy": [
      500.0,
      500.0
    ],
    "client_xy": [
      [
        896.1011132286187,
        31.048118845579896
      ],
      [
        243.16324973635372,
        753.9384404372769
      ],
      [
        220.61538275151472,
        710.7616273935499
      ],
      [
        187.0232632755553,
        957.2865285267499
      ],
      [
        815.552150858,
        659.7617926279577
      ],
      [
        370.8933808334516,
        277.52777333877566
      ],
      [
        587.9781924566522,
        30.063449335592907
      ],
      [
        503.4100512763622,
        805.1694787237232
      ],
      [
        364.5589308966256,
        764.7032986641925
      ],
      [
        948.0314691226747,
        553.5930118727941
      ],
      [
        923.663855984022,
        822.2773333950535
      ],
      [
        160.87315035247474,
        213.2021932855398
      ],
      [
        605.4581818665533,
        797.8451755618078
      ],
      [
        504.37380185107105,
        99.87160181241272
      ],
      [
        309.79353810517006,
        271.1011912617334
      ],
      [
        661.1614730557326,
        857.4622232882532
      ],
      [
        206.56964518913202,
        83.85248081793695
      ],
      [
        24.17099336799511,
        998.4387352893702
      ],
      [
        927.5688732679686,
        258.92808527170166
      ],
      [
        407.19331251879385,
        460.52838119363184
      ],
      [
        539.0694018075978,
        288.7423770527586
      ],
      [
        869.2102545479421,
        747.4891228344636
      ],
      [
        979.6761915249253,
        129.6685931579179
      ],
      [
        820.764570041289,
        304.759619303425
      ],
      [
        959.7921141094462,
        921.9894101298491
      ],
      [
        976.6387132710155,
        780.5593927208291
      ],
      [
        81.86219215614443,
        539.3862866468429
      ],
      [
        556.2814148823448,
        397.9267277498399
      ],
      [
        929.7300529327016,
        0.8659904447690936
      ],
      [
        674.490874487437,
        141.65832129119028
      ],
      [
        402.94250511976594,
        531.8816587326238
      ],
      [
        13.224067333455825,
        819.9481367606747
      ],
      [
        474.18724424380423,
        425.28994971885925
      ],
      [
        863.3682564810762,
        704.5804473545071
      ],
      [
        332.99277931142876,
        216.37316373184657
      ],
      [
        746.4685335848538,
        417.4630275760529
      ],
      [
        117.46944262995696,
        502.04976702896056
      ],
      [
        399.0973835831487,
        894.4944525849902
      ],
      [
        601.1748116311263,
        922.5556105285591
      ],
      [
        993.5975061868734,
        740.1126093461386
      ]
    ],
    "delivery": [
      0.0,
      0.0,
      0.6492200718439567,
      0.0,
      0.0,
      1.6958332915130951,
      1.5770008026437552,
      1.3633829147373615,
      0.5025974287746394,
      0.0,
      1.214979197305031,
      0.7381721969046569,
      1.278282436548894,
      1.563978881512277,
      1.8427558227272216,
      0.5500757017897276,
      0.0,
      1.1287247760703425,
      1.2160136414931504,
      1.2456828640184925,
      1.6682434049348391,
      1.8380958797667644,
      0.0,
      1.6613394892733515,
      0.0,
      0.0,
      0.0,
      0.0,
      0.5705634123618348,
      0.5735384737867875,
      0.0,
      0.0,
      1.2692175040375921,
      1.9451299067058656,
      0.0,
      0.0,
      1.1331357027025533,
      0.9166235832401575,
      0.8372580093548854,
      1.4433976726682003
    ],
    "pickup": [
      1.3979232799206398,
      1.7905443381358541,
      0.0,
      1.9988755376709002,
      0.8246592630265559,
      0.0,
      0.0,
      0.0,
      0.0,
      1.250661787687859,
      0.0,
      0.0,
      0.0,
      0.0,
      0.0,
      0.0,
      0.9623220410681399,
      0.0,
      0.0,
      0.0,
      0.0,
      0.0,
      0.7770546340366106,
      0.0,
      0.7025348497491768,
      0.8912591812758598,
      0.7271324226955764,
      1.4800021159361227,
      0.0,
      0.0,
      0.5517290629487319,
      1.8203390590261905,
      0.0,
      0.0,
      1.6416567634261172,
      1.6916010226366816,
      0.0,
      0.0,
      0.0,
      0.0
    ],
    "service_duration_s": [
      60.0,
      60.0,
      60.0,
      60.0,
      60.0,
      60.0,
      60.0,
      60.0,
      60.0,
      60.0,
      60.0,
      60.0,
      60.0,
      60.0,
      60.0,
      60.0,
      60.0,
      60.0,
      60.0,
      60.0,
      60.0,
      60.0,
      60.0,
      60.0,
      60.0,
      60.0,
      60.0,
      60.0,
      60.0,
      60.0,
      60.0,
      60.0,
      60.0,
      60.0,
      60.0,
      60.0,
      60.0,
      60.0,
      60.0,
      60.0
    ],
    "tw_early_s": [
      0.0,
      358.5167000897419,
      346.59450184662296,
      261.7141969108668,
      0.0,
      0.0,
      0.0,
      166.60861381326765,
      286.32949631815757,
      0.0,
      134.95761455720583,
      0.0,
      226.8718404411187,
      0.0,
      0.0,
      89.98933518647277,
      0.0,
      408.5659262587029,
      0.0,
      0.0,
      0.0,
      6.456724132063073,
      0.0,
      0.0,
      102.02401778589535,
      27.78103434574973,
      428.6448885363038,
      0.0,
      0.0,
      0.0,
      445.8733491447533,
      486.44852365190536,
      0.0,
      61.733350379921376,
      0.0,
      0.0,
      579.903937526014,
      309.6590872729033,
      197.88579273077482,
      0.0
    ],
    "tw_late_s": [
      1008.0848749114325,
      1558.5167000897418,
      1546.594501846623,
      1461.7141969108668,
      1136.1731077658415,
      695.9049329546024,
      917.2724254990454,
      1366.6086138132678,
      1486.3294963181575,
      1184.422930036053,
      1334.957614557206,
      644.4139620038654,
      1426.8718404411188,
      802.3517963601709,
      629.7612437220536,
      1289.9893351864728,
      712.7624114361702,
      1608.5659262587028,
      1054.8258474306233,
      610.0851821661433,
      772.7598851548188,
      1206.456724132063,
      953.9355608108306,
      1096.47388338695,
      1302.0240177858955,
      1227.7810343457497,
      1628.6448885363038,
      843.8131542781273,
      969.0187330076569,
      879.8692015125227,
      1645.8733491447533,
      1686.4485236519054,
      816.1442883542168,
      1261.7333503799214,
      721.6288456010726,
      1050.977624495775,
      1779.903937526014,
      1509.6590872729034,
      1397.885792730775,
      1163.3952129374818
    ],
    "bs_xy": [
      [
        360.486839707154,
        945.0473183371615
      ],
      [
        581.0917495769903,
        452.7071183040537
      ],
      [
        268.1634670154536,
        815.2131398343266
      ],
      [
        919.8735520654159,
        685.0538596585465
      ]
    ],
    "speed_mps": 10.0,
    "capacity_kg": 6.0,
    "altitude_m": 100.0
  }
}