{
  "spec": {
    "run_id": "seed6_N20_M3_D10_B4_K10_lo1.0_lt1.0_twA",
    "seed": 6,
    "n_clients": 20,
    "num_uavs": 3,
    "delta_min": 10,
    "bs_count": 4,
    "edge_samples": 10,
    "lambda_out": 1.0,
    "lambda_tw": 1.0,
    "tw_family": "A",
    "tw_mode": "soft"
  },
  "scenario": {
    "depot_xy": [
      500.0,
      500.0
    ],
    "client_xy": [
      [
        138.54264074067146,
        610.8180647086513
      ],
      [
        429.4305116479995,
        905.8209725771819
      ],
      [
        495.98878062725316,
        454.5758346277442
      ],
      [
        876.5386728353704,
        248.53762234095745
      ],
      [
        944.7158674064733,
        851.1072730011892
      ],
      [
        531.6744922147922,
        820.1838052901289
      ],
      [
        893.3038899901244,
        253.1793092318918
      ],
      [
        54.32730906795102,
        788.801626548014
      ],
      [
        220.2607820121133,
        26.529429730199894
      ],
      [
        456.40086362346676,
        22.690091125299737
      ],
      [
        8.846277243379275,
        209.5339784523945
      ],
      [
        894.7686674996371,
        244.47114211284503
      ],
      [
        336.2520123681473,
        714.3006866342578
      ],
      [
        225.16450764718954,
        798.7029915734547
      ],
      [
        908.6756182605099,
        10.784692375283678
      ],
      [
        211.83778650248408,
        800.2902644299533
      ],
      [
        69.93757091114605,
        573.8573213729809
      ],
      [
        365.46627615650107,
        400.5202672117656
      ],
      [
        145.94452873270768,
        960.4354299006723
      ],
      [
        497.76588783452434,
        162.54421675074028
      ]
    ],
    "delivery": [
      0.0,
      0.0,
      0.0,
      0.0,
      1.5035981818813928,
      0.8658059485527105,
      0.8687204324538644,
      0.0,
      0.0,
      1.1981043364985167,
      1.2783086574948828,
      0.0,
      0.6433467450909194,
      0.0,
      0.0,
      1.141944390917263,
      0.0,
      0.0,
      0.0,
      1.9632806197619064
    ],
    "pickup": [
      0.8828696043315265,
      1.4177407659443195,
      1.4763558506590453,
      0.8228173120072384,
      0.0,
      0.0,
      0.0,
      1.641328362243709,
      1.6314927007113542,
      0.0,
      0.0,
      1.3384631902572206,
      0.0,
      1.657617609731781,
      1.2929227990324932,
      0.0,
      0.9820103979321548,
      1.8045090765914145,
      1.1713218885915988,
      0.0
    ],
    "service_duration_s": [
      60.0,
      60.0,
      60.0,
      60.0,
      60.0,
      60.0,
      60.0,
      60.0,
      60.0,
      60.0,
      60.0,
      60.0,
      60.0,
      60.0,
      60.0,
      60.0,
      60.0,
      60.0,
      60.0,
      60.0
    ],
    "tw_early_s": [
      58.91590676907492,
      0.0,
      0.0,
      0.0,
      0.0,
      0.0,
      0.0,
      0.0,
      0.0,
      0.0,
      0.0,
      0.0,
      0.0,
      0.0,
      0.0,
      0.0,
      0.0,
      0.0,
      0.0,
      0.0
    ],
    "tw_late_s": [
      1258.9159067690748,
      1095.1618780281365,
      690.8591918951038,
      794.1338918226531,
      914.7753226893783,
      974.4996958142342,
      955.0919303655683,
      1154.9989050533768,
      654.993491523278,
      765.5606345455454,
      657.0615885733461,
      846.4348406635427,
      1037.1407221478498,
      1178.2267565764346,
      870.8037768105776,
      1112.2645798195003,
      1198.9867707637907,
      616.7318678236524,
      1075.543346106793,
      745.898039092487
    ],
    "bs_xy": [
      [
        643.5677410271679,
        51.43442886256877
      ],
      [
        582.4195451078842,
        62.161973141538375
      ],
      [
        518.2732120588234,
        7.165072170134845
      ],
      [
        665.4848702324874,
        29.7647753945105
      ]
    ],
    "speed_mps": 10.0,
    "capacity_kg": 6.0,
    "altitude_m": 100.0
  }
}