{
  "spec": {
    "run_id": "seed10_N10_M3_D2_B4_K10_lo0.0_lt5.0_twA",
    "seed": 10,
    "n_clients": 10,
    "num_uavs": 3,
    "delta_min": 2,
    "bs_count": 4,
    "edge_samples": 10,
    "lambda_out": 0.0,
    "lambda_tw": 5.0,
    "tw_family": "A",
    "tw_mode": "soft"
  },
  "scenario": {
    "depot_xy": [
      500.0,
      500.0
    ],
    "client_xy": [
      [
        409.8282811459899,
        52.78803270156007
      ],
      [
        773.8915415464522,
        50.91756649446022
      ],
      [
        448.2050226134887,
        64.74105099946215
      ],
      [
        239.69490668431393,
        502.9239059090501
      ],
      [
        868.1299312180253,
        911.4964566468603
      ],
      [
        909.5197063870685,
        983.8438119846935
      ],
      [
        259.00238032877644,
        101.04998549548294
      ],
      [
        521.1194243392569,
        476.0576783321154
      ],
      [
        326.2215138123457,
        619.3490924812671
      ],
      [
        984.9410423476762,
        940.4897708330174
      ]
    ],
    "delivery": [
      0.0,
      1.807814493117137,
      1.9339594009121401,
      0.0,
      0.5820051839522433,
      0.0,
      0.0,
      1.421059163129145,
      0.5884295704886162,
      0.0
    ],
    "pickup": [
      1.2968900269211827,
      0.0,
      0.0,
      1.2522930044277532,
      0.0,
      1.417447210608334,
      0.5579299139094798,
      0.0,
      0.0,
      1.8864198162851342
    ],
    "service_duration_s": [
      60.0,
      60.0,
      60.0,
      60.0,
      60.0,
      60.0,
      60.0,
      60.0,
      60.0,
      60.0
    ],
    "tw_early_s": [
      0.0,
      38.3415144376402,
      0.0,
      319.8713102593546,
      184.91384837082165,
      153.3165949427431,
      0.0,
      29.386825928249266,
      219.8304209919022,
      86.54722014982445
    ],
    "tw_late_s": [
      165.62121026189766,
      278.34151443764017,
      163.83298670721882,
      559.8713102593546,
      424.91384837082165,
      393.3165949427431,
      166.60911571359728,
      269.38682592824927,
      459.8304209919022,
      326.54722014982445
    ],
    "bs_xy": [
      [
        465.4464248694327,
        911.1575135919022
      ],
      [
        797.3567782005706,
        203.49503942533863
      ],
      [
        988.1548312780363,
        955.9781015951086
      ],
      [
        390.90013662265,
        6.309307397208586
      ]
    ],
    "speed_mps": 10.0,
    "capacity_kg": 6.0,
    "altitude_m": 100.0
  }
}