{
  "spec": {
    "run_id": "seed5_N40_M3_D5_B4_K10_lo0.5_lt5.0_twA",
    "seed": 5,
    "n_clients": 40,
    "num_uavs": 3,
    "delta_min": 5,
    "bs_count": 4,
    "edge_samples": 10,
    "lambda_out": 0.5,
    "lambda_tw": 5.0,
    "tw_family": "A",
    "tw_mode": "soft"
  },
  "scenario": {
    "depot_xy": [
      500.0,
      500.0
    ],
    "client_xy": [
      [
        35.009331214760905,
        294.3742864764164
      ],
      [
        86.96413021744698,
        236.0113890700941
      ],
      [
        338.18669022422654,
        671.0181409700937
      ],
      [
        505.36559881466883,
        155.6361220109399
      ],
      [
        850.4553765826952,
        959.9398337094009
      ],
      [
        940.3768692196077,
        598.9026598538492
      ],
      [
        174.60608198908702,
        924.219764588584
      ],
      [
        12.741297750571757,
        256.86049373566823
      ],
      [
        861.6330307502276,
        870.4219151357969
      ],
      [
        71.4406399470342,
        353.32657660043577
      ],
      [
        976.0454174158567,
        495.7437410239075
      ],
      [
        452.6906520299807,
        347.85685315797264
      ],
      [
        43.19388166440685,
        592.1066972877741
      ],
      [
        388.32281393258916,
        988.6569743154696
      ],
      [
        862.5576745564936,
        719.8734115728552
      ],
      [
        825.9265212170201,
        71.20990144693407
      ],
      [
        316.60291489224346,
        906.5233519350418
      ],
      [
        760.9405126091748,
        180.30508568650683
      ],
      [
        767.1579983225971,
        973.7097961666524
      ],
      [
        26.19175422099651,
        429.5623632514021
      ],
      [
        42.99560543656622,
        884.7204363519165
      ],
      [
        281.44801518875204,
        273.44936188149546
      ],
      [
        951.5046872882851,
        314.1123842054626
      ],
      [
        457.38142173765596,
        319.70734573767857
      ],
      [
        498.5906469559186,
        819.902667766615
      ],
      [
        333.47103521829126,
        525.7872673387596
      ],
      [
        966.2169020097465,
        532.1946534785296
      ],
      [
        832.8001797271177,
        210.1805590690562
      ],
      [
        191.02128922852236,
        88.44688329793404
      ],
      [
        296.4679463912252,
        878.2102267359944
      ],
      [
        353.85531180502926,
        569.5254402353144
      ],
      [
        769.7574318291715,
        61.33199160009583
      ],
      [
        321.48261671375144,
        869.5266264037919
      ],
      [
        393.58949773644434,
        144.75981938552306
      ],
      [
        889.7015413180409,
        541.5014799320893
      ],
      [
        219.19760267866528,
        873.9966621797189
      ],
      [
        145.98320266587183,
        67.5463366256861
      ],
      [
        961.5165238947841,
        259.52768224439103
      ],
      [
        647.037477990716,
        649.4695574778997
      ],
      [
        508.8754142416362,
        384.67747381386084
      ]
    ],
    "delivery": [
      0.7378733168113245,
      1.5318891270838895,
      0.7131268963798221,
      1.4780355547403967,
      1.6578879311059704,
      0.0,
      0.0,
      0.0,
      1.9142174278985546,
      0.0,
      0.0,
      0.0,
      0.0,
      1.6155511441368966,
      0.0,
      1.6062960807818245,
      0.0,
      0.0,
      0.0,
      0.6096525446301766,
      1.216199228000545,
      0.0,
      0.0,
      0.0,
      0.0,
      0.9246237356784168,
      1.7836977335888344,
      0.8936387172023548,
      0.0,
      0.0,
      0.8074396976114679,
      0.0,
      0.681112176855619,
      0.0,
      1.042825381250228,
      1.3486639741808168,
      0.9640350387656271,
      1.8502505290569002,
      0.5872633831859788,
      1.8276619720143825
    ],
    "pickup": [
      0.0,
      0.0,
      0.0,
      0.0,
      0.0,
      1.3024743250203987,
      1.6860815567908338,
      1.77053121470401,
      0.0,
      0.5496749771333695,
      0.6674710781829439,
      0.8834107012770707,
      1.8613673772197223,
      0.0,
      1.4412357283239843,
      0.0,
      0.6035619247842907,
      0.6347205769970401,
      0.6273897388340014,
      0.0,
      0.0,
      1.8985137472865175,
      1.1182415641841035,
      1.173128568912902,
      0.9056397465130761,
      0.0,
      0.0,
      0.0,
      1.444786776958885,
      1.128410752977233,
      0.0,
      1.7049412800484656,
      0.0,
      1.6964875803875015,
      0.0,
      0.0,
      0.0,
      0.0,
      0.0,
      0.0
    ],
    "service_duration_s": [
      60.0,
      60.0,
      60.0,
      60.0,
      60.0,
      60.0,
      60.0,
      60.0,
      60.0,
      60.0,
      60.0,
      60.0,
      60.0,
      60.0,
      60.0,
      60.0,
      60.0,
      60.0,
      60.0,
      60.0,
      60.0,
      60.0,
      60.0,
      60.0,
      60.0,
      60.0,
      60.0,
      60.0,
      60.0,
      60.0,
      60.0,
      60.0,
      60.0,
      60.0,
      60.0,
      60.0,
      60.0,
      60.0,
      60.0,
      60.0
    ],
    "tw_early_s": [
      0.0,
      0.0,
      685.0821901112103,
      0.0,
      423.27958320347614,
      330.02716367987546,
      669.0177276242184,
      0.0,
      418.29787256482484,
      0.0,
      259.1120329593615,
      0.0,
      775.6186884445226,
      529.5819783495313,
      339.24245511926256,
      87.32620645159835,
      626.9194727302279,
      173.37947986220337,
      521.3657789729243,
      0.0,
      774.8415401184884,
      0.0,
      256.66447456009234,
      0.0,
      514.9519264723809,
      881.0160996859283,
      257.8021772115409,
      167.1643367969333,
      0.0,
      603.9471448093833,
      768.7591858408002,
      90.99947239908397,
      593.3448032585404,
      0.0,
      340.228309075551,
      697.1887377447572,
      0.0,
      170.53142900830636,
      426.78823253166547,
      80.92876541029727
    ],
    "tw_late_s": [
      350.8427237782779,
      417.1301603181426,
      1285.0821901112104,
      594.1769844863443,
      1023.2795832034761,
      930.0271636798755,
      1269.0177276242184,
      425.2240214650427,
      1018.2978725648248,
      345.2963815575544,
      859.1120329593615,
      514.2462395174603,
      1375.6186884445226,
      1129.5819783495313,
      939.2424551192626,
      687.3262064515984,
      1226.9194727302279,
      773.3794798622034,
      1121.3657789729243,
      347.90153592933154,
      1374.8415401184884,
      435.57526861865693,
      856.6644745600923,
      590.4610220949078,
      1114.9519264723808,
      1481.0160996859283,
      857.8021772115409,
      767.1643367969333,
      495.1865098122231,
      1203.9471448093832,
      1368.7591858408002,
      690.999472399084,
      1193.3448032585404,
      594.3108534991729,
      940.228309075551,
      1297.1887377447572,
      508.37423859312185,
      770.5314290083063,
      1026.7882325316655,
      680.9287654102973
    ],
    "bs_xy": [
      [
        41.636156677355764,
        529.4776908044613
      ],
      [
        887.9565648264902,
        252.35320479492907
      ],
      [
        907.2926561194934,
        356.8094932699453
      ],
      [
        223.45703392600413,
        306.591226314735
      ]
    ],
    "speed_mps": 10.0,
    "capacity_kg": 6.0,
    "altitude_m": 100.0
  }
}