{
  "spec": {
    "run_id": "seed1_N40_M3_D10_B7_K10_lo0.5_lt0.0_twA",
    "seed": 1,
    "n_clients": 40,
    "num_uavs": 3,
    "delta_min": 10,
    "bs_count": 7,
    "edge_samples": 10,
    "lambda_out": 0.5,
    "lambda_tw": 0.0,
    "tw_family": "A",
    "tw_mode": "soft"
  },
  "scenario": {
    "depot_xy": [
      500.0,
      500.0
    ],
    "client_xy": [
      [
        700.725815340329,
        797.8448634750895
      ],
      [
        710.8574487609764,
        445.6923668395792
      ],
      [
        787.0466231929902,
        426.29288795292905
      ],
      [
        998.3703861939176,
        264.08107020105587
      ],
      [
        125.91854319656403,
        592.0128354094222
      ],
      [
        532.1437516081022,
        461.37812838739336
      ],
      [
        309.5805707247924,
        147.11797537208827
      ],
      [
        507.3959540661702,
        518.8440663251594
      ],
      [
        438.0833426207069,
        766.771899579678
      ],
      [
        142.22293636512816,
        313.28461249038367
      ],
      [
        404.25602467157705,
        706.8904688533378
      ],
      [
        787.4252076489207,
        58.99245055104263
      ],
      [
        808.762550478348,
        270.20495151040956
      ],
      [
        164.67526845145707,
        505.1276214287099
      ],
      [
        143.19222272976174,
        895.2450024570862
      ],
      [
        207.52997355764023,
        288.33144087773775
      ],
      [
        331.92057253612626,
        13.699891498499262
      ],
      [
        670.6429518117458,
        596.8414860834356
      ],
      [
        604.9045112419075,
        542.1583367997353
      ],
      [
        945.1297761010152,
        376.60172562592777
      ],
      [
        524.3497861445657,
        876.069659226655
      ],
      [
        342.24554710683054,
        85.80894609038958
      ],
      [
        497.5187906166644,
        965.5597746185498
      ],
      [
        871.8332983450746,
        886.6529250064934
      ],
      [
        606.6627228850691,
        284.86103095777247
      ],
      [
        690.5838613788194,
        75.71007805913177
      ],
      [
        593.2393378938375,
        832.41454613925
      ],
      [
        1.25162097863607,
        726.6699835555557
      ],
      [
        840.3019730139599,
        37.330148987000825
      ],
      [
        464.8733837184777,
        630.9435553958324
      ],
      [
        296.7725661860601,
        10.65853819474638
      ],
      [
        296.42720155135424,
        987.8574070704266
      ],
      [
        181.64582231686288,
        170.45366794058202
      ],
      [
        428.3489709219612,
        589.530311972245
      ],
      [
        541.4548263831717,
        649.7522443740195
      ],
      [
        96.48342659870002,
        334.01558888434744
      ],
      [
        694.7923241148304,
        315.90979570203615
      ],
      [
        785.2951671974865,
        588.47017327032
      ],
      [
        72.18562005823703,
        906.409528715606
      ],
      [
        52.485905093437204,
        905.1840026188235
      ]
    ],
    "delivery": [
      0.0,
      0.0,
      1.6617532215856254,
      0.5432958099051597,
      0.7294101358499656,
      1.4708585926044033,
      1.6258105605139286,
      0.0,
      0.0,
      0.9137515202275239,
      0.0,
      1.7103503696784441,
      0.9427932392250278,
      1.4984839832498646,
      0.8696966959540624,
      1.7452848568355692,
      0.0,
      1.9149628111372086,
      0.0,
      0.0,
      0.0,
      0.9589325744361274,
      0.941607780664111,
      1.5717459455314966,
      0.0,
      1.2852152717635357,
      1.4716507106701688,
      0.5862311985486819,
      0.7861974400313783,
      0.0,
      1.8638913912120734,
      1.1549268610918804,
      0.951200326900943,
      0.617656622259723,
      0.0,
      0.0,
      0.0,
      0.0,
      1.1166282797663232,
      0.9651888512036098
    ],
    "pickup": [
      1.8977899451301294,
      0.6173608234672762,
      0.0,
      0.0,
      0.0,
      0.0,
      0.0,
      1.7113754942822692,
      0.8018526116980292,
      0.0,
      0.6058078647203109,
      0.0,
      0.0,
      0.0,
      0.0,
      0.0,
      1.3847724487004545,
      0.0,
      1.023716782210906,
      1.5183130554296487,
      1.3163331692993692,
      0.0,
      0.0,
      0.0,
      1.9660280944160498,
      0.0,
      0.0,
      0.0,
      0.0,
      0.9204214722431449,
      0.0,
      0.0,
      0.0,
      0.0,
      1.0283329756166495,
      1.0783315875483024,
      1.2703374694072784,
      1.2607201927053688,
      0.0,
      0.0
    ],
    "service_duration_s": [
      60.0,
      60.0,
      60.0,
      60.0,
      60.0,
      60.0,
      60.0,
      60.0,
      60.0,
      60.0,
      60.0,
      60.0,
      60.0,
      60.0,
      60.0,
      60.0,
      60.0,
      60.0,
      60.0,
      60.0,
      60.0,
      60.0,
      60.0,
      60.0,
      60.0,
      60.0,
      60.0,
      60.0,
      60.0,
      60.0,
      60.0,
      60.0,
      60.0,
      60.0,
      60.0,
      60.0,
      60.0,
      60.0,
      60.0,
      60.0
    ],
    "tw_early_s": [
      25.86906048323874,
      0.0,
      0.0,
      0.0,
      440.74424566227344,
      0.0,
      0.0,
      128.49011068351592,
      183.23117859245008,
      0.0,
      250.10873134431245,
      0.0,
      0.0,
      585.6301504527341,
      376.8190528262004,
      0.0,
      0.0,
      50.39779746439092,
      0.0,
      0.0,
      224.25287856380828,
      0.0,
      218.68189769534706,
      53.90124542296837,
      0.0,
      0.0,
      142.2837041857416,
      458.8564463706109,
      0.0,
      309.4767262530148,
      0.0,
      298.9143003222647,
      0.0,
      374.99858233678924,
      107.61731828831489,
      0.0,
      0.0,
      0.0,
      348.84871183842097,
      484.0811960276699
    ],
    "tw_late_s": [
      1225.8690604832386,
      1064.2349839383792,
      1169.7491560961764,
      1083.1088845834386,
      1640.7442456622734,
      972.4834557984693,
      723.9406694165828,
      1328.490110683516,
      1383.23117859245,
      640.3567916460238,
      1450.1087313443124,
      903.2433095995891,
      984.1398994943663,
      1785.6301504527341,
      1576.8190528262003,
      636.1029493654036,
      797.4682193741435,
      1250.3977974643908,
      1138.5638737520646,
      1076.3129485415861,
      1424.2528785638083,
      800.2266943236922,
      1418.681897695347,
      1253.9012454229683,
      893.3232463097513,
      825.1838971682457,
      1342.2837041857415,
      1658.856446370611,
      900.6398125106557,
      1509.476726253015,
      725.2691080469029,
      1498.9143003222648,
      722.0726312689075,
      1574.9985823367892,
      1307.617318288315,
      643.6321498144357,
      990.5539985969899,
      1162.852605907609,
      1548.848711838421,
      1684.0811960276699
    ],
    "bs_xy": [
      [
        132.27565215576786,
        581.5932578875509
      ],
      [
        761.3628219246096,
        387.1624919392961
      ],
      [
        258.3037046103658,
        552.9733587024448
      ],
      [
        244.12629614668768,
        277.6217605815278
      ],
      [
        425.1983548357504,
        22.41005635465676
      ],
      [
        612.4089443204679,
        771.7470256289895
      ],
      [
        860.574025667937,
        989.1322614678469
      ]
    ],
    "speed_mps": 10.0,
    "capacity_kg": 6.0,
    "altitude_m": 100.0
  }
}