{
  "spec": {
    "run_id": "seed3_N10_M3_D2_B10_K10_lo0.0_lt0.0_twA",
    "seed": 3,
    "n_clients": 10,
    "num_uavs": 3,
    "delta_min": 2,
    "bs_count": 10,
    "edge_samples": 10,
    "lambda_out": 0.0,
    "lambda_tw": 0.0,
    "tw_family": "A",
    "tw_mode": "soft"
  },
  "scenario": {
    "depot_xy": [
      500.0,
      500.0
    ],
    "client_xy": [
      [
        788.0516958360062,
        834.1060077664785
      ],
      [
        71.85432933205182,
        312.92114378688507
      ],
      [
        326.63213365203336,
        86.09506137613133
      ],
      [
        57.74509666453598,
        912.7447016875387
      ],
      [
        163.82311247078385,
        846.2023568007618
      ],
      [
        645.5729702046214,
        138.77640482194263
      ],
      [
        775.9818046001036,
        438.3432867442227
      ],
      [
        945.5876037716257,
        477.5306162840658
      ],
      [
        854.8817938878324,
        804.1047382824048
      ],
      [
        445.17219334460844,
        552.0059504829491
      ]
    ],
    "delivery": [
      0.0,
      0.0,
      1.1808575702649935,
      1.472849916623408,
      0.0,
      1.265514652948053,
      1.108628829054714,
      1.3039236580645857,
      1.9626706969534657,
      0.0
    ],
    "pickup": [
      1.4309818339789433,
      1.8441663186172688,
      0.0,
      0.0,
      1.9198803891303975,
      0.0,
      0.0,
      0.0,
      0.0,
      1.381458256874141
    ],
    "service_duration_s": [
      60.0,
      60.0,
      60.0,
      60.0,
      60.0,
      60.0,
      60.0,
      60.0,
      60.0,
      60.0
    ],
    "tw_early_s": [
      157.83909150508754,
      0.0,
      0.0,
      291.29191806574545,
      204.54255390569733,
      0.0,
      58.24441842582263,
      58.10907820822962,
      48.69288612358099,
      156.79857763583794
    ],
    "tw_late_s": [
      397.83909150508754,
      166.7233575156703,
      164.87468276202907,
      531.2919180657454,
      444.54255390569733,
      158.9453431577585,
      298.24441842582263,
      298.1090782082296,
      288.692886123581,
      396.79857763583794
    ],
    "bs_xy": [
      [
        466.6060482829394,
        785.5456146307711
      ],
      [
        470.13173449390536,
        140.16025904302631
      ],
      [
        171.4234961968011,
        386.923764764184
      ],
      [
        89.29308132233649,
        355.28760679643113
      ],
      [
        467.5094302256001,
        87.67520672734163
      ],
      [
        179.11779898838142,
        56.6591283495772
      ],
      [
        438.4816701455968,
        832.209140850186
      ],
      [
        805.6481842969276,
        664.0059665910937
      ],
      [
        500.35945009190164,
        553.6467147359176
      ],
      [
        454.7624409203409,
        673.9048932904911
      ]
    ],
    "speed_mps": 10.0,
    "capacity_kg": 6.0,
    "altitude_m": 100.0
  }
}