{
  "spec": {
    "run_id": "seed3_N10_M3_D2_B4_K10_lo0.0_lt0.0_twA",
    "seed": 3,
    "n_clients": 10,
    "num_uavs": 3,
    "delta_min": 2,
    "bs_count": 4,
    "edge_samples": 10,
    "lambda_out": 0.0,
    "lambda_tw": 0.0,
    "tw_family": "A",
    "tw_mode": "soft"
  },
  "scenario": {
    "depot_xy": [
      500.0,
      500.0
    ],
    "client_xy": [
      [
        872.5249849545448,
        46.43889402371426
      ],
      [
        820.0145972326891,
        638.3252169181732
      ],
      [
        184.92179914860552,
        932.9671910460743
      ],
      [
        789.3840276668858,
        696.8976837139328
      ],
      [
        938.3663228064241,
        791.045420242054
      ],
      [
        100.51482076806373,
        633.9744658562059
      ],
      [
        354.69911546308055,
        441.78348461059113
      ],
      [
        909.4918346159644,
        255.74114053931785
      ],
      [
        480.8176069895583,
        355.4033496075005
      ],
      [
        548.9392830868543,
        604.5618763062472
      ]
    ],
    "delivery": [
      1.0446207670212282,
      0.8887839000061444,
      0.683764072155232,
      0.7517915083454877,
      0.8961965082405599,
      0.0,
      0.0,
      0.0,
      0.522219130748345,
      0.0
    ],
    "pickup": [
      0.0,
      0.0,
      0.0,
      0.0,
      0.0,
      0.8583446157561345,
      1.0993595470723276,
      0.6015424015827757,
      0.0,
      1.6080359639884716
    ],
    "service_duration_s": [
      60.0,
      60.0,
      60.0,
      60.0,
      60.0,
      60.0,
      60.0,
      60.0,
      60.0,
      60.0
    ],
    "tw_early_s": [
      0.0,
      0.0,
      210.11412050659322,
      119.88992431224142,
      73.44467161995348,
      249.06362708713868,
      0.0,
      14.16848723116388,
      0.0,
      86.0733929013767
    ],
    "tw_late_s": [
      178.69348697000507,
      238.75640384538082,
      450.1141205065932,
      359.8899243122414,
      313.4446716199535,
      489.0636270871387,
      135.65295809465306,
      254.16848723116388,
      134.58634824290775,
      326.0733929013767
    ],
    "bs_xy": [
      [
        542.2549960893678,
        263.4872906624073
      ],
      [
        291.87030868126817,
        470.0627820445304
      ],
      [
        22.044515952924893,
        898.4335568671706
      ],
      [
        864.2208097849066,
        613.9676351947588
      ]
    ],
    "speed_mps": 10.0,
    "capacity_kg": 6.0,
    "altitude_m": 100.0
  }
}