{
  "spec": {
    "run_id": "seed3_N10_M3_D10_B10_K10_lo0.0_lt5.0_twA",
    "seed": 3,
    "n_clients": 10,
    "num_uavs": 3,
    "delta_min": 10,
    "bs_count": 10,
    "edge_samples": 10,
    "lambda_out": 0.0,
    "lambda_tw": 5.0,
    "tw_family": "A",
    "tw_mode": "soft"
  },
  "scenario": {
    "depot_xy": [
      500.0,
      500.0
    ],
    "client_xy": [
      [
        255.8666421576258,
        87.20333371981593
      ],
      [
        871.4472876219907,
        423.7805482825094
      ],
      [
        672.8302194178586,
        395.48914922715204
      ],
      [
        171.54834843462973,
        596.179910385829
      ],
      [
        989.7358255085975,
        738.0596668433368
      ],
      [
        507.11218907882085,
        494.1500072743514
      ],
      [
        303.4682223413454,
        64.9604218785117
      ],
      [
        382.0673367907371,
        56.290512313761255
      ],
      [
        976.5796640964925,
        345.4945414940119
      ],
      [
        593.8574493264172,
        607.3161578632972
      ]
    ],
    "delivery": [
      0.0,
      0.0,
      0.0,
      0.0,
      0.0,
      0.5984649240763092,
      0.0,
      0.0,
      1.7365215939376404,
      0.0
    ],
    "pickup": [
      0.973067486308487,
      0.5466384176739134,
      0.9172392679364785,
      1.6036788719286015,
      1.493748616341642,
      0.0,
      1.9831220587246112,
      1.0211209403825217,
      0.0,
      1.7558455626783254
    ],
    "service_duration_s": [
      60.0,
      60.0,
      60.0,
      60.0,
      60.0,
      60.0,
      60.0,
      60.0,
      60.0,
      60.0
    ],
    "tw_early_s": [
      0.0,
      0.0,
      0.0,
      0.0,
      0.0,
      0.0,
      0.0,
      0.0,
      0.0,
      0.0
    ],
    "tw_late_s": [
      647.9585429411097,
      852.8911224132573,
      757.3030832187801,
      984.9730247972277,
      863.9703868382908,
      755.7842598688079,
      647.7372154782611,
      645.9114607167332,
      772.0237801294264,
      878.3947680935336
    ],
    "bs_xy": [
      [
        650.7849873475187,
        921.4929011141785
      ],
      [
        300.9486940863075,
        861.9767009264345
      ],
      [
        582.2470110211286,
        286.825758706179
      ],
      [
        394.9533901822343,
        697.459496761532
      ],
      [
        435.7598174130279,
        548.2010040049541
      ],
      [
        245.47144191587967,
        107.86929297026182
      ],
      [
        353.9886112434889,
        452.8376207170679
      ],
      [
        151.60095079735459,
        293.6315583822133
      ],
      [
        224.08350782584785,
        605.0462316984821
      ],
      [
        451.68707024997923,
        882.8665758968361
      ]
    ],
    "speed_mps": 10.0,
    "capacity_kg": 6.0,
    "altitude_m": 100.0
  }
}