{
  "spec": {
    "run_id": "seed7_N20_M3_D2_B7_K10_lo1.0_lt1.0_twA",
    "seed": 7,
    "n_clients": 20,
    "num_uavs": 3,
    "delta_min": 2,
    "bs_count": 7,
    "edge_samples": 10,
    "lambda_out": 1.0,
    "lambda_tw": 1.0,
    "tw_family": "A",
    "tw_mode": "soft"
  },
  "scenario": {
    "depot_xy": [
      500.0,
      500.0
    ],
    "client_xy": [
      [
        850.6981955581942,
        334.07315530586266
      ],
      [
        534.7605394735431,
        235.3172976289255
      ],
      [
        686.4380990700338,
        797.7106925381208
      ],
      [
        523.0209808403745,
        726.9683128031808
      ],
      [
        914.5886711398966,
        891.1668444522801
      ],
      [
        265.88428259490706,
        536.1360128065712
      ],
      [
        70.39753421186323,
        135.37242066579824
      ],
      [
        969.6889419820855,
        251.21516362438433
      ],
      [
        641.204389109609,
        618.3618859312054
      ],
      [
        644.967066862129,
        976.52273947133
      ],
      [
        610.9616803871131,
        678.9887455372531
      ],
      [
        302.71701014847906,
        987.4861268159171
      ],
      [
        827.4012809247828,
        295.9177659301927
      ],
      [
        501.8890086055676,
        88.28032699095867
      ],
      [
        380.8901917629903,
        867.5761136401208
      ],
      [
        208.89900427748753,
        681.4157781783186
      ],
      [
        240.00464316516056,
        410.76278395863665
      ],
      [
        567.0740423807542,
        474.64654003453023
      ],
      [
        28.8768512236679,
        331.2278629915061
      ],
      [
        604.2364729857685,
        932.5405112169043
      ]
    ],
    "delivery": [
      1.0006920347055406,
      1.2326004422243106,
      0.0,
      0.0,
      1.3332231675852144,
      0.8219654696948,
      1.2363207856082552,
      0.5284289228115002,
      1.5423651108702283,
      1.9313864973998809,
      1.0629304638883896,
      0.0,
      0.7074004126167752,
      0.96687497022403,
      1.9284233092039065,
      0.0,
      0.7709272199213744,
      0.7095588555705876,
      1.4634379995889923,
      0.0
    ],
    "pickup": [
      0.0,
      0.0,
      0.9258182013013145,
      0.9392064403347367,
      0.0,
      0.0,
      0.0,
      0.0,
      0.0,
      0.0,
      0.0,
      0.748285225566816,
      0.0,
      0.0,
      0.0,
      0.5780984303703443,
      0.0,
      0.0,
      0.0,
      1.038372312624849
    ],
    "service_duration_s": [
      60.0,
      60.0,
      60.0,
      60.0,
      60.0,
      60.0,
      60.0,
      60.0,
      60.0,
      60.0,
      60.0,
      60.0,
      60.0,
      60.0,
      60.0,
      60.0,
      60.0,
      60.0,
      60.0,
      60.0
    ],
    "tw_early_s": [
      134.63487052945885,
      41.53361346001043,
      259.75079575210447,
      364.6245795778898,
      250.70940765254363,
      522.6397573730698,
      0.0,
      118.56719176487434,
      227.83166346370336,
      338.99039743504954,
      294.6067926407487,
      426.19048397922154,
      73.73223657923421,
      9.030888041661854,
      427.5571549063013,
      456.36534982224964,
      0.0,
      165.3097991547084,
      0.0,
      335.54199182328637
    ],
    "tw_late_s": [
      374.63487052945885,
      281.53361346001043,
      499.75079575210447,
      604.6245795778898,
      490.70940765254363,
      762.6397573730698,
      176.34816325510235,
      358.56719176487434,
      467.83166346370336,
      578.9903974350495,
      534.6067926407487,
      666.1904839792215,
      313.7322365792342,
      249.03088804166185,
      667.5571549063013,
      696.3653498222496,
      147.48833685447127,
      405.3097991547084,
      170.04408611847555,
      575.5419918232864
    ],
    "bs_xy": [
      [
        354.3730658026538,
        266.69123099066417
      ],
      [
        424.9128648113643,
        925.9416037043565
      ],
      [
        65.3691784933561,
        907.0177735709209
      ],
      [
        13.031597345979918,
        327.24704786992
      ],
      [
        178.98637583953735,
        344.1918379508785
      ],
      [
        201.02099939512607,
        229.86640566170692
      ],
      [
        806.6372642337429,
        768.4329645843287
      ]
    ],
    "speed_mps": 10.0,
    "capacity_kg": 6.0,
    "altitude_m": 100.0
  }
}