{
  "spec": {
    "run_id": "seed10_N40_M3_D10_B4_K10_lo0.0_lt1.0_twA",
    "seed": 10,
    "n_clients": 40,
    "num_uavs": 3,
    "delta_min": 10,
    "bs_count": 4,
    "edge_samples": 10,
    "lambda_out": 0.0,
    "lambda_tw": 1.0,
    "tw_family": "A",
    "tw_mode": "soft"
  },
  "scenario": {
    "depot_xy": [
      500.0,
      500.0
    ],
    "client_xy": [
      [
        908.5883992953272,
        139.15080068187268
      ],
      [
        311.9268955150413,
        520.5318003497856
      ],
      [
        372.2821770611383,
        645.7543836172446
      ],
      [
        303.0616587104561,
        752.4535872937271
      ],
      [
        869.743320483108,
        41.65484297498978
      ],
      [
        593.2460269751707,
        295.89255729652774
      ],
      [
        986.433361386804,
        218.0843092216679
      ],
      [
        788.7228342743012,
        827.8551820183143
      ],
      [
        574.319330914585,
        838.4455567984244
      ],
      [
        761.5109032687499,
        492.7482018444865
      ],
      [
        759.3278190037357,
        903.857095939779
      ],
      [
        283.31542865457504,
        800.8796049781783
      ],
      [
        60.79175574349493,
        325.266562839309
      ],
      [
        235.97615576421993,
        867.4727022921412
      ],
      [
        108.06026051248641,
        978.6624500394722
      ],
      [
        312.624652876036,
        918.9288787346162
      ],
      [
        959.1801584437396,
        163.27302475099148
      ],
      [
        862.2625084588326,
        321.59605418854153
      ],
      [
        469.65381865463786,
        4.082212273829988
      ],
      [
        724.3682896898338,
        20.990447584319448
      ],
      [
        185.22232637568314,
        649.0893864243894
      ],
      [
        234.3278082097514,
        819.4253175686572
      ],
      [
        964.0305918221375,
        726.3504581969971
      ],
      [
        283.34041109476294,
        803.9125429174713
      ],
      [
        548.9974419459937,
        376.66920283141445
      ],
      [
        949.5080181038221,
        880.1053627258992
      ],
      [
        240.22564713995786,
        632.2055520500712
      ],
      [
        641.6180114073236,
        176.16779536418125
      ],
      [
        900.1059738149022,
        780.8494163496251
      ],
      [
        807.8072261319744,
        205.67120692266937
      ],
      [
        216.50479769609254,
        656.8524981059646
      ],
      [
        155.72809957927348,
        850.0054517993403
      ],
      [
        459.6538549750856,
        536.7492128105266
      ],
      [
        631.8423280530407,
        819.7620281287008
      ],
      [
        543.2937646312722,
        278.03643618117735
      ],
      [
        451.22737859766835,
        303.649220212958
      ],
      [
        361.6966618878652,
        90.57145385562315
      ],
      [
        235.40868204067021,
        484.1122835431576
      ],
      [
        229.3765760105203,
        611.359518788872
      ],
      [
        959.7108342811129,
        538.2107043599527
      ]
    ],
    "delivery": [
      1.018093524449339,
      0.0,
      0.6090495758336766,
      0.0,
      0.0,
      1.0146496985981643,
      0.0,
      1.622254060866151,
      0.9972841838001764,
      0.0,
      1.3627078594988198,
      0.5505577792529479,
      1.143727941865346,
      1.9122185080548053,
      0.0,
      0.0,
      0.9494183386502641,
      0.0,
      0.7975069365240985,
      0.0,
      0.0,
      0.0,
      1.451124517207725,
      0.0,
      0.7305390781717569,
      1.026810316684567,
      0.0,
      0.0,
      1.3064114121508075,
      0.8905463686194313,
      0.0,
      0.0,
      1.8810090441338831,
      0.0,
      1.7350917537096637,
      1.6220778047004476,
      1.7988261609280116,
      0.0,
      0.0,
      1.5023587484066983
    ],
    "pickup": [
      0.0,
      1.6741875741594854,
      0.0,
      1.7798769912978485,
      1.8961897266658077,
      0.0,
      1.7059434498960744,
      0.0,
      0.0,
      0.937193782715307,
      0.0,
      0.0,
      0.0,
      0.0,
      1.344951341335657,
      0.5589230136781311,
      0.0,
      0.5208836437636144,
      0.0,
      1.7374547635371917,
      1.9720777779149972,
      0.7388964110880424,
      0.0,
      1.432730350579226,
      0.0,
      0.0,
      1.5517626306308643,
      1.2578407209977323,
      0.0,
      0.0,
      1.577785441481423,
      1.2857854369498756,
      0.0,
      1.861032421329695,
      0.0,
      0.0,
      0.0,
      1.2183433069011194,
      1.052757037583713,
      0.0
    ],
    "service_duration_s": [
      60.0,
      60.0,
      60.0,
      60.0,
      60.0,
      60.0,
      60.0,
      60.0,
      60.0,
      60.0,
      60.0,
      60.0,
      60.0,
      60.0,
      60.0,
      60.0,
      60.0,
      60.0,
      60.0,
      60.0,
      60.0,
      60.0,
      60.0,
      60.0,
      60.0,
      60.0,
      60.0,
      60.0,
      60.0,
      60.0,
      60.0,
      60.0,
      60.0,
      60.0,
      60.0,
      60.0,
      60.0,
      60.0,
      60.0,
      60.0
    ],
    "tw_early_s": [
      0.0,
      511.92726029383766,
      267.5808406052902,
      194.86227141456254,
      0.0,
      0.0,
      0.0,
      29.20046160213235,
      110.66695136895339,
      0.0,
      74.25679316137382,
      251.11585948796608,
      0.0,
      204.62555548430885,
      281.57419444505365,
      178.95252866993508,
      0.0,
      0.0,
      0.0,
      0.0,
      502.1567757104965,
      316.3539225005069,
      0.0,
      129.35141692418995,
      0.0,
      0.0,
      438.6562031251858,
      0.0,
      0.0,
      0.0,
      343.19806189047597,
      355.2945610864589,
      412.50328038583086,
      34.46520298443215,
      0.0,
      0.0,
      0.0,
      0.0,
      407.9259513182452,
      0.0
    ],
    "tw_late_s": [
      968.384406249486,
      1711.9272602938377,
      1467.5808406052902,
      1394.8622714145627,
      930.0730037032421,
      794.6203946145793,
      955.8019112322302,
      1229.2004616021322,
      1310.6669513689535,
      1103.591600392215,
      1274.256793161374,
      1451.1158594879662,
      647.2689809372775,
      1404.6255554843087,
      1481.5741944450538,
      1378.952528669935,
      1005.169337736012,
      1047.207891232057,
      759.2620163878188,
      886.49858485133,
      1702.1567757104965,
      1516.353922500507,
      1148.943112611089,
      1329.3514169241898,
      786.8422724695015,
      1142.1305762406844,
      1638.6562031251858,
      843.5900108585164,
      1195.5620403921632,
      877.8962190354,
      1543.1980618904759,
      1555.294561086459,
      1612.5032803858307,
      1234.4652029844322,
      729.3156141529957,
      714.6394436381463,
      643.2156855471318,
      626.5067887669684,
      1607.925951318245,
      1047.9258901761823
    ],
    "bs_xy": [
      [
        614.4038259507935,
        557.710048295254
      ],
      [
        639.5958024731533,
        827.91386660384
      ],
      [
        369.6303238990286,
        696.0040432916161
      ],
      [
        352.12866377401207,
        889.7534044515291
      ]
    ],
    "speed_mps": 10.0,
    "capacity_kg": 6.0,
    "altitude_m": 100.0
  }
}