{
  "spec": {
    "run_id": "seed10_N20_M3_D2_B7_K10_lo0.5_lt0.0_twA",
    "seed": 10,
    "n_clients": 20,
    "num_uavs": 3,
    "delta_min": 2,
    "bs_count": 7,
    "edge_samples": 10,
    "lambda_out": 0.5,
    "lambda_tw": 0.0,
    "tw_family": "A",
    "tw_mode": "soft"
  },
  "scenario": {
    "depot_xy": [
      500.0,
      500.0
    ],
    "client_xy": [
      [
        792.4874717139943,
        225.26548226702937
      ],
      [
        569.6541147763924,
        882.7032941917649
      ],
      [
        4.694919972007883,
        356.8152058935492
      ],
      [
        475.73195932168454,
        938.4492848752566
      ],
      [
        444.7843587928103,
        140.20779681586026
      ],
      [
        458.5004464039873,
        622.9127913549794
      ],
      [
        424.34442342448773,
        194.74359641118554
      ],
      [
        849.2093971526226,
        157.95683213419153
      ],
      [
        855.6825565573088,
        766.4846919137152
      ],
      [
        290.2285664107621,
        660.7933890794678
      ],
      [
        520.3217769904287,
        662.1552644371445
      ],
      [
        369.5493508201512,
        515.6698352227443
      ],
      [
        561.158056113233,
        430.4161402512916
      ],
      [
        39.7790265184278,
        520.6075420953609
      ],
      [
        981.4462382317871,
        236.11003738529968
      ],
      [
        29.422106832492023,
        44.777427046046036
      ],
      [
        801.1755254984552,
        135.52442531162157
      ],
      [
        745.3354490391974,
        690.1959630557946
      ],
      [
        55.3945999105151,
        759.4472832385902
      ],
      [
        489.9015641131236,
        545.5041899824015
      ]
    ],
    "delivery": [
      0.7606894198137444,
      0.0,
      0.0,
      1.928627022568619,
      0.0,
      0.6747662921653217,
      0.0,
      0.0,
      0.0,
      0.0,
      0.0,
      0.0,
      1.438820282263784,
      0.0,
      1.3383686570184103,
      0.6888694858865129,
      0.0,
      0.0,
      0.0,
      1.070983985442159
    ],
    "pickup": [
      0.0,
      1.220922021249997,
      0.8229965644657403,
      0.0,
      1.7815595830562767,
      0.0,
      0.5817228346948053,
      1.6471847893247382,
      1.8857463023130734,
      1.489254866460358,
      1.0157665266587583,
      1.3696429913169783,
      0.0,
      1.155236321663724,
      0.0,
      0.0,
      1.0859413711314725,
      1.4890418123629994,
      1.4921318959057768,
      0.0
    ],
    "service_duration_s": [
      60.0,
      60.0,
      60.0,
      60.0,
      60.0,
      60.0,
      60.0,
      60.0,
      60.0,
      60.0,
      60.0,
      60.0,
      60.0,
      60.0,
      60.0,
      60.0,
      60.0,
      60.0,
      60.0,
      60.0
    ],
    "tw_early_s": [
      152.1960825717548,
      241.66152605318473,
      0.0,
      355.57673435485697,
      40.60934555027097,
      424.3909011920932,
      0.0,
      141.09077831976015,
      261.94700708235484,
      448.9689947233354,
      357.0684367100472,
      498.32408067329754,
      0.0,
      537.6703960352806,
      105.00282839352613,
      0.0,
      83.18001936099841,
      258.927620659945,
      444.74395146506413,
      336.3117360405563
    ],
    "tw_late_s": [
      392.1960825717548,
      481.66152605318473,
      171.55860816244387,
      595.576734354857,
      280.609345550271,
      664.3909011920932,
      151.44920320118626,
      381.09077831976015,
      501.94700708235484,
      688.9689947233354,
      597.0684367100472,
      738.3240806732975,
      238.69980282937013,
      777.6703960352806,
      345.0028283935261,
      185.4729825550042,
      323.1800193609984,
      498.927620659945,
      684.7439514650641,
      576.3117360405563
    ],
    "bs_xy": [
      [
        48.65585297426356,
        377.91890807463204
      ],
      [
        10.839181093024951,
        660.6030416225526
      ],
      [
        516.6199685832056,
        938.2488776417181
      ],
      [
        973.0913330101894,
        89.67247211385465
      ],
      [
        841.5733502951822,
        595.8498148303544
      ],
      [
        755.3509128843941,
        321.53373164480246
      ],
      [
        999.8057618557872,
        527.6365256883935
      ]
    ],
    "speed_mps": 10.0,
    "capacity_kg": 6.0,
    "altitude_m": 100.0
  }
}