{
  "spec": {
    "run_id": "seed1_N20_M3_D5_B10_K10_lo0.5_lt0.0_twA",
    "seed": 1,
    "n_clients": 20,
    "num_uavs": 3,
    "delta_min": 5,
    "bs_count": 10,
    "edge_samples": 10,
    "lambda_out": 0.5,
    "lambda_tw": 0.0,
    "tw_family": "A",
    "tw_mode": "soft"
  },
  "scenario": {
    "depot_xy": [
      500.0,
      500.0
    ],
    "client_xy": [
      [
        10.455254181460539,
        738.9816215621935
      ],
      [
        236.5767082838316,
        881.1639628061527
      ],
      [
        861.0161388156264,
        650.2529598125045
      ],
      [
        661.4517238802331,
        135.28318730875
      ],
      [
        209.2967978993977,
        169.86128160294624
      ],
      [
        551.7252538112076,
        643.1369499609556
      ],
      [
        946.1736686141546,
        373.9852171127379
      ],
      [
        289.7421841992055,
        588.04217460911
      ],
      [
        476.6943227975116,
        660.9833490520883
      ],
      [
        288.3975733918244,
        634.5769585399777
      ],
      [
        360.4380151702221,
        905.3495123832364
      ],
      [
        237.9698997115488,
        892.931934813288
      ],
      [
        771.4221054116512,
        251.79243721002098
      ],
      [
        58.91040639921552,
        598.9358398692672
      ],
      [
        623.3564829570695,
        468.3810204648977
      ],
      [
        47.52635882572931,
        720.5349459642814
      ],
      [
        779.1303331957747,
        411.99141544769805
      ],
      [
        348.7244986180075,
        361.8713771051824
      ],
      [
        621.4741818761588,
        573.6248267650789
      ],
      [
        821.7186451478467,
        517.7309493199765
      ]
    ],
    "delivery": [
      0.0,
      0.0,
      0.0,
      0.0,
      0.7227216176125392,
      1.892504608834236,
      0.0,
      0.5478011496560151,
      1.3492208175847202,
      0.0,
      0.0,
      1.0769391609290944,
      0.0,
      0.0,
      0.0,
      0.0,
      0.0,
      0.0,
      1.142774205805584,
      0.0
    ],
    "pickup": [
      1.3321040549626302,
      0.866614202943009,
      1.1107549125249474,
      0.639961201378493,
      0.0,
      0.0,
      1.2892313228146868,
      0.0,
      0.0,
      0.993125328790458,
      1.0267101318899525,
      0.0,
      0.7554558469125001,
      1.5422259675547747,
      0.9695756873903381,
      1.373590394842393,
      0.5459660030303971,
      1.1237306572052108,
      0.0,
      0.6650098354069296
    ],
    "service_duration_s": [
      60.0,
      60.0,
      60.0,
      60.0,
      60.0,
      60.0,
      60.0,
      60.0,
      60.0,
      60.0,
      60.0,
      60.0,
      60.0,
      60.0,
      60.0,
      60.0,
      60.0,
      60.0,
      60.0,
      60.0
    ],
    "tw_early_s": [
      214.6473839267254,
      116.97503474113387,
      0.0,
      0.0,
      0.0,
      27.07188556323291,
      0.0,
      235.81309781593757,
      24.396518588175525,
      171.1576772187027,
      83.13846931297718,
      127.17674271091255,
      0.0,
      289.4665346265559,
      0.0,
      201.78263754386688,
      0.0,
      0.0,
      0.0,
      0.0
    ],
    "tw_late_s": [
      814.6473839267254,
      716.9750347411339,
      525.9493601079062,
      339.8854625902174,
      343.98862638187205,
      627.0718855632329,
      437.0399030846738,
      835.8130978159376,
      624.3965185881755,
      771.1576772187027,
      683.1384693129771,
      727.1767427109125,
      424.1646541014528,
      889.4665346265559,
      510.40089677246374,
      801.7826375438669,
      465.9028621975586,
      320.48506621448706,
      580.9269605295902,
      537.3022539964459
    ],
    "bs_xy": [
      [
        225.84136400649135,
        832.7973647283743
      ],
      [
        27.868331485963573,
        395.8956920967756
      ],
      [
        567.8270180283337,
        475.2030856551813
      ],
      [
        857.2436001742748,
        188.05232051124221
      ],
      [
        398.41694354687064,
        821.8940372542204
      ],
      [
        645.4793915906199,
        722.6351007428002
      ],
      [
        704.6840868368149,
        162.18845664641745
      ],
      [
        297.48004891104506,
        25.961729598110274
      ],
      [
        281.1372146730958,
        39.82242767059141
      ],
      [
        229.1148829287577,
        866.0465412115137
      ]
    ],
    "speed_mps": 10.0,
    "capacity_kg": 6.0,
    "altitude_m": 100.0
  }
}