{
  "spec": {
    "run_id": "seed7_N40_M3_D2_B4_K10_lo0.5_lt0.0_twA",
    "seed": 7,
    "n_clients": 40,
    "num_uavs": 3,
    "delta_min": 2,
    "bs_count": 4,
    "edge_samples": 10,
    "lambda_out": 0.5,
    "lambda_tw": 0.0,
    "tw_family": "A",
    "tw_mode": "soft"
  },
  "scenario": {
    "depot_xy": [
      500.0,
      500.0
    ],
    "client_xy": [
      [
        228.58363484825583,
        2.2005008143242133
      ],
      [
        317.2121743599009,
        797.5045568591343
      ],
      [
        37.01443883337563,
        161.39939091998278
      ],
      [
        666.5364368460612,
        910.8511521094823
      ],
      [
        320.8858415354593,
        273.65134129593525
      ],
      [
        350.62378301934416,
        619.0080111466353
      ],
      [
        464.94677795396,
        404.81544676784273
      ],
      [
        89.04200615867863,
        189.0064171996023
      ],
      [
        457.8023981739096,
        961.5897782521891
      ],
      [
        155.2919169850686,
        122.25468363213288
      ],
      [
        463.10565090427036,
        232.58476750885526
      ],
      [
        339.0927778008922,
        853.8446528279674
      ],
      [
        921.7676392170038,
        713.6416839328818
      ],
      [
        102.52465709720914,
        262.78148144518053
      ],
      [
        412.566309085601,
        212.4102310513616
      ],
      [
        730.3004093698788,
        764.4653545823495
      ],
      [
        3.081779478148583,
        161.3852195545309
      ],
      [
        787.6222754085621,
        858.1055587408508
      ],
      [
        607.399926970337,
        587.8651860913762
      ],
      [
        622.4904028382872,
        602.5057662678764
      ],
      [
        851.9283321807632,
        285.6802304545152
      ],
      [
        682.8264600663721,
        546.7643973218335
      ],
      [
        635.490008216714,
        848.8621585027962
      ],
      [
        381.4043614246041,
        21.907881154285548
      ],
      [
        193.1523192799275,
        346.81074649762576
      ],
      [
        111.77311469443774,
        606.919525584991
      ],
      [
        76.44390594155048,
        34.923573410378886
      ],
      [
        497.95322142356537,
        833.3488110125013
      ],
      [
        352.2225439354083,
        183.3047245493029
      ],
      [
        831.0174148410123,
        757.6404540588396
      ],
      [
        569.4920536028021,
        421.23747133093224
      ],
      [
        672.6729178613332,
        822.3770899557313
      ],
      [
        688.6335517763724,
        317.5754160818092
      ],
      [
        98.17912982918209,
        381.75357737505976
      ],
      [
        906.2553320226684,
        115.25345392596009
      ],
      [
        247.2366846854579,
        102.16400855508634
      ],
      [
        615.9394708558965,
        251.43200629785778
      ],
      [
        529.2116737643319,
        108.01312959859399
      ],
      [
        437.77065080995806,
        353.6269044698672
      ],
      [
        652.4127403889169,
        233.275818310119
      ]
    ],
    "delivery": [
      0.0,
      0.0,
      1.3666423839966626,
      0.5534165904649676,
      1.8410598972090444,
      0.0,
      0.9204700468475163,
      0.0,
      0.0,
      1.2716196141013947,
      0.6023162838199334,
      0.8956680142761105,
      1.6821273901229064,
      0.0,
      0.6169397493354702,
      0.0,
      0.5562492790379352,
      0.0,
      0.0,
      0.0,
      0.0,
      1.099730424540241,
      0.5220463128767215,
      1.4514607756190228,
      0.0,
      0.0,
      0.0,
      0.0,
      0.0,
      0.0,
      1.995120844991965,
      0.81980966333695,
      1.7401274137304545,
      1.4265629128057005,
      0.0,
      0.0,
      0.0,
      0.6412302007312582,
      0.8635893772589195,
      0.0
    ],
    "pickup": [
      1.2047758832563278,
      1.714940718096267,
      0.0,
      0.0,
      0.0,
      0.9142094694069165,
      0.0,
      0.955309586621415,
      1.6209802362771333,
      0.0,
      0.0,
      0.0,
      0.0,
      1.0604299723577881,
      0.0,
      1.308474551567873,
      0.0,
      0.7804183050013935,
      0.6408568560638239,
      1.7605618219058516,
      0.5876225373921125,
      0.0,
      0.0,
      0.0,
      0.6296745823904509,
      1.8568843383887401,
      1.6226617349703243,
      0.5972874754193349,
      1.7202900281241853,
      0.7751079233766525,
      0.0,
      0.0,
      0.0,
      0.0,
      1.4839038366653545,
      1.645149278111514,
      0.8773675344318532,
      0.0,
      0.0,
      1.1038474560534473
    ],
    "service_duration_s": [
      60.0,
      60.0,
      60.0,
      60.0,
      60.0,
      60.0,
      60.0,
      60.0,
      60.0,
      60.0,
      60.0,
      60.0,
      60.0,
      60.0,
      60.0,
      60.0,
      60.0,
      60.0,
      60.0,
      60.0,
      60.0,
      60.0,
      60.0,
      60.0,
      60.0,
      60.0,
      60.0,
      60.0,
      60.0,
      60.0,
      60.0,
      60.0,
      60.0,
      60.0,
      60.0,
      60.0,
      60.0,
      60.0,
      60.0,
      60.0
    ],
    "tw_early_s": [
      147.34570677363496,
      948.4498273995928,
      0.0,
      726.5982345962318,
      78.46907683499629,
      903.9750763119879,
      254.0325711065458,
      0.0,
      808.0794606048274,
      81.60297102238928,
      331.25662307663265,
      907.7388203436403,
      618.0401944298274,
      0.0,
      214.7313920101551,
      650.6311916922772,
      5.887015817105208,
      742.8536279379273,
      650.3713321621796,
      709.9648019308954,
      473.2940696431882,
      581.7815494336318,
      818.0949097635786,
      336.2112249296292,
      0.0,
      1001.3016342451581,
      71.7837992453361,
      870.0237218291035,
      148.03176478079155,
      580.5363937952274,
      381.9658049272812,
      792.5173369977759,
      498.855295610565,
      0.0,
      498.1812681543496,
      151.0143872455355,
      429.0270810938176,
      290.3854317101091,
      242.56383736261046,
      410.1874581560363
    ],
    "tw_late_s": [
      387.34570677363496,
      1188.4498273995928,
      238.53585023760013,
      966.5982345962318,
      318.46907683499626,
      1143.9750763119878,
      494.0325711065458,
      233.7878436450826,
      1048.0794606048275,
      321.6029710223893,
      571.2566230766326,
      1147.7388203436403,
      858.0401944298274,
      166.2881489974523,
      454.7313920101551,
      890.6311916922772,
      245.8870158171052,
      982.8536279379273,
      890.3713321621796,
      949.9648019308954,
      713.2940696431882,
      821.7815494336318,
      1058.0949097635785,
      576.2112249296292,
      154.29612901653803,
      1241.301634245158,
      311.7837992453361,
      1110.0237218291036,
      388.03176478079155,
      820.5363937952274,
      621.9658049272812,
      1032.517336997776,
      738.855295610565,
      161.88582435245,
      738.1812681543496,
      391.0143872455355,
      669.0270810938176,
      530.3854317101091,
      482.56383736261046,
      650.1874581560363
    ],
    "bs_xy": [
      [
        730.418477327497,
        8.783401914335132
      ],
      [
        816.6072573695524,
        114.90971095776459
      ],
      [
        869.5941538021546,
        864.7758605940127
      ],
      [
        445.8659674128344,
        120.97366264720621
      ]
    ],
    "speed_mps": 10.0,
    "capacity_kg": 6.0,
    "altitude_m": 100.0
  }
}