{
  "spec": {
    "run_id": "seed4_N40_M3_D5_B4_K10_lo0.0_lt5.0_twA",
    "seed": 4,
    "n_clients": 40,
    "num_uavs": 3,
    "delta_min": 5,
    "bs_count": 4,
    "edge_samples": 10,
    "lambda_out": 0.0,
    "lambda_tw": 5.0,
    "tw_family": "A",
    "tw_mode": "soft"
  },
  "scenario": {
    "depot_xy": [
      500.0,
      500.0
    ],
    "client_xy": [
      [
        565.7264741026121,
        488.95955434496886
      ],
      [
        938.9635465034432,
        624.0203182920718
      ],
      [
        777.9841657622895,
        256.73266180904517
      ],
      [
        505.4803470440937,
        152.70423163130187
      ],
      [
        228.36811821760418,
        543.9952217143945
      ],
      [
        158.32204640163616,
        142.16702204544484
      ],
      [
        365.93899373462256,
        786.0280249813933
      ],
      [
        767.4932693667399,
        56.651231608861096
      ],
      [
        724.630667239641,
        149.49832823444365
      ],
      [
        298.21849096068655,
        738.6176969300807
      ],
      [
        478.28175924221415,
        804.1437842318907
      ],
      [
        667.4800917123735,
        368.8952744256331
      ],
      [
        369.1404106702497,
        107.92493769161204
      ],
      [
        460.65191307738473,
        873.0665245258024
      ],
      [
        338.3604943106887,
        730.1549150603945
      ],
      [
        694.211603200359,
        731.3043912423095
      ],
      [
        763.4088592014937,
        100.01473951436057
      ],
      [
        287.1887127639649,
        61.67906543170809
      ],
      [
        999.3007289477574,
        142.6048018469517
      ],
      [
        141.24009914937585,
        17.610605662552125
      ],
      [
        0.9061016869346128,
        671.2987048022986
      ],
      [
        209.22412588780904,
        488.3869240275001
      ],
      [
        657.6681603764869,
        237.68166425964642
      ],
      [
        898.1665492856814,
        23.84469652067822
      ],
      [
        948.1208367852647,
        233.85770730619504
      ],
      [
        401.5741038175712,
        576.1008334869031
      ],
      [
        554.7941843882514,
        25.165481257915843
      ],
      [
        971.763664130644,
        843.2650802503373
      ],
      [
        613.9387471645787,
        32.04010102539323
      ],
      [
        239.14837194013816,
        66.37463964668034
      ],
      [
        67.07988567375122,
        578.7552361483511
      ],
      [
        964.5871189921231,
        116.08889103390341
      ],
      [
        949.4759075490874,
        310.0429946039399
      ],
      [
        764.0393993472268,
        563.7848276315281
      ],
      [
        594.1381912560161,
        629.7432644675179
      ],
      [
        656.771305975155,
        464.4147520275093
      ],
      [
        142.58828260568868,
        507.6225845566605
      ],
      [
        353.0747915005327,
        299.00346300823367
      ],
      [
        46.46319904992624,
        651.6352468982134
      ],
      [
        569.2576365324767,
        327.44621201862844
      ]
    ],
    "delivery": [
      0.0,
      0.7683928176885471,
      0.0,
      1.318533464302818,
      1.9836088011975457,
      0.0,
      0.0,
      1.0354401339242165,
      0.0,
      0.0,
      0.0,
      0.0,
      0.5337989449241884,
      0.0,
      0.0,
      1.2037651280351382,
      0.0,
      0.0,
      1.2276581329083989,
      1.020299793171933,
      0.0,
      0.0,
      0.0,
      1.1087400113489747,
      0.0,
      0.0,
      1.3835256907300513,
      0.0,
      1.8546464394338051,
      0.0,
      0.0,
      0.9582972670657649,
      1.1133749109954103,
      1.7153095160326184,
      0.0,
      0.0,
      0.0,
      0.0,
      0.0,
      0.0
    ],
    "pickup": [
      0.9716239887266096,
      0.0,
      0.9424906635179351,
      0.0,
      0.0,
      1.3286684300604636,
      1.74555827234227,
      0.0,
      0.5510687899637406,
      1.1179857307783494,
      1.1249273387684582,
      1.3675137954146896,
      0.0,
      1.0736743436206722,
      0.9851795651744564,
      0.0,
      1.343912667789514,
      1.7617030731033279,
      0.0,
      0.0,
      1.0834728815660104,
      1.5955201799242602,
      1.351172383000083,
      0.0,
      1.2832431126860597,
      1.9825893260474596,
      0.0,
      1.8003766136049926,
      0.0,
      1.4067700004392263,
      0.7348701536921658,
      0.0,
      0.0,
      0.0,
      1.5691888390435837,
      1.5719179820481415,
      1.110160037880641,
      1.74719540587783,
      1.9018536038625244,
      1.7465130473712136
    ],
    "service_duration_s": [
      60.0,
      60.0,
      60.0,
      60.0,
      60.0,
      60.0,
      60.0,
      60.0,
      60.0,
      60.0,
      60.0,
      60.0,
      60.0,
      60.0,
      60.0,
      60.0,
      60.0,
      60.0,
      60.0,
      60.0,
      60.0,
      60.0,
      60.0,
      60.0,
      60.0,
      60.0,
      60.0,
      60.0,
      60.0,
      60.0,
      60.0,
      60.0,
      60.0,
      60.0,
      60.0,
      60.0,
      60.0,
      60.0,
      60.0,
      60.0
    ],
    "tw_early_s": [
      341.381992307327,
      427.0761476294309,
      142.75626009341585,
      0.0,
      820.9227228309101,
      0.0,
      609.2220291524483,
      53.23866357669476,
      70.7788655095361,
      655.0091529282732,
      564.7736539511968,
      228.21767719911543,
      0.0,
      573.923351102778,
      640.6015764747989,
      486.6018154059277,
      83.34097216153543,
      0.0,
      227.65730215188285,
      0.0,
      734.8564331504606,
      0.0,
      5.9820328054500465,
      126.71151584682161,
      235.4143514091836,
      690.5150530803427,
      0.0,
      455.2706372497395,
      0.0,
      0.0,
      783.9655280882007,
      163.52291224653698,
      317.0248344676876,
      408.45278642168853,
      521.5634319142861,
      334.65603081949223,
      818.9596105204464,
      0.0,
      741.6449697204459,
      0.0
    ],
    "tw_late_s": [
      941.381992307327,
      1027.076147629431,
      742.7562600934159,
      508.5538295531503,
      1420.92272283091,
      349.4760815027818,
      1209.2220291524482,
      653.2386635766948,
      670.7788655095361,
      1255.0091529282731,
      1164.7736539511968,
      828.2176771991154,
      492.0581999405239,
      1173.923351102778,
      1240.601576474799,
      1086.6018154059277,
      683.3409721615354,
      435.3628989467026,
      827.6573021518828,
      360.11723498528517,
      1334.8564331504606,
      329.1007684605152,
      605.98203280545,
      726.7115158468216,
      835.4143514091836,
      1290.5150530803426,
      522.3714032134097,
      1055.2706372497396,
      577.6872330838653,
      420.55641549131144,
      1383.9655280882007,
      763.522912246537,
      917.0248344676876,
      1008.4527864216885,
      1121.563431914286,
      934.6560308194922,
      1418.9596105204464,
      412.8829275939622,
      1341.644969720446,
      587.1555236599165
    ],
    "bs_xy": [
      [
        980.4046419770978,
        545.1083629192316
      ],
      [
        917.12173146085,
        343.822103732611
      ],
      [
        161.26682321629605,
        675.2389983327441
      ],
      [
        140.8334193024524,
        382.7079249642376
      ]
    ],
    "speed_mps": 10.0,
    "capacity_kg": 6.0,
    "altitude_m": 100.0
  }
}