{
  "spec": {
    "run_id": "seed1_N20_M3_D5_B7_K10_lo0.5_lt5.0_twA",
    "seed": 1,
    "n_clients": 20,
    "num_uavs": 3,
    "delta_min": 5,
    "bs_count": 7,
    "edge_samples": 10,
    "lambda_out": 0.5,
    "lambda_tw": 5.0,
    "tw_family": "A",
    "tw_mode": "soft"
  },
  "scenario": {
    "depot_xy": [
      500.0,
      500.0
    ],
    "client_xy": [
      [
        130.06539499187264,
        371.64756179790305
      ],
      [
        596.5237875738386,
        294.9745461316362
      ],
      [
        978.8177243844254,
        912.0034235734571
      ],
      [
        333.4658951525592,
        885.877270454856
      ],
      [
        983.6793887460586,
        38.63812002916789
      ],
      [
        405.0987785117709,
        207.5269308416753
      ],
      [
        36.189041174020666,
        713.3722315029363
      ],
      [
        412.9807131690424,
        560.384814908466
      ],
      [
        763.1740388186563,
        704.9942746740044
      ],
      [
        677.0347129588267,
        76.280194152468
      ],
      [
        274.7966481565435,
        310.6067104570235
      ],
      [
        145.18239303477353,
        576.1832638230657
      ],
      [
        50.49238163596414,
        411.0092780548757
      ],
      [
        413.24710233515617,
        632.1279802553745
      ],
      [
        451.7710890311647,
        886.2623365642671
      ],
      [
        577.2653546536612,
        626.0448651381361
      ],
      [
        171.93588571136232,
        911.0999153506827
      ],
      [
        558.2261444269699,
        934.5252632748753
      ],
      [
        258.8926727007361,
        291.9353076812845
      ],
      [
        699.451859902417,
        837.8894503003761
      ]
    ],
    "delivery": [
      1.6321110338045077,
      0.0,
      1.8150200498475266,
      0.0,
      0.0,
      0.0,
      0.0,
      0.0,
      0.0,
      0.6839587145079924,
      0.0,
      0.0,
      0.0,
      0.638663984425863,
      0.0,
      1.9960880252143822,
      0.9219959475822814,
      0.576408542970624,
      0.7432538763613198,
      0.8395232341964531
    ],
    "pickup": [
      0.0,
      1.1749604994232266,
      0.0,
      0.818648984942297,
      0.9418190024400543,
      1.436512546015813,
      1.4008320933598877,
      1.0863080896751307,
      0.5136020006134419,
      0.0,
      0.7947468234946466,
      1.6828741051612166,
      1.4865991325666044,
      0.0,
      1.445402265567789,
      0.0,
      0.0,
      0.0,
      0.0,
      0.0
    ],
    "service_duration_s": [
      60.0,
      60.0,
      60.0,
      60.0,
      60.0,
      60.0,
      60.0,
      60.0,
      60.0,
      60.0,
      60.0,
      60.0,
      60.0,
      60.0,
      60.0,
      60.0,
      60.0,
      60.0,
      60.0,
      60.0
    ],
    "tw_early_s": [
      0.0,
      0.0,
      56.17564005847032,
      131.08596222497948,
      0.0,
      0.0,
      350.4017206230245,
      224.5923712987393,
      0.0,
      0.0,
      0.0,
      353.4687141480774,
      0.0,
      251.83056432101932,
      171.77683343147646,
      82.88705268818609,
      259.8703640634576,
      158.29505486858432,
      0.0,
      34.17410000196736
    ],
    "tw_late_s": [
      339.1568589617378,
      523.589602164172,
      656.1756400584703,
      731.0859622249795,
      551.4574333901128,
      431.1848066880398,
      950.4017206230245,
      824.5923712987393,
      559.4358355890192,
      435.9770790218104,
      329.4255616438221,
      953.4687141480774,
      345.82318709557666,
      851.8305643210193,
      771.7768334314765,
      682.887052688186,
      859.8703640634576,
      758.2950548685843,
      429.82512279593476,
      634.1741000019674
    ],
    "bs_xy": [
      [
        575.6307236516458,
        637.6820361090765
      ],
      [
        385.62796832162974,
        75.28999507671308
      ],
      [
        451.72045651138603,
        140.6197351312467
      ],
      [
        259.39686208227863,
        958.3274696967336
      ],
      [
        510.21377310891256,
        1.8128582741220312
      ],
      [
        57.44105115433451,
        921.249735368831
      ],
      [
        909.4771603449665,
        131.70717745402172
      ]
    ],
    "speed_mps": 10.0,
    "capacity_kg": 6.0,
    "altitude_m": 100.0
  }
}