{
  "spec": {
    "run_id": "seed5_N10_M3_D10_B4_K10_lo1.0_lt5.0_twA",
    "seed": 5,
    "n_clients": 10,
    "num_uavs": 3,
    "delta_min": 10,
    "bs_count": 4,
    "edge_samples": 10,
    "lambda_out": 1.0,
    "lambda_tw": 5.0,
    "tw_family": "A",
    "tw_mode": "soft"
  },
  "scenario": {
    "depot_xy": [
      500.0,
      500.0
    ],
    "client_xy": [
      [
        288.1402697076776,
        593.7469854268883
      ],
      [
        149.46322320859773,
        952.3036894850526
      ],
      [
        367.51047004340467,
        211.47165926937862
      ],
      [
        493.1587475439897,
        941.9080105484114
      ],
      [
        631.2684334973161,
        546.6292027586159
      ],
      [
        40.02739111145481,
        456.821158689782
      ],
      [
        715.3310060400609,
        409.1532156978588
      ],
      [
        313.33367458234693,
        682.4410951570104
      ],
      [
        652.0501174837649,
        980.9368704079294
      ],
      [
        272.7697849882024,
        585.5655571964023
      ]
    ],
    "delivery": [
      1.6010851195648252,
      0.0,
      1.1230218455609897,
      1.1620038043863534,
      0.0,
      0.0,
      1.3867533614328629,
      0.0,
      1.5658929988799286,
      0.5502459498934373
    ],
    "pickup": [
      0.0,
      0.5184598333673297,
      0.0,
      0.0,
      1.9453166134852393,
      1.678619643536792,
      0.0,
      0.7480730327972354,
      0.0,
      0.0
    ],
    "service_duration_s": [
      60.0,
      60.0,
      60.0,
      60.0,
      60.0,
      60.0,
      60.0,
      60.0,
      60.0,
      60.0
    ],
    "tw_early_s": [
      0.0,
      0.0,
      0.0,
      0.0,
      0.0,
      0.0,
      0.0,
      0.0,
      0.0,
      0.0
    ],
    "tw_late_s": [
      841.4975453259349,
      888.9865414931983,
      631.7493431353918,
      741.0935015100013,
      766.0017774750554,
      646.1994819521418,
      623.3710462710304,
      878.9357051814355,
      773.7883291187632,
      987.6778022444939
    ],
    "bs_xy": [
      [
        856.4051865695449,
        859.3215785311753
      ],
      [
        505.6786184546139,
        983.6332231011467
      ],
      [
        577.3560339730702,
        811.4000752995745
      ],
      [
        210.33021786999817,
        28.17081250556153
      ]
    ],
    "speed_mps": 10.0,
    "capacity_kg": 6.0,
    "altitude_m": 100.0
  }
}