{
  "spec": {
    "run_id": "seed8_N20_M3_D2_B10_K10_lo1.0_lt5.0_twA",
    "seed": 8,
    "n_clients": 20,
    "num_uavs": 3,
    "delta_min": 2,
    "bs_count": 10,
    "edge_samples": 10,
    "lambda_out": 1.0,
    "lambda_tw": 5.0,
    "tw_family": "A",
    "tw_mode": "soft"
  },
  "scenario": {
    "depot_xy": [
      500.0,
      500.0
    ],
    "client_xy": [
      [
        964.9530307875095,
        445.01186814363035
      ],
      [
        779.2472416671964,
        298.5023859669853
      ],
      [
        585.3129293402517,
        484.71863507154023
      ],
      [
        738.4928841020321,
        989.7986937951233
      ],
      [
        159.1466151792219,
        554.6739730655466
      ],
      [
        672.694659251523,
        918.3641944965017
      ],
      [
        403.9438116192643,
        350.3018656002015
      ],
      [
        518.6688557277665,
        121.22131695058236
      ],
      [
        988.0291477066136,
        795.8247349028546
      ],
      [
        915.2134667242186,
        769.6750740781094
      ],
      [
        387.9852243963837,
        86.28878632479686
      ],
      [
        856.4141368626791,
        224.55008766450769
      ],
      [
        227.16941580438888,
        802.8311311332582
      ],
      [
        856.7681985271375,
        633.203655076948
      ],
      [
        48.72940896386824,
        66.62246024652264
      ],
      [
        340.0012286756666,
        887.5708902247611
      ],
      [
        562.5907622887329,
        318.64284088610384
      ],
      [
        472.45851113268344,
        666.5770059839797
      ],
      [
        461.89806767759734,
        593.5732853829168
      ],
      [
        634.9558311801909,
        661.2406928437598
      ]
    ],
    "delivery": [
      1.6055603054705985,
      0.5999178179873522,
      1.7716124530251518,
      1.07282314073252,
      0.0,
      0.0,
      0.0,
      0.0,
      0.0,
      0.0,
      0.6847183710218128,
      0.0,
      1.3207915642333505,
      0.7652547621827328,
      0.5772941556932047,
      1.5843528995194978,
      1.4546589967517987,
      0.5516171972236937,
      1.5148517643033852,
      0.0
    ],
    "pickup": [
      0.0,
      0.0,
      0.0,
      0.0,
      1.5033769401067805,
      0.7882980227939224,
      1.0939120754962457,
      1.5266364264853194,
      1.8648597388735533,
      1.3362452822460478,
      0.0,
      0.8896625533939367,
      0.0,
      0.0,
      0.0,
      0.0,
      0.0,
      0.0,
      0.0,
      1.2108014670006069
    ],
    "service_duration_s": [
      60.0,
      60.0,
      60.0,
      60.0,
      60.0,
      60.0,
      60.0,
      60.0,
      60.0,
      60.0,
      60.0,
      60.0,
      60.0,
      60.0,
      60.0,
      60.0,
      60.0,
      60.0,
      60.0,
      60.0
    ],
    "tw_early_s": [
      116.27465571530851,
      141.39352739579198,
      50.72640076899302,
      253.2212868926535,
      452.06707181223715,
      297.56689387025415,
      0.0,
      49.87691706879184,
      161.6152362722304,
      209.11978039475832,
      0.0,
      31.701481694346057,
      482.42509792983776,
      235.7496677925683,
      0.0,
      390.9784407270377,
      0.0,
      394.3658878719675,
      361.5430487339074,
      318.10739616438514
    ],
    "tw_late_s": [
      356.27465571530854,
      381.393527395792,
      290.726400768993,
      493.2212868926535,
      692.0670718122371,
      537.5668938702541,
      137.78660247743102,
      289.87691706879184,
      401.6152362722304,
      449.1197803947583,
      162.86073707650604,
      271.70148169434606,
      722.4250979298378,
      475.7496677925683,
      182.56686329814502,
      630.9784407270377,
      213.96410191416987,
      634.3658878719675,
      601.5430487339074,
      558.1073961643851
    ],
    "bs_xy": [
      [
        59.034459798201546,
        694.0677650834295
      ],
      [
        994.0819598437387,
        404.7409165794683
      ],
      [
        658.9859944407265,
        664.2819809021183
      ],
      [
        575.869189887064,
        925.1894222396302
      ],
      [
        715.7872475869743,
        557.0807865500982
      ],
      [
        585.9643298725769,
        527.0612562920181
      ],
      [
        835.3310990726417,
        357.7689010439691
      ],
      [
        582.7737924692741,
        668.7700877643359
      ],
      [
        36.891168559180954,
        116.02001916752491
      ],
      [
        257.7728741834754,
        863.0703677551907
      ]
    ],
    "speed_mps": 10.0,
    "capacity_kg": 6.0,
    "altitude_m": 100.0
  }
}