{
  "spec": {
    "run_id": "seed4_N20_M3_D10_B4_K10_lo0.0_lt1.0_twA",
    "seed": 4,
    "n_clients": 20,
    "num_uavs": 3,
    "delta_min": 10,
    "bs_count": 4,
    "edge_samples": 10,
    "lambda_out": 0.0,
    "lambda_tw": 1.0,
    "tw_family": "A",
    "tw_mode": "soft"
  },
  "scenario": {
    "depot_xy": [
      500.0,
      500.0
    ],
    "client_xy": [
      [
        28.762544011338488,
        760.5105838333062
      ],
      [
        521.7801991795706,
        522.862906061358
      ],
      [
        919.2838509830141,
        545.777131327141
      ],
      [
        2.62971795173772,
        914.0285846841844
      ],
      [
        712.6836330601876,
        69.66280761103549
      ],
      [
        370.42437394201266,
        83.46250961083668
      ],
      [
        15.516351771250768,
        561.1992613139946
      ],
      [
        697.1670438602781,
        134.99688101306594
      ],
      [
        930.4343905434989,
        356.05174552273587
      ],
      [
        177.9488767597114,
        21.392337352820757
      ],
      [
        650.5988252344283,
        731.1575478622757
      ],
      [
        40.18231856184418,
        839.7551213521989
      ],
      [
        750.4859017194212,
        127.79399674109693
      ],
      [
        376.13350398779033,
        656.2436583393613
      ],
      [
        983.4727011378329,
        248.5693498710647
      ],
      [
        660.0758081231648,
        574.6199108597935
      ],
      [
        724.4228119052291,
        643.3026610814292
      ],
      [
        113.89544536030793,
        921.8110557573334
      ],
      [
        206.2700642184583,
        487.5184547803093
      ],
      [
        34.2333188168128,
        525.2270348620276
      ]
    ],
    "delivery": [
      0.0,
      0.0,
      0.0,
      1.048006861422695,
      0.0,
      1.571033902421068,
      1.642534945000086,
      0.0,
      0.0,
      0.8841237014564888,
      1.591499465809846,
      1.36072054434124,
      1.336476304795454,
      0.0,
      0.8459391953693889,
      0.0,
      0.8815701044696156,
      0.0,
      0.0,
      1.7582302898587185
    ],
    "pickup": [
      1.337225564384201,
      1.3859158874750797,
      1.5728765166282268,
      0.0,
      1.5562587023806875,
      0.0,
      0.0,
      0.6794888120858003,
      1.5079761241300886,
      0.0,
      0.0,
      0.0,
      0.0,
      1.0594545855569826,
      0.0,
      1.4312614388493252,
      0.0,
      1.9993091785602197,
      1.5176933320131667,
      0.0
    ],
    "service_duration_s": [
      60.0,
      60.0,
      60.0,
      60.0,
      60.0,
      60.0,
      60.0,
      60.0,
      60.0,
      60.0,
      60.0,
      60.0,
      60.0,
      60.0,
      60.0,
      60.0,
      60.0,
      60.0,
      60.0,
      60.0
    ],
    "tw_early_s": [
      0.0,
      0.0,
      0.0,
      0.0,
      0.0,
      0.0,
      51.74987578849232,
      0.0,
      0.0,
      0.0,
      0.0,
      0.0,
      0.0,
      0.0,
      0.0,
      0.0,
      0.0,
      0.0,
      0.0,
      42.91514266018066
    ],
    "tw_late_s": [
      1142.0748303075336,
      946.7808097428014,
      846.9644544454359,
      1156.4434179144625,
      755.054511520807,
      643.6226230032104,
      1251.7498757884923,
      770.8373967690183,
      862.9744327480905,
      657.6872794231906,
      1029.115431155534,
      1151.4567085305016,
      741.8864500004775,
      1053.1762100951091,
      847.5097530472228,
      953.4330062783046,
      958.3232458854986,
      1063.8360109556656,
      629.3995007007431,
      1242.9151426601807
    ],
    "bs_xy": [
      [
        333.23833867683027,
        648.5815749894166
      ],
      [
        405.1981668691248,
        669.4155474837313
      ],
      [
        601.7332802439352,
        963.4672045853362
      ],
      [
        295.53245895663736,
        117.7811119938319
      ]
    ],
    "speed_mps": 10.0,
    "capacity_kg": 6.0,
    "altitude_m": 100.0
  }
}