{
  "spec": {
    "run_id": "seed4_N10_M3_D2_B7_K10_lo1.0_lt1.0_twA",
    "seed": 4,
    "n_clients": 10,
    "num_uavs": 3,
    "delta_min": 2,
    "bs_count": 7,
    "edge_samples": 10,
    "lambda_out": 1.0,
    "lambda_tw": 1.0,
    "tw_family": "A",
    "tw_mode": "soft"
  },
  "scenario": {
    "depot_xy": [
      500.0,
      500.0
    ],
    "client_xy": [
      [
        599.3677889433329,
        562.5331007601142
      ],
      [
        14.363091888974555,
        280.1472173556625
      ],
      [
        719.205954689347,
        745.8027391701028
      ],
      [
        4.835769851004201,
        210.48470125635387
      ],
      [
        272.12669295420346,
        897.2312206216355
      ],
      [
        82.25214519347035,
        704.2953520004615
      ],
      [
        884.8730632334683,
        34.262943833752615
      ],
      [
        606.1793831167314,
        451.680540396312
      ],
      [
        763.2015585423101,
        581.1002289892829
      ],
      [
        659.738917737369,
        954.6263505652195
      ]
    ],
    "delivery": [
      1.5265513316180452,
      0.0,
      1.3694579338203852,
      0.7455787827521814,
      0.0,
      1.0320651070334865,
      1.4914877573627199,
      0.9950585148253406,
      0.0,
      1.7587197602339915
    ],
    "pickup": [
      0.0,
      1.3518686655008274,
      0.0,
      0.0,
      1.61456419564928,
      0.0,
      0.0,
      0.0,
      0.5232087728805098,
      0.0
    ],
    "service_duration_s": [
      60.0,
      60.0,
      60.0,
      60.0,
      60.0,
      60.0,
      60.0,
      60.0,
      60.0,
      60.0
    ],
    "tw_early_s": [
      60.466929951708096,
      0.0,
      146.43495991545524,
      0.0,
      167.27607076234506,
      270.2654399873582,
      0.0,
      54.925774954084204,
      81.76731452779273,
      180.52634980240884
    ],
    "tw_late_s": [
      300.4669299517081,
      173.308390761314,
      386.43495991545524,
      177.3591076487135,
      407.27607076234506,
      510.2654399873582,
      180.4183978841806,
      294.9257749540842,
      321.76731452779273,
      420.52634980240884
    ],
    "bs_xy": [
      [
        806.8576402451336,
        529.963912207435
      ],
      [
        280.73132519114097,
        80.29045230377851
      ],
      [
        33.50053986289192,
        954.778574154342
      ],
      [
        159.11481374205206,
        995.6570483816728
      ],
      [
        952.7965049250502,
        311.46819568701125
      ],
      [
        222.54751559223817,
        169.26334548633127
      ],
      [
        962.1950783361666,
        579.8438534268494
      ]
    ],
    "speed_mps": 10.0,
    "capacity_kg": 6.0,
    "altitude_m": 100.0
  }
}