{
  "spec": {
    "run_id": "seed7_N20_M3_D10_B10_K10_lo0.0_lt0.0_twA",
    "seed": 7,
    "n_clients": 20,
    "num_uavs": 3,
    "delta_min": 10,
    "bs_count": 10,
    "edge_samples": 10,
    "lambda_out": 0.0,
    "lambda_tw": 0.0,
    "tw_family": "A",
    "tw_mode": "soft"
  },
  "scenario": {
    "depot_xy": [
      500.0,
      500.0
    ],
    "client_xy": [
      [
        463.8149150158724,
        388.768260729904
      ],
      [
        434.3461682217088,
        303.6543028708528
      ],
      [
        526.1699665632071,
        567.2985895373263
      ],
      [
        758.3245844331781,
        349.53786076258143
      ],
      [
        401.15665041242033,
        149.27924429917704
      ],
      [
        302.76715506888854,
        363.74688549672584
      ],
      [
        767.8710572999477,
        898.3094250022208
      ],
      [
        177.1796625470906,
        584.9868496835759
      ],
      [
        877.8359595176906,
        559.368869401017
      ],
      [
        155.04710092124762,
        233.91914741855578
      ],
      [
        912.1203624825705,
        575.1153387309371
      ],
      [
        563.0502096481091,
        293.891465418999
      ],
      [
        5.516200646102143,
        307.1926697267091
      ],
      [
        854.6041433169366,
        397.5512505369699
      ],
      [
        138.39345284094384,
        141.71046761950413
      ],
      [
        10.687391564762505,
        633.9738572773684
      ],
      [
        444.1974538729928,
        474.392784987693
      ],
      [
        898.8058558592757,
        399.33241644755014
      ],
      [
        266.3087057943925,
        39.64278111550967
      ],
      [
        173.70774248181274,
        365.36862771935574
      ]
    ],
    "delivery": [
      0.0,
      0.0,
      0.0,
      0.7814907558795592,
      1.8118667463726295,
      1.5583737792018622,
      0.0,
      0.0,
      0.0,
      0.0,
      1.9299415243393752,
      1.9873719888150845,
      0.0,
      0.0,
      0.0,
      0.0,
      0.0,
      0.8266898760311611,
      0.5499973646266298,
      0.0
    ],
    "pickup": [
      1.4655626525122063,
      1.9677628344797493,
      0.5918705726950587,
      0.0,
      0.0,
      0.0,
      0.7210537767111966,
      1.8613147736878377,
      1.1756074941292713,
      1.1182513361759066,
      0.0,
      0.0,
      1.2609770829995681,
      1.7326112926777522,
      1.1865993339710128,
      0.5757150572239373,
      1.771198084041615,
      0.0,
      0.0,
      1.0142763056322996
    ],
    "service_duration_s": [
      60.0,
      60.0,
      60.0,
      60.0,
      60.0,
      60.0,
      60.0,
      60.0,
      60.0,
      60.0,
      60.0,
      60.0,
      60.0,
      60.0,
      60.0,
      60.0,
      60.0,
      60.0,
      60.0,
      60.0
    ],
    "tw_early_s": [
      0.0,
      0.0,
      0.0,
      0.0,
      0.0,
      0.0,
      0.0,
      3.912945258197965,
      0.0,
      0.0,
      0.0,
      0.0,
      0.0,
      0.0,
      0.0,
      54.02336961252672,
      0.0,
      0.0,
      0.0,
      0.0
    ],
    "tw_late_s": [
      812.1854232627828,
      797.3616844139748,
      1081.2199478107752,
      901.8965271907567,
      913.3268374158001,
      743.3326779918693,
      1077.0483537287955,
      1203.9129452581979,
      986.0444092843927,
      708.5743676058971,
      1103.6881203316848,
      870.2690634177075,
      653.0743718220555,
      1025.0234154362774,
      711.3275377104626,
      1254.0233696125267,
      606.1397504956988,
      965.4613421328579,
      835.947504221707,
      635.2976265092265
    ],
    "bs_xy": [
      [
        232.45581611400112,
        179.2547449174793
      ],
      [
        938.6177847252741,
        556.0668798089739
      ],
      [
        354.6481518266874,
        285.65403195537743
      ],
      [
        968.8621949263072,
        52.505900020448415
      ],
      [
        584.2479618014352,
        138.7096302121179
      ],
      [
        174.5919808013061,
        303.0398791177401
      ],
      [
        720.4901067399495,
        67.16938910566917
      ],
      [
        453.52143702568173,
        825.952755732633
      ],
      [
        644.9988173205084,
        217.73496684920423
      ],
      [
        846.4846925459507,
        140.84973849307227
      ]
    ],
    "speed_mps": 10.0,
    "capacity_kg": 6.0,
    "altitude_m": 100.0
  }
}