{
  "spec": {
    "run_id": "seed3_N10_M3_D5_B10_K10_lo0.5_lt0.0_twA",
    "seed": 3,
    "n_clients": 10,
    "num_uavs": 3,
    "delta_min": 5,
    "bs_count": 10,
    "edge_samples": 10,
    "lambda_out": 0.5,
    "lambda_tw": 0.0,
    "tw_family": "A",
    "tw_mode": "soft"
  },
  "scenario": {
    "depot_xy": [
      500.0,
      500.0
    ],
    "client_xy": [
      [
        133.46075884715768,
        783.0747707683169
      ],
      [
        153.33650712943947,
        685.4985961223556
      ],
      [
        237.2624366165208,
        827.2332783954311
      ],
      [
        681.5588721203328,
        671.9928258356838
      ],
      [
        671.7654562986082,
        801.1416764299561
      ],
      [
        993.0868146326193,
        720.6433184912798
      ],
      [
        989.7760722916383,
        472.18745217299164
      ],
      [
        864.3208936184044,
        317.227821645341
      ],
      [
        473.18889744259627,
        34.9555451259097
      ],
      [
        964.089769290834,
        228.63963205182503
      ]
    ],
    "delivery": [
      0.0,
      0.0,
      0.0,
      1.977565403018028,
      0.0,
      0.5134463059172361,
      0.0,
      0.0,
      0.5413382804807603,
      0.0
    ],
    "pickup": [
      1.7439447831584844,
      0.9135133371284787,
      1.6483503862032307,
      0.0,
      1.6322591495171526,
      0.0,
      0.7977417733426411,
      1.8077293010873525,
      0.0,
      1.1742572171213868
    ],
    "service_duration_s": [
      60.0,
      60.0,
      60.0,
      60.0,
      60.0,
      60.0,
      60.0,
      60.0,
      60.0,
      60.0
    ],
    "tw_early_s": [
      0.0,
      93.13077877365532,
      0.0,
      0.0,
      0.0,
      0.0,
      0.0,
      0.0,
      0.0,
      0.0
    ],
    "tw_late_s": [
      556.5912436439122,
      693.1307787736553,
      599.3762591403245,
      440.6671218123063,
      580.0137478551562,
      463.0459303086083,
      474.25988096493944,
      340.7597083781791,
      346.581668092661,
      353.7601863141664
    ],
    "bs_xy": [
      [
        301.98745624658795,
        25.949042831553747
      ],
      [
        206.9385907915252,
        119.4473162341716
      ],
      [
        980.8073701677184,
        335.9624172156116
      ],
      [
        928.6286472505062,
        411.00394946270404
      ],
      [
        828.3976438393033,
        399.3695587625301
      ],
      [
        328.7700628290672,
        658.3519662512779
      ],
      [
        115.05376062200956,
        275.71178389575965
      ],
      [
        388.6710328476093,
        753.8723165089198
      ],
      [
        181.9420847800517,
        604.9478217138075
      ],
      [
        194.60593895272626,
        884.7617709797189
      ]
    ],
    "speed_mps": 10.0,
    "capacity_kg": 6.0,
    "altitude_m": 100.0
  }
}