{
  "spec": {
    "run_id": "seed2_N10_M3_D2_B7_K10_lo1.0_lt0.0_twA",
    "seed": 2,
    "n_clients": 10,
    "num_uavs": 3,
    "delta_min": 2,
    "bs_count": 7,
    "edge_samples": 10,
    "lambda_out": 1.0,
    "lambda_tw": 0.0,
    "tw_family": "A",
    "tw_mode": "soft"
  },
  "scenario": {
    "depot_xy": [
      500.0,
      500.0
    ],
    "client_xy": [
      [
        704.4809379882172,
        27.26452055834283
      ],
      [
        713.1530061574742,
        966.7904385311542
      ],
      [
        870.3496995908611,
        831.128170304246
      ],
      [
        407.4552485131431,
        337.9691226580442
      ],
      [
        816.8891137711918,
        467.068281880329
      ],
      [
        443.89190109693965,
        744.8879068231153
      ],
      [
        383.71260851530866,
        307.3498847589613
      ],
      [
        677.6898951477081,
        407.1693597878426
      ],
      [
        670.525635532304,
        474.73979528262066
      ],
      [
        965.8045720417393,
        881.2766849581352
      ]
    ],
    "delivery": [
      1.3123779837595066,
      0.0,
      0.0,
      0.934359431373238,
      1.6168608324777756,
      0.0,
      0.9394449902351423,
      1.1821286815922711,
      0.5909186337363515,
      1.7932061510138484
    ],
    "pickup": [
      0.0,
      1.4412678194998594,
      1.094151796793434,
      0.0,
      0.0,
      1.5218843024020796,
      0.0,
      0.0,
      0.0,
      0.0
    ],
    "service_duration_s": [
      60.0,
      60.0,
      60.0,
      60.0,
      60.0,
      60.0,
      60.0,
      60.0,
      60.0,
      60.0
    ],
    "tw_early_s": [
      0.0,
      147.9381677550844,
      89.16830178095046,
      0.0,
      36.900592002449315,
      222.97137085621853,
      0.0,
      0.0,
      0.0,
      109.02744303353418
    ],
    "tw_late_s": [
      171.50643527982447,
      387.9381677550844,
      329.16830178095046,
      138.65972567857523,
      276.90059200244934,
      462.9713708562185,
      142.50262747340838,
      233.54881446163438,
      228.3097249056562,
      349.02744303353415
    ],
    "bs_xy": [
      [
        719.7022055129597,
        574.7801298386679
      ],
      [
        656.6774660756217,
        345.36175176419204
      ],
      [
        216.9343826714869,
        0.5021793884898429
      ],
      [
        522.2941879106185,
        304.23678337979953
      ],
      [
        702.337486908088,
        858.4605216068924
      ],
      [
        395.70656794225056,
        302.04442806963607
      ],
      [
        725.0141554669082,
        971.7347364154526
      ]
    ],
    "speed_mps": 10.0,
    "capacity_kg": 6.0,
    "altitude_m": 100.0
  }
}