{
  "spec": {
    "run_id": "seed10_N20_M3_D10_B7_K10_lo1.0_lt5.0_twA",
    "seed": 10,
    "n_clients": 20,
    "num_uavs": 3,
    "delta_min": 10,
    "bs_count": 7,
    "edge_samples": 10,
    "lambda_out": 1.0,
    "lambda_tw": 5.0,
    "tw_family": "A",
    "tw_mode": "soft"
  },
  "scenario": {
    "depot_xy": [
      500.0,
      500.0
    ],
    "client_xy": [
      [
        68.88894420651515,
        224.86774087741367
      ],
      [
        102.601733185825,
        921.0684552047053
      ],
      [
        323.1508313052581,
        312.31906374774763
      ],
      [
        601.204348217951,
        764.9460440431017
      ],
      [
        104.0422993789214,
        15.009334973891008
      ],
      [
        980.3196040239714,
        9.63341617677893
      ],
      [
        90.35187817637281,
        148.9520917677688
      ],
      [
        171.84386321329802,
        2.338692939842013
      ],
      [
        753.6140408448505,
        80.3431770492845
      ],
      [
        348.53472853679614,
        59.70366136560556
      ],
      [
        670.5949817818316,
        995.2347439766289
      ],
      [
        963.0612862598136,
        996.8762694467407
      ],
      [
        320.1535174648966,
        500.5349379489009
      ],
      [
        987.1109833895621,
        625.4122485602455
      ],
      [
        720.1826111348806,
        958.3748055213473
      ],
      [
        480.67527873737527,
        418.5494457748741
      ],
      [
        779.7138070312603,
        239.03820535498653
      ],
      [
        319.5044543872913,
        793.6002967640771
      ],
      [
        452.99415446465287,
        175.54870169515823
      ],
      [
        862.9883245218449,
        245.00342317229052
      ]
    ],
    "delivery": [
      0.0,
      0.0,
      1.666128961953867,
      0.0,
      1.0025896024781455,
      0.0,
      1.5871432776763879,
      0.0,
      1.2599991586726813,
      0.0,
      0.0,
      0.0,
      0.0,
      1.4466366675783557,
      1.9585752410933992,
      0.9867557184268604,
      0.0,
      1.1014158481066632,
      0.725525900119779,
      1.5899667910695965
    ],
    "pickup": [
      1.4852346795693117,
      1.252095645106214,
      0.0,
      1.819676557558259,
      0.0,
      0.8561073380019351,
      0.0,
      1.4711639465248887,
      0.0,
      1.4021401921773715,
      1.8279684448506244,
      1.563112814271864,
      1.1890110123728876,
      0.0,
      0.0,
      0.0,
      1.9769177240604214,
      0.0,
      0.0,
      0.0
    ],
    "service_duration_s": [
      60.0,
      60.0,
      60.0,
      60.0,
      60.0,
      60.0,
      60.0,
      60.0,
      60.0,
      60.0,
      60.0,
      60.0,
      60.0,
      60.0,
      60.0,
      60.0,
      60.0,
      60.0,
      60.0,
      60.0
    ],
    "tw_early_s": [
      0.0,
      107.04923357492862,
      0.0,
      0.0,
      0.0,
      0.0,
      0.0,
      0.0,
      0.0,
      0.0,
      0.0,
      0.0,
      64.87014447558818,
      0.0,
      0.0,
      0.0,
      0.0,
      0.0,
      0.0,
      0.0
    ],
    "tw_late_s": [
      651.1423994780525,
      1307.0492335749286,
      625.7875478284662,
      1194.8018628292357,
      732.420629881036,
      972.1844440072363,
      653.9486994827355,
      730.7226174332726,
      811.736780145797,
      711.1763019844607,
      1144.2453048472255,
      1054.9982137335992,
      1264.8701444755882,
      1093.7660722128328,
      1024.2568331530558,
      847.6199978272086,
      917.0280380556001,
      1127.5804553505182,
      823.7449119331613,
      891.5043623406798
    ],
    "bs_xy": [
      [
        280.3346167207742,
        422.16169295298346
      ],
      [
        273.44643775482234,
        662.7923022753765
      ],
      [
        907.7345945254802,
        806.7452480739669
      ],
      [
        596.7334255885024,
        189.17540665214304
      ],
      [
        69.93871432764298,
        57.83189945796552
      ],
      [
        284.16931921307196,
        543.7718172628436
      ],
      [
        909.7223691168471,
        630.2703032707449
      ]
    ],
    "speed_mps": 10.0,
    "capacity_kg": 6.0,
    "altitude_m": 100.0
  }
}