{
  "spec": {
    "run_id": "seed4_N10_M3_D5_B7_K10_lo0.5_lt0.0_twA",
    "seed": 4,
    "n_clients": 10,
    "num_uavs": 3,
    "delta_min": 5,
    "bs_count": 7,
    "edge_samples": 10,
    "lambda_out": 0.5,
    "lambda_tw": 0.0,
    "tw_family": "A",
    "tw_mode": "soft"
  },
  "scenario": {
    "depot_xy": [
      500.0,
      500.0
    ],
    "client_xy": [
      [
        584.0831958889095,
        464.85929351721944
      ],
      [
        537.6994182770796,
        464.2134460637486
      ],
      [
        418.6780726253678,
        351.2089897934168
      ],
      [
        534.8559331577732,
        529.6499382795258
      ],
      [
        505.070069671289,
        610.6326866595443
      ],
      [
        48.55199887238759,
        407.8445394995358
      ],
      [
        361.1148221221555,
        590.4633609928924
      ],
      [
        379.2733789243035,
        22.0280899688049
      ],
      [
        520.5296346554916,
        206.40127247468774
      ],
      [
        236.09492073392335,
        228.92858891802638
      ]
    ],
    "delivery": [
      0.9983783692688158,
      0.0,
      0.0,
      0.0,
      0.0,
      1.4769564456011353,
      0.0,
      1.1777381294184335,
      1.860201883504816,
      0.0
    ],
    "pickup": [
      0.0,
      1.4000633915241565,
      0.5355456445436626,
      1.405826094767607,
      0.6011028760276804,
      0.0,
      0.8142967446394552,
      0.0,
      0.0,
      1.049847749675314
    ],
    "service_duration_s": [
      60.0,
      60.0,
      60.0,
      60.0,
      60.0,
      60.0,
      60.0,
      60.0,
      60.0,
      60.0
    ],
    "tw_early_s": [
      0.0,
      0.0,
      0.0,
      0.0,
      0.0,
      0.0,
      51.27350648881941,
      0.0,
      0.0,
      0.0
    ],
    "tw_late_s": [
      565.6822428493224,
      393.3686381440024,
      316.95642078689383,
      518.7210826297893,
      468.36972757346973,
      346.0757991381777,
      651.2735064888194,
      456.89222994081695,
      426.3644847286835,
      337.8319442757581
    ],
    "bs_xy": [
      [
        382.1310499147045,
        612.5880103094794
      ],
      [
        831.1352634560395,
        668.2675247215551
      ],
      [
        250.67799940538094,
        72.04330852118635
      ],
      [
        786.3886710055559,
        465.7536432217807
      ],
      [
        970.88876078514,
        871.1001063465641
      ],
      [
        803.6927429315275,
        656.1498415762543
      ],
      [
        232.51347779886288,
        506.95948506627155
      ]
    ],
    "speed_mps": 10.0,
    "capacity_kg": 6.0,
    "altitude_m": 100.0
  }
}