{
  "spec": {
    "run_id": "seed7_N40_M3_D10_B4_K10_lo0.5_lt1.0_twA",
    "seed": 7,
    "n_clients": 40,
    "num_uavs": 3,
    "delta_min": 10,
    "bs_count": 4,
    "edge_samples": 10,
    "lambda_out": 0.5,
    "lambda_tw": 1.0,
    "tw_family": "A",
    "tw_mode": "soft"
  },
  "scenario": {
    "depot_xy": [
      500.0,
      500.0
    ],
    "client_xy": [
      [
        706.3345700610366,
        376.8232352799894
      ],
      [
        707.2199001265487,
        61.00815545480298
      ],
      [
        640.3116210603831,
        392.7524063921782
      ],
      [
        107.02026439135825,
        380.41603123772427
      ],
      [
        13.325168730630278,
        451.8302951721387
      ],
      [
        307.9430157297252,
        181.80291798448755
      ],
      [
        925.8607537188027,
        87.26210540027424
      ],
      [
        278.162644185455,
        218.66286726201744
      ],
      [
        240.22987361436387,
        544.1904645171664
      ],
      [
        657.013592127345,
        607.1786650446448
      ],
      [
        174.47795080089114,
        43.40611500764857
      ],
      [
        861.8367535913726,
        553.2257883847609
      ],
      [
        476.6379290310642,
        407.1541116793886
      ],
      [
        890.522426601858,
        618.4166252181856
      ],
      [
        96.63346799323513,
        907.5065257933943
      ],
      [
        398.1867947928457,
        894.7577941338762
      ],
      [
        280.29319136530705,
        860.7414692436378
      ],
      [
        153.95861463656746,
        739.1046986950277
      ],
      [
        312.7500269629014,
        768.5056238325834
      ],
      [
        913.4988372431893,
        511.5136809361314
      ],
      [
        917.4443800336035,
        852.5009975333111
      ],
      [
        724.5518713374377,
        605.9485913869929
      ],
      [
        450.8530245790006,
        169.97006044830297
      ],
      [
        522.053342570072,
        856.1804120310269
      ],
      [
        482.4796116709765,
        486.4162024919809
      ],
      [
        872.828979461537,
        566.7118936814612
      ],
      [
        797.8771268810856,
        884.1145525396604
      ],
      [
        800.5638322846736,
        349.2484660476759
      ],
      [
        499.04368153822196,
        163.9326200057416
      ],
      [
        452.02056674570156,
        927.7813596995609
      ],
      [
        583.1918566851407,
        840.1726674318118
      ],
      [
        125.72145855084548,
        442.2085358857666
      ],
      [
        933.2644591544368,
        451.02379902336054
      ],
      [
        88.88491458287095,
        922.2702303641918
      ],
      [
        733.7078285476971,
        867.4447235686631
      ],
      [
        248.09185854920946,
        83.10146773029415
      ],
      [
        417.55745937700175,
        793.3319912615839
      ],
      [
        576.6902333463223,
        255.66055049425574
      ],
      [
        260.75721039035415,
        868.3787592553989
      ],
      [
        573.7839881829852,
        92.53811585761429
      ]
    ],
    "delivery": [
      1.7054873456545472,
      0.7526093801237735,
      1.3339253618679503,
      0.5910543122317466,
      0.0,
      0.0,
      0.0,
      1.3614564476881785,
      0.0,
      0.6713082561732613,
      0.503859244312441,
      1.8873017878941976,
      0.0,
      0.0,
      1.9252407071274493,
      0.0,
      0.0,
      0.8106874627425671,
      1.5392936020314982,
      1.4114156809277274,
      0.9466115480880852,
      1.8456065323876802,
      0.0,
      0.0,
      1.4912938731579104,
      0.5489593721528423,
      0.0,
      1.5937035861237243,
      0.0,
      0.0,
      0.0,
      1.1142319191566417,
      0.9394653488789241,
      0.7505758807106816,
      0.0,
      0.0,
      0.0,
      0.0,
      1.1508420759081741,
      1.7652039830819202
    ],
    "pickup": [
      0.0,
      0.0,
      0.0,
      0.0,
      1.70493670275653,
      1.9953509523466133,
      1.5740677186566323,
      0.0,
      0.8762992480372335,
      0.0,
      0.0,
      0.0,
      1.8892383445641132,
      1.0206626512726036,
      0.0,
      0.9365097291688628,
      0.946075474463069,
      0.0,
      0.0,
      0.0,
      0.0,
      0.0,
      1.2672666525331282,
      1.8893243241568127,
      0.0,
      0.0,
      1.9240690811584868,
      0.0,
      0.7900552556437042,
      1.1020297749626382,
      1.556841713291865,
      0.0,
      0.0,
      0.0,
      1.2223258197282176,
      1.9783528398106662,
      1.784659519001941,
      0.8915864469629604,
      0.0,
      0.0
    ],
    "service_duration_s": [
      60.0,
      60.0,
      60.0,
      60.0,
      60.0,
      60.0,
      60.0,
      60.0,
      60.0,
      60.0,
      60.0,
      60.0,
      60.0,
      60.0,
      60.0,
      60.0,
      60.0,
      60.0,
      60.0,
      60.0,
      60.0,
      60.0,
      60.0,
      60.0,
      60.0,
      60.0,
      60.0,
      60.0,
      60.0,
      60.0,
      60.0,
      60.0,
      60.0,
      60.0,
      60.0,
      60.0,
      60.0,
      60.0,
      60.0,
      60.0
    ],
    "tw_early_s": [
      0.0,
      0.0,
      0.0,
      0.0,
      0.0,
      0.0,
      0.0,
      0.0,
      575.0770104791632,
      139.87123827275025,
      0.0,
      1.2121810106971225,
      0.0,
      0.0,
      406.4760084330179,
      255.6098328231909,
      394.24692225075376,
      471.52229936299864,
      395.37326625648234,
      0.0,
      82.87288984961867,
      75.91824535568378,
      0.0,
      252.40851779476986,
      0.0,
      57.91358789873084,
      164.6850482792845,
      0.0,
      0.0,
      315.8119993142777,
      176.3208699213519,
      0.0,
      0.0,
      474.3523734682351,
      227.00432271218108,
      0.0,
      324.6024972918466,
      0.0,
      329.6036686626459,
      0.0
    ],
    "tw_late_s": [
      1043.665698350897,
      952.0840662755411,
      1094.99211350596,
      641.077171054489,
      648.905287224826,
      789.6676245072827,
      1030.87334040231,
      724.9289259622633,
      1775.0770104791632,
      1339.8712382727504,
      735.4466667000654,
      1201.2121810106971,
      842.7344301835251,
      1199.3101470256715,
      1606.4760084330178,
      1455.609832823191,
      1594.2469222507539,
      1671.5222993629986,
      1595.3732662564823,
      1128.3757266285352,
      1282.8728898496188,
      1275.9182453556837,
      944.654312730959,
      1452.40851779477,
      755.9480418546096,
      1257.9135878987308,
      1364.6850482792845,
      1119.9140311114068,
      868.8610640172559,
      1515.8119993142777,
      1376.320869921352,
      637.8713981671885,
      1184.8613151267832,
      1674.352373468235,
      1427.004322712181,
      862.5956992544577,
      1524.6024972918467,
      1019.8785904460644,
      1529.6036686626458,
      935.6617109148086
    ],
    "bs_xy": [
      [
        114.08343645497109,
        304.7701149921016
      ],
      [
        815.5910911619545,
        767.9867899663611
      ],
      [
        478.804892791399,
        932.8516778426407
      ],
      [
        4.286246378295333,
        922.2558655573814
      ]
    ],
    "speed_mps": 10.0,
    "capacity_kg": 6.0,
    "altitude_m": 100.0
  }
}