{
  "spec": {
    "run_id": "seed1_N40_M3_D10_B10_K10_lo1.0_lt0.0_twA",
    "seed": 1,
    "n_clients": 40,
    "num_uavs": 3,
    "delta_min": 10,
    "bs_count": 10,
    "edge_samples": 10,
    "lambda_out": 1.0,
    "lambda_tw": 0.0,
    "tw_family": "A",
    "tw_mode": "soft"
  },
  "scenario": {
    "depot_xy": [
      500.0,
      500.0
    ],
    "client_xy": [
      [
        788.0806748182841,
        38.154622074793586
      ],
      [
        799.2808462791982,
        196.8300220937208
      ],
      [
        384.2652091046697,
        6.852749099226507
      ],
      [
        730.6218447071913,
        92.71016110685915
      ],
      [
        974.3412665146548,
        92.83178906444456
      ],
      [
        667.1225997546807,
        859.0859075174363
      ],
      [
        816.1526309244615,
        29.345563798340745
      ],
      [
        982.9142352362251,
        315.55901606568784
      ],
      [
        127.2621831466667,
        748.9088040490983
      ],
      [
        363.1297961533798,
        914.8926335838535
      ],
      [
        809.7175416925513,
        139.69599872950278
      ],
      [
        697.3787129880027,
        588.4095077780241
      ],
      [
        414.19652836199305,
        255.27700886118078
      ],
      [
        191.21861099140125,
        908.1496915276681
      ],
      [
        615.5482821578341,
        103.06963905998323
      ],
      [
        826.7108882863089,
        474.3008697892568
      ],
      [
        562.2026741408131,
        241.7767708178623
      ],
      [
        698.3483337642116,
        791.8045461603114
      ],
      [
        107.79711015798854,
        27.536290147711085
      ],
      [
        863.0854080522262,
        842.7247306217931
      ],
      [
        686.0386338937377,
        812.7759128722915
      ],
      [
        945.189343538329,
        219.95847011333092
      ],
      [
        508.43277577304445,
        604.6840616699177
      ],
      [
        367.60342008511924,
        886.0015055406358
      ],
      [
        479.9778424121386,
        366.6567837529139
      ],
      [
        724.8325515922462,
        999.9522668518075
      ],
      [
        402.08533645939406,
        872.0154423141167
      ],
      [
        850.7800194008073,
        229.10115197828762
      ],
      [
        678.5434210699509,
        314.68870362780257
      ],
      [
        56.96710562846397,
        163.691310226047
      ],
      [
        720.2410572237416,
        205.95833560146892
      ],
      [
        732.7738347225886,
        725.4484126269773
      ],
      [
        378.27377716405755,
        501.83283077754857
      ],
      [
        164.80651548394144,
        583.9210723843107
      ],
      [
        832.1029507203664,
        817.7372141974236
      ],
      [
        351.1094126985361,
        918.3104205134882
      ],
      [
        264.41312005179793,
        541.1130312421193
      ],
      [
        199.47571575826507,
        60.97574148699225
      ],
      [
        896.6096412331776,
        409.6338256705223
      ],
      [
        48.097776946183224,
        186.39599708120224
      ]
    ],
    "delivery": [
      0.0,
      1.8688729489849658,
      0.0,
      0.0,
      0.0,
      0.0,
      1.5554128763290302,
      1.5818353278523611,
      0.0,
      0.0,
      0.5683455173839862,
      0.0,
      1.245414580107922,
      0.9117139326318877,
      0.0,
      0.0,
      0.0,
      0.585059397278159,
      0.7500531087103826,
      0.0,
      0.0,
      0.0,
      0.7192231058078353,
      1.139423725779185,
      1.5144211361487776,
      0.5022572535875982,
      1.4352144806838938,
      0.0,
      0.0,
      1.9609339190307566,
      1.8895166573654434,
      0.0,
      0.0,
      0.6398737710421389,
      0.0,
      0.0,
      0.8847682314195418,
      0.0,
      0.0,
      0.0
    ],
    "pickup": [
      0.97123965116312,
      0.0,
      0.5107745888293221,
      1.133247872763376,
      1.4029846052004828,
      1.8246727674304,
      0.0,
      0.0,
      1.2146020878213564,
      1.8935516853824286,
      0.0,
      0.8875167265373695,
      0.0,
      0.0,
      1.08870331791017,
      0.526301423825295,
      1.4529540617042027,
      0.0,
      0.0,
      1.1951278284960352,
      1.8655143173951352,
      1.594972685564344,
      0.0,
      0.0,
      0.0,
      0.0,
      0.0,
      1.0422191864718153,
      0.5869686516888545,
      0.0,
      0.0,
      1.4494701894498103,
      0.8761512145812809,
      0.0,
      1.7035910147497382,
      1.399802923263715,
      0.0,
      1.5369178082810167,
      0.5439317212243091,
      1.768329818707457
    ],
    "service_duration_s": [
      60.0,
      60.0,
      60.0,
      60.0,
      60.0,
      60.0,
      60.0,
      60.0,
      60.0,
      60.0,
      60.0,
      60.0,
      60.0,
      60.0,
      60.0,
      60.0,
      60.0,
      60.0,
      60.0,
      60.0,
      60.0,
      60.0,
      60.0,
      60.0,
      60.0,
      60.0,
      60.0,
      60.0,
      60.0,
      60.0,
      60.0,
      60.0,
      60.0,
      60.0,
      60.0,
      60.0,
      60.0,
      60.0,
      60.0,
      60.0
    ],
    "tw_early_s": [
      0.0,
      0.0,
      0.0,
      0.0,
      0.0,
      196.0981099248255,
      0.0,
      0.0,
      470.8925515150354,
      323.90914418064733,
      0.0,
      47.05521733100727,
      0.0,
      401.1134816719224,
      0.0,
      35.44276639367331,
      0.0,
      145.76959150678658,
      0.0,
      68.52686294354396,
      204.40548859939474,
      0.0,
      291.7634964536993,
      383.22337751663895,
      0.0,
      226.75217652937806,
      282.63335512910305,
      0.0,
      0.0,
      0.0,
      0.0,
      121.20883032727318,
      566.1137605941165,
      447.7979909382086,
      129.7906334304687,
      349.51940610898487,
      498.53985554786186,
      0.0,
      0.0,
      0.0
    ],
    "tw_late_s": [
      917.7734263357916,
      1072.6113776354123,
      749.128067624782,
      933.2825666552981,
      1065.2719609516803,
      1396.0981099248256,
      915.5501865215025,
      1147.56117660418,
      1670.8925515150354,
      1523.9091441806472,
      988.1555288112386,
      1247.0552173310073,
      752.5003755492912,
      1601.1134816719223,
      834.1779278628424,
      1235.4427663936733,
      827.3624331509585,
      1345.7695915067866,
      661.4039953038736,
      1268.526862943544,
      1404.4054885993946,
      1147.3843985452377,
      1491.7634964536992,
      1583.223377516639,
      836.1518289915157,
      1426.7521765293782,
      1482.6333551291032,
      1086.4623197586204,
      1007.2293598195099,
      655.622089165429,
      1004.6548618392696,
      1321.208830327273,
      1766.1137605941165,
      1647.7979909382086,
      1329.7906334304687,
      1549.5194061089849,
      1698.5398555478619,
      734.6641991895946,
      1165.088215846531,
      655.0057351416809
    ],
    "bs_xy": [
      [
        585.2613459647097,
        612.4473188165194
      ],
      [
        830.8533954329289,
        573.4543063332376
      ],
      [
        79.1095858727342,
        256.3632397648465
      ],
      [
        688.4968292442974,
        135.47613388064616
      ],
      [
        368.26168643394476,
        263.8928917285106
      ],
      [
        493.7241620421526,
        263.8604728628542
      ],
      [
        71.68884013968513,
        98.79525652955124
      ],
      [
        887.6261399937886,
        101.10229151097172
      ],
      [
        206.17540294451743,
        462.69072986497105
      ],
      [
        546.5945837469955,
        314.704341527733
      ]
    ],
    "speed_mps": 10.0,
    "capacity_kg": 6.0,
    "altitude_m": 100.0
  }
}