{
  "spec": {
    "run_id": "seed7_N40_M3_D2_B7_K10_lo0.0_lt0.0_twA",
    "seed": 7,
    "n_clients": 40,
    "num_uavs": 3,
    "delta_min": 2,
    "bs_count": 7,
    "edge_samples": 10,
    "lambda_out": 0.0,
    "lambda_tw": 0.0,
    "tw_family": "A",
    "tw_mode": "soft"
  },
  "scenario": {
    "depot_xy": [
      500.0,
      500.0
    ],
    "client_xy": [
      [
        607.8747589066185,
        760.1754649020295
      ],
      [
        795.5776878355761,
        865.8830578602631
      ],
      [
        78.52952974555649,
        941.3893707522833
      ],
      [
        259.41227398972535,
        853.1343156786493
      ],
      [
        181.35440688504713,
        926.3927320336885
      ],
      [
        476.9021353373424,
        415.30868798324747
      ],
      [
        660.2418219339108,
        784.7693822788011
      ],
      [
        587.0805361217264,
        947.2069135653451
      ],
      [
        27.7470743620859,
        240.4757434859125
      ],
      [
        402.7971692760057,
        831.0061653312916
      ],
      [
        331.23898401674865,
        613.2269832531555
      ],
      [
        171.6162255393687,
        704.6242953269757
      ],
      [
        423.1662093591772,
        406.1258344688263
      ],
      [
        704.2257062508862,
        974.6230508997317
      ],
      [
        30.693290389216532,
        451.63652123036314
      ],
      [
        980.688542755184,
        29.982490079834335
      ],
      [
        470.16109967526734,
        520.1338595826777
      ],
      [
        437.009552811523,
        558.5747629742009
      ],
      [
        385.74983532315696,
        853.4255299883434
      ],
      [
        781.4899856971516,
        705.4841260638633
      ],
      [
        59.771344938055805,
        770.5888017208217
      ],
      [
        747.424536753635,
        883.82203767933
      ],
      [
        930.3718549669446,
        147.80811037816065
      ],
      [
        170.47263519667376,
        813.8231387068981
      ],
      [
        305.50590350923756,
        121.42169812123949
      ],
      [
        389.76471620245235,
        118.19615352132817
      ],
      [
        36.78044244287237,
        727.153894879933
      ],
      [
        689.7872239051408,
        274.2822536334911
      ],
      [
        544.5291109980957,
        933.3005191179112
      ],
      [
        189.9720345955901,
        801.2630364927608
      ],
      [
        568.4867306989133,
        544.7970582129133
      ],
      [
        480.28606354223257,
        37.859581901032556
      ],
      [
        928.7750000832557,
        2.745012016247994
      ],
      [
        911.8930760707832,
        390.61845549695704
      ],
      [
        249.58306650832452,
        802.2293222455936
      ],
      [
        596.6267643143597,
        702.415478691369
      ],
      [
        657.819838602246,
        418.37148589725825
      ],
      [
        221.19190516260156,
        255.36847734367808
      ],
      [
        318.977220650945,
        318.55553264162904
      ],
      [
        158.7900598193783,
        895.2622102515937
      ]
    ],
    "delivery": [
      0.0,
      0.666863527687649,
      1.0694237935032724,
      0.0,
      0.0,
      0.0,
      0.0,
      1.6085715565465837,
      1.7626985514432256,
      1.0942571283386087,
      1.6581146931686297,
      0.0,
      0.0,
      1.513233607775019,
      1.0005920232998506,
      0.0,
      1.1700812004425782,
      0.0,
      0.0,
      0.0,
      1.5738497301562129,
      0.0,
      0.0,
      0.0,
      1.8618550366324609,
      1.5516525748272922,
      0.0,
      0.0,
      0.9468469101377659,
      0.0,
      1.6630960309763385,
      0.7931244783576028,
      0.0,
      1.1147476129986864,
      1.6064165605555805,
      1.9580043597020924,
      0.0,
      0.0,
      1.303150233358003,
      0.0
    ],
    "pickup": [
      1.2371367285405612,
      0.0,
      0.0,
      1.785795239586799,
      1.2054254625754792,
      1.8629531516666964,
      1.913810397491025,
      0.0,
      0.0,
      0.0,
      0.0,
      1.2658656459868707,
      1.0848630599449995,
      0.0,
      0.0,
      1.1146241653488336,
      0.0,
      1.8461817842835415,
      1.1968047261107022,
      0.5873625260015467,
      0.0,
      1.8202857182645444,
      1.6615370896505954,
      1.5824924678513104,
      0.0,
      0.0,
      1.1958507172965431,
      0.884566020528315,
      0.0,
      0.701944358613745,
      0.0,
      0.0,
      1.2424406139586706,
      0.0,
      0.0,
      0.0,
      1.393104085805021,
      1.8193229929459827,
      0.0,
      0.6867851211282494
    ],
    "service_duration_s": [
      60.0,
      60.0,
      60.0,
      60.0,
      60.0,
      60.0,
      60.0,
      60.0,
      60.0,
      60.0,
      60.0,
      60.0,
      60.0,
      60.0,
      60.0,
      60.0,
      60.0,
      60.0,
      60.0,
      60.0,
      60.0,
      60.0,
      60.0,
      60.0,
      60.0,
      60.0,
      60.0,
      60.0,
      60.0,
      60.0,
      60.0,
      60.0,
      60.0,
      60.0,
      60.0,
      60.0,
      60.0,
      60.0,
      60.0,
      60.0
    ],
    "tw_early_s": [
      564.5461837697095,
      387.98126878743096,
      800.7452582797946,
      729.4016011812205,
      730.3539857246128,
      102.20947092919346,
      498.7607105288762,
      558.2284112157587,
      0.0,
      646.2426825407098,
      954.2443320966295,
      1003.4835270081921,
      36.757980729809276,
      563.2887155848292,
      0.0,
      182.3382562149502,
      880.638995432977,
      913.19093978606,
      640.4385438109639,
      424.27372703712535,
      988.7167895623554,
      493.2333871671907,
      281.1805781217421,
      868.5373998611877,
      0.0,
      100.18073785067753,
      1045.8172910803278,
      194.00031439687837,
      639.7843374791966,
      780.9477462336429,
      394.89845855921214,
      72.29180881076098,
      223.39753125317185,
      279.05216581181344,
      714.9858599265609,
      473.7306608985631,
      333.0122533952903,
      0.0,
      18.931090717624443,
      800.310125135309
    ],
    "tw_late_s": [
      804.5461837697095,
      627.981268787431,
      1040.7452582797946,
      969.4016011812205,
      970.3539857246128,
      342.20947092919346,
      738.7607105288762,
      798.2284112157587,
      173.8865164482507,
      886.2426825407098,
      1194.2443320966295,
      1243.4835270081921,
      276.7579807298093,
      803.2887155848292,
      167.17921298245673,
      422.3382562149502,
      1120.638995432977,
      1153.19093978606,
      880.4385438109639,
      664.2737270371254,
      1228.7167895623554,
      733.2333871671907,
      521.1805781217421,
      1108.5373998611876,
      232.91895883757462,
      340.18073785067753,
      1285.8172910803278,
      434.00031439687837,
      879.7843374791966,
      1020.9477462336429,
      634.8984585592121,
      312.291808810761,
      463.39753125317185,
      519.0521658118134,
      954.9858599265609,
      713.7306608985631,
      573.0122533952904,
      157.09158066516045,
      258.93109071762444,
      1040.3101251353091
    ],
    "bs_xy": [
      [
        765.9937803754137,
        48.17471437756993
      ],
      [
        354.34098714295817,
        104.97892435087076
      ],
      [
        755.6062510332443,
        379.5519011513396
      ],
      [
        611.4841616888201,
        880.5502844206862
      ],
      [
        106.32273471613951,
        957.2310433149457
      ],
      [
        320.86407760585047,
        750.2972549423332
      ],
      [
        538.6097945362318,
        960.3400824620902
      ]
    ],
    "speed_mps": 10.0,
    "capacity_kg": 6.0,
    "altitude_m": 100.0
  }
}