{
  "spec": {
    "run_id": "seed1_N10_M3_D5_B10_K10_lo1.0_lt1.0_twA",
    "seed": 1,
    "n_clients": 10,
    "num_uavs": 3,
    "delta_min": 5,
    "bs_count": 10,
    "edge_samples": 10,
    "lambda_out": 1.0,
    "lambda_tw": 1.0,
    "tw_family": "A",
    "tw_mode": "soft"
  },
  "scenario": {
    "depot_xy": [
      500.0,
      500.0
    ],
    "client_xy": [
      [
        432.5014634828671,
        674.5166741963114
      ],
      [
        975.7893506804015,
        893.6646330725413
      ],
      [
        617.4224234226069,
        612.5910708944144
      ],
      [
        345.1662227815957,
        811.8323549077274
      ],
      [
        437.71325601025256,
        54.34403990366976
      ],
      [
        278.2585875822544,
        42.23174895489057
      ],
      [
        792.1480616973723,
        903.8030995635303
      ],
      [
        349.292894187463,
        696.1060309731955
      ],
      [
        887.2996394342043,
        466.0650035400452
      ],
      [
        139.33617519245578,
        478.28785340943347
      ]
    ],
    "delivery": [
      1.970065195561718,
      1.9828575190025677,
      0.0,
      0.0,
      0.0,
      0.0,
      0.0,
      0.0,
      1.88830787603091,
      0.8309258106392217
    ],
    "pickup": [
      0.0,
      0.0,
      0.8250757641620414,
      1.658441336051318,
      0.9841750492988781,
      1.208554064422234,
      1.9693505561662912,
      0.5626340699339938,
      0.0,
      0.0
    ],
    "service_duration_s": [
      60.0,
      60.0,
      60.0,
      60.0,
      60.0,
      60.0,
      60.0,
      60.0,
      60.0,
      60.0
    ],
    "tw_early_s": [
      39.514414448661796,
      0.0,
      0.0,
      0.0,
      0.0,
      0.0,
      0.0,
      84.64812898678196,
      0.0,
      0.0
    ],
    "tw_late_s": [
      639.5144144486618,
      520.9322024508908,
      463.64474669907185,
      557.3820447596386,
      344.9987636770419,
      350.8646267700762,
      575.7340439303027,
      684.648128986782,
      470.93801023801325,
      336.131677491417
    ],
    "bs_xy": [
      [
        27.946726722803405,
        659.1431141444863
      ],
      [
        644.312596204568,
        799.9066579659772
      ],
      [
        253.34701056995868,
        896.2438030935417
      ],
      [
        917.0680799296595,
        44.91690699551643
      ],
      [
        893.0046563734386,
        73.99873157920678
      ],
      [
        193.9683787457286,
        569.3843516418217
      ],
      [
        695.3643026712205,
        970.3510404323083
      ],
      [
        266.3477761304837,
        942.2215822667405
      ],
      [
        447.0881206905127,
        866.5315906106578
      ],
      [
        948.7384876454963,
        162.67747984260984
      ]
    ],
    "speed_mps": 10.0,
    "capacity_kg": 6.0,
    "altitude_m": 100.0
  }
}