{
  "spec": {
    "run_id": "seed2_N20_M3_D10_B4_K10_lo0.0_lt5.0_twA",
    "seed": 2,
    "n_clients": 20,
    "num_uavs": 3,
    "delta_min": 10,
    "bs_count": 4,
    "edge_samples": 10,
    "lambda_out": 0.0,
    "lambda_tw": 5.0,
    "tw_family": "A",
    "tw_mode": "soft"
  },
  "scenario": {
    "depot_xy": [
      500.0,
      500.0
    ],
    "client_xy": [
      [
        534.6297662450505,
        361.5558667068621
      ],
      [
        487.9786290882767,
        843.5983190562197
      ],
      [
        815.8495129909647,
        33.29055109922763
      ],
      [
        937.3440792495312,
        610.0521818271676
      ],
      [
        640.5416995698746,
        644.8496009183833
      ],
      [
        281.3776861556243,
        161.35043128676853
      ],
      [
        540.639328319433,
        364.56650538148614
      ],
      [
        801.0650289680664,
        742.7241465026361
      ],
      [
        415.41442762649183,
        757.5610578094116
      ],
      [
        83.85416876176666,
        980.3613096391124
      ],
      [
        807.3094647235782,
        357.64262789206634
      ],
      [
        939.9831276702827,
        339.1071531887626
      ],
      [
        931.6119653004113,
        285.08610042525453
      ],
      [
        354.48554922403895,
        734.4935181530673
      ],
      [
        911.3786946108854,
        448.1699342315745
      ],
      [
        915.9324991859777,
        49.965079209692064
      ],
      [
        794.7102577767679,
        512.4998832340276
      ],
      [
        405.46969765689835,
        442.4927336115175
      ],
      [
        590.7636717980226,
        266.3007882920416
      ],
      [
        430.77957797565324,
        560.4743793931386
      ]
    ],
    "delivery": [
      1.9279274598947298,
      0.0,
      0.0,
      1.3094803289199604,
      0.9766932832826027,
      0.0,
      0.0,
      1.8401476983645217,
      0.580828375708438,
      0.0,
      1.278037804891672,
      0.0,
      0.0,
      0.0,
      0.0,
      0.0,
      0.0,
      1.8501440152802346,
      0.0,
      1.6031737559378625
    ],
    "pickup": [
      0.0,
      1.8428406295134432,
      0.5957313783660414,
      0.0,
      0.0,
      0.6354789156758109,
      1.1019713351727831,
      0.0,
      0.0,
      1.5733331239738788,
      0.0,
      1.6277149518694145,
      0.5015805759892563,
      0.5221146864332586,
      0.9689810998289308,
      1.420337532656729,
      0.83667948565025,
      0.0,
      1.054588508501066,
      0.0
    ],
    "service_duration_s": [
      60.0,
      60.0,
      60.0,
      60.0,
      60.0,
      60.0,
      60.0,
      60.0,
      60.0,
      60.0,
      60.0,
      60.0,
      60.0,
      60.0,
      60.0,
      60.0,
      60.0,
      60.0,
      60.0,
      60.0
    ],
    "tw_early_s": [
      0.0,
      0.0,
      0.0,
      0.0,
      0.0,
      0.0,
      0.0,
      0.0,
      0.0,
      0.0,
      0.0,
      0.0,
      0.0,
      0.0,
      0.0,
      0.0,
      0.0,
      0.0,
      0.0,
      0.0
    ],
    "tw_late_s": [
      614.2709490761739,
      1082.391528765765,
      717.4962499300507,
      971.748354890776,
      965.7981541017449,
      640.3087145044749,
      686.6671858200574,
      995.0022436893979,
      1093.5958338634466,
      1185.0554122068409,
      809.9426984482225,
      884.6525668194847,
      827.1154812569089,
      1055.7755043928994,
      903.5488990668969,
      795.6385061461822,
      885.4795931018314,
      611.0648378879015,
      732.9789250252923,
      1173.3643053912133
    ],
    "bs_xy": [
      [
        528.1630874547179,
        343.4275425474507
      ],
      [
        531.0005259877709,
        905.4115303725343
      ],
      [
        911.3763317681795,
        659.3856691047596
      ],
      [
        568.66617943723,
        429.39930404001
      ]
    ],
    "speed_mps": 10.0,
    "capacity_kg": 6.0,
    "altitude_m": 100.0
  }
}