{
  "spec": {
    "run_id": "seed8_N10_M3_D2_B7_K10_lo0.5_lt0.0_twA",
    "seed": 8,
    "n_clients": 10,
    "num_uavs": 3,
    "delta_min": 2,
    "bs_count": 7,
    "edge_samples": 10,
    "lambda_out": 0.5,
    "lambda_tw": 0.0,
    "tw_family": "A",
    "tw_mode": "soft"
  },
  "scenario": {
    "depot_xy": [
      500.0,
      500.0
    ],
    "client_xy": [
      [
        420.81153709050403,
        806.7917043419634
      ],
      [
        494.96960129870325,
        855.3028126253392
      ],
      [
        804.841563458425,
        464.62480352618263
      ],
      [
        667.1673530901893,
        908.9413602287457
      ],
      [
        839.0084958035185,
        474.31750665632165
      ],
      [
        149.7755134919444,
        299.1427801802705
      ],
      [
        791.0684267883047,
        720.3685779527611
      ],
      [
        941.3727886289121,
        1.2184498799586718
      ],
      [
        914.5199524897997,
        859.3695572310935
      ],
      [
        187.8918452564028,
        218.01907153023825
      ]
    ],
    "delivery": [
      1.476731810834609,
      0.603159727021355,
      1.23301753490066,
      0.0,
      0.0,
      0.0,
      0.0,
      0.5423040702402399,
      0.0,
      1.376529277378525
    ],
    "pickup": [
      0.0,
      0.0,
      0.0,
      0.5049220365164557,
      0.6946086963118534,
      1.7556004478998695,
      1.6427952299052677,
      0.0,
      1.5767855970881934,
      0.0
    ],
    "service_duration_s": [
      60.0,
      60.0,
      60.0,
      60.0,
      60.0,
      60.0,
      60.0,
      60.0,
      60.0,
      60.0
    ],
    "tw_early_s": [
      258.5576913613018,
      172.61117954647187,
      47.9378343721817,
      158.77303495163954,
      52.03683138062121,
      0.0,
      80.07170165530164,
      0.0,
      148.90767322932982,
      0.0
    ],
    "tw_late_s": [
      498.5576913613018,
      412.6111795464719,
      287.93783437218167,
      398.77303495163954,
      292.0368313806212,
      160.37335924883416,
      320.07170165530164,
      186.60277571409569,
      388.9076732293298,
      162.06242316820584
    ],
    "bs_xy": [
      [
        382.3068357295547,
        444.49857674764934
      ],
      [
        306.65550723867017,
        353.9699371339483
      ],
      [
        284.4867013568333,
        85.04692216343157
      ],
      [
        957.6968365343913,
        163.8876910182576
      ],
      [
        33.945082687596326,
        759.9596734583034
      ],
      [
        907.6096150369416,
        757.2702106954063
      ],
      [
        953.2509239104032,
        320.05764017215887
      ]
    ],
    "speed_mps": 10.0,
    "capacity_kg": 6.0,
    "altitude_m": 100.0
  }
}