{
  "spec": {
    "run_id": "seed5_N10_M3_D5_B7_K10_lo0.5_lt0.0_twA",
    "seed": 5,
    "n_clients": 10,
    "num_uavs": 3,
    "delta_min": 5,
    "bs_count": 7,
    "edge_samples": 10,
    "lambda_out": 0.5,
    "lambda_tw": 0.0,
    "tw_family": "A",
    "tw_mode": "soft"
  },
  "scenario": {
    "depot_xy": [
      500.0,
      500.0
    ],
    "client_xy": [
      [
        786.8066997225635,
        835.4457472718117
      ],
      [
        660.769757810801,
        978.1985290266206
      ],
      [
        873.2891790093444,
        714.8337450581431
      ],
      [
        260.750737439888,
        963.8531405667791
      ],
      [
        702.3585664552018,
        618.5942311076773
      ],
      [
        331.44591484158605,
        668.3252721948954
      ],
      [
        621.6517432233168,
        320.90252181042746
      ],
      [
        472.67096052022714,
        122.11060997272516
      ],
      [
        336.7430767999413,
        288.67184739624787
      ],
      [
        862.4217078356608,
        467.3483663679093
      ]
    ],
    "delivery": [
      0.0,
      0.0,
      1.4459315241712118,
      1.7919948065207427,
      0.6983868937331267,
      0.7359313169917971,
      0.0,
      0.0,
      1.9998244505883767,
      0.9283008359990904
    ],
    "pickup": [
      1.2298814125150304,
      1.8536373817131786,
      0.0,
      0.0,
      0.0,
      0.0,
      1.4505526494632812,
      1.495022989158516,
      0.0,
      0.0
    ],
    "service_duration_s": [
      60.0,
      60.0,
      60.0,
      60.0,
      60.0,
      60.0,
      60.0,
      60.0,
      60.0,
      60.0
    ],
    "tw_early_s": [
      0.0,
      0.0,
      0.0,
      0.0,
      0.0,
      48.31015746782822,
      0.0,
      0.0,
      0.0,
      0.0
    ],
    "tw_late_s": [
      539.8042096266249,
      563.2705444493107,
      469.42892601559413,
      528.5498744182087,
      412.4944385347453,
      648.3101574678283,
      321.6506474090583,
      337.8876322160772,
      326.70438373295,
      442.2258499923545
    ],
    "bs_xy": [
      [
        295.68896857173763,
        831.8548826997954
      ],
      [
        422.7967221447739,
        871.5668644465802
      ],
      [
        911.9460780570869,
        549.946770565745
      ],
      [
        703.5279657868333,
        68.18502927728132
      ],
      [
        811.8785750802089,
        649.4905109942201
      ],
      [
        986.9905643066429,
        428.5685528312776
      ],
      [
        169.8166191390764,
        730.2032828922007
      ]
    ],
    "speed_mps": 10.0,
    "capacity_kg": 6.0,
    "altitude_m": 100.0
  }
}