{
  "spec": {
    "run_id": "seed7_N40_M3_D10_B10_K10_lo0.5_lt0.0_twA",
    "seed": 7,
    "n_clients": 40,
    "num_uavs": 3,
    "delta_min": 10,
    "bs_count": 10,
    "edge_samples": 10,
    "lambda_out": 0.5,
    "lambda_tw": 0.0,
    "tw_family": "A",
    "tw_mode": "soft"
  },
  "scenario": {
    "depot_xy": [
      500.0,
      500.0
    ],
    "client_xy": [
      [
        810.0878395234334,
        556.3967173776628
      ],
      [
        278.72018531624286,
        640.692433068773
      ],
      [
        519.674899015832,
        606.2685314085013
      ],
      [
        300.8749041019718,
        492.231864829227
      ],
      [
        844.6303131320911,
        477.34824390800645
      ],
      [
        805.4772558274595,
        178.0233945868508
      ],
      [
        409.63765959321444,
        89.29781500002343
      ],
      [
        956.0058990366879,
        724.2804168260909
      ],
      [
        122.64522215678886,
        563.840352877266
      ],
      [
        908.601942839938,
        964.7489831134654
      ],
      [
        467.88167258108007,
        916.2051452295791
      ],
      [
        829.4365888297998,
        294.9682417127151
      ],
      [
        87.08394281624487,
        662.169181278346
      ],
      [
        930.6275261477065,
        153.47687094300198
      ],
      [
        188.51639100399998,
        759.5298240587894
      ],
      [
        317.06593640230864,
        818.4333745468155
      ],
      [
        923.2971876349745,
        69.76687134214488
      ],
      [
        118.72175012191921,
        884.5699361286702
      ],
      [
        402.1025721857976,
        136.4528507173851
      ],
      [
        554.669556147612,
        724.479872511532
      ],
      [
        813.7880451826912,
        390.7690946434134
      ],
      [
        628.1293519912174,
        761.5464280184788
      ],
      [
        737.8002514839783,
        242.8241087032178
      ],
      [
        522.3822783630179,
        982.2771106906081
      ],
      [
        129.28077605186328,
        919.8560236242947
      ],
      [
        958.5236378221766,
        887.1368588033611
      ],
      [
        389.85857855235287,
        94.45882968626495
      ],
      [
        416.51823696574263,
        871.1938472811056
      ],
      [
        317.2686627158473,
        126.28582801891785
      ],
      [
        81.82622987836253,
        220.18141834251892
      ],
      [
        257.1711064024502,
        627.546468564441
      ],
      [
        753.5439619770921,
        187.37308551003784
      ],
      [
        528.3529667131697,
        310.7834521915952
      ],
      [
        515.1751970254576,
        420.80940648536944
      ],
      [
        886.1431243934699,
        244.40724907932577
      ],
      [
        717.3092426455751,
        103.71302634193435
      ],
      [
        480.7002533597613,
        996.4889135341942
      ],
      [
        397.69645432987653,
        811.1523450950084
      ],
      [
        467.5102892225954,
        333.74846413053825
      ],
      [
        166.2686572116313,
        354.6827165471993
      ]
    ],
    "delivery": [
      0.0,
      0.0,
      1.2779173830820563,
      1.7419259388359958,
      0.0,
      0.0,
      1.061947162322543,
      1.0833677562066568,
      0.0,
      0.0,
      0.0,
      0.0,
      0.0,
      0.0,
      1.539825395389847,
      0.0,
      0.0,
      0.0,
      1.8926283704425102,
      1.6469341907221993,
      0.0,
      0.9583113471623734,
      1.0125353527878156,
      1.1043769477233039,
      0.0,
      0.0,
      0.7023729580542993,
      1.839218341912067,
      0.0,
      0.0,
      0.0,
      1.5453086270797598,
      1.383705577250519,
      0.0,
      0.0,
      1.820363957817369,
      1.4462583537161748,
      1.138447082672553,
      0.0,
      0.0
    ],
    "pickup": [
      0.8352415734746972,
      1.7956030623578134,
      0.0,
      0.0,
      1.2964647402602143,
      0.7485232418075038,
      0.0,
      0.0,
      0.8180631508923419,
      1.4061594514201547,
      1.6832230172795857,
      1.3328809595024411,
      1.2594273725359932,
      1.7543689272095615,
      0.0,
      1.6817120937650352,
      0.5683523843760765,
      0.5840917041090895,
      0.0,
      0.0,
      0.794933561883215,
      0.0,
      0.0,
      0.0,
      1.565151736296588,
      1.8923489335122696,
      0.0,
      0.0,
      1.4208791876156646,
      0.8818039381864432,
      1.9814490192490846,
      0.0,
      0.0,
      1.2200540323992746,
      1.1340546047150963,
      0.0,
      0.0,
      0.0,
      1.8661999891799408,
      0.8093505967950441
    ],
    "service_duration_s": [
      60.0,
      60.0,
      60.0,
      60.0,
      60.0,
      60.0,
      60.0,
      60.0,
      60.0,
      60.0,
      60.0,
      60.0,
      60.0,
      60.0,
      60.0,
      60.0,
      60.0,
      60.0,
      60.0,
      60.0,
      60.0,
      60.0,
      60.0,
      60.0,
      60.0,
      60.0,
      60.0,
      60.0,
      60.0,
      60.0,
      60.0,
      60.0,
      60.0,
      60.0,
      60.0,
      60.0,
      60.0,
      60.0,
      60.0,
      60.0
    ],
    "tw_early_s": [
      0.0,
      467.3775881174395,
      176.78694111509026,
      0.0,
      0.0,
      0.0,
      0.0,
      33.760916095206994,
      544.7746098036323,
      63.89341791306174,
      268.2103786882453,
      0.0,
      494.38386233395954,
      0.0,
      420.32411969478494,
      346.18388847948745,
      0.0,
      398.87631295082156,
      0.0,
      141.5327788917756,
      0.0,
      126.7596714797138,
      0.0,
      211.2350627643965,
      375.71302632777656,
      37.99481678113625,
      0.0,
      286.5799924386142,
      0.0,
      0.0,
      488.0703683616812,
      0.0,
      0.0,
      0.0,
      0.0,
      0.0,
      229.7214958106049,
      310.02895115444517,
      0.0,
      0.0
    ],
    "tw_late_s": [
      1161.8866801816193,
      1667.3775881174395,
      1376.7869411150903,
      619.9276560940896,
      1135.4626644364907,
      981.3546400648173,
      786.5089090728773,
      1233.760916095207,
      1744.7746098036323,
      1263.8934179130617,
      1468.2103786882453,
      1075.6723287709476,
      1694.3838623339595,
      1051.0543175384573,
      1620.324119694785,
      1546.1838884794875,
      991.2744868121086,
      1598.8763129508216,
      743.4197658710245,
      1341.5327788917757,
      1137.5040932919228,
      1326.7596714797137,
      969.8021913507977,
      1411.2350627643964,
      1575.7130263277766,
      1237.9948167811363,
      730.708421287336,
      1486.5799924386142,
      716.5589619920045,
      650.3157769152527,
      1688.0703683616812,
      910.6232449046204,
      824.9442451280652,
      881.2994404135179,
      1051.801552761297,
      909.8239725311764,
      1429.721495810605,
      1510.0289511544452,
      815.8657894570173,
      636.3996870906096
    ],
    "bs_xy": [
      [
        813.8159623356352,
        629.2152213740193
      ],
      [
        261.8458256882917,
        839.142976975079
      ],
      [
        402.07526307056827,
        96.74334793798234
      ],
      [
        964.6663444685582,
        438.17610491065903
      ],
      [
        431.6690572239386,
        172.49630502317203
      ],
      [
        445.06443181537657,
        661.0616642821773
      ],
      [
        585.1482265849661,
        805.4371517244994
      ],
      [
        755.8776376512326,
        485.25617420396475
      ],
      [
        26.52478058713248,
        222.50906558938976
      ],
      [
        721.0406320898552,
        42.81537141310277
      ]
    ],
    "speed_mps": 10.0,
    "capacity_kg": 6.0,
    "altitude_m": 100.0
  }
}