{
  "spec": {
    "run_id": "seed4_N20_M3_D10_B7_K10_lo0.5_lt0.0_twA",
    "seed": 4,
    "n_clients": 20,
    "num_uavs": 3,
    "delta_min": 10,
    "bs_count": 7,
    "edge_samples": 10,
    "lambda_out": 0.5,
    "lambda_tw": 0.0,
    "tw_family": "A",
    "tw_mode": "soft"
  },
  "scenario": {
    "depot_xy": [
      500.0,
      500.0
    ],
    "client_xy": [
      [
        532.7169128624599,
        307.1645763045221
      ],
      [
        691.5510000556262,
        196.56434189813055
      ],
      [
        478.1836996722831,
        10.096511537218023
      ],
      [
        435.75417891987354,
        872.9414236968121
      ],
      [
        135.01070945090953,
        927.6935584005695
      ],
      [
        952.0128029487764,
        289.9466676942627
      ],
      [
        426.404127553846,
        508.3111945467913
      ],
      [
        949.7159644535254,
        996.6202795217841
      ],
      [
        976.0712378108215,
        140.6015124080936
      ],
      [
        182.2932099859341,
        322.65135111575836
      ],
      [
        914.6644214856615,
        542.2042825794846
      ],
      [
        326.7630054910016,
        737.4354217984682
      ],
      [
        626.8049845202669,
        689.9766545780358
      ],
      [
        185.43018859886885,
        347.68607091906165
      ],
      [
        13.288705033896564,
        364.45847389135446
      ],
      [
        706.9758877025234,
        443.8783732556724
      ],
      [
        409.4915922863892,
        301.6254312466369
      ],
      [
        869.9736926262236,
        392.0580683334296
      ],
      [
        52.69516317146472,
        781.2961361474726
      ],
      [
        299.17021770516493,
        382.19518088712323
      ]
    ],
    "delivery": [
      0.0,
      1.28926469354903,
      0.0,
      1.7160154359316027,
      1.317561742446868,
      1.7045071787578352,
      0.9721276667932992,
      0.0,
      0.0,
      0.0,
      0.0,
      0.0,
      1.2892117050288703,
      0.0,
      1.4968891027132012,
      1.7752091542025812,
      0.0,
      0.0,
      0.9368056209515163,
      0.0
    ],
    "pickup": [
      0.5100154183904191,
      0.0,
      1.513476596654523,
      0.0,
      0.0,
      0.0,
      0.0,
      1.0330583439456293,
      1.664385132485769,
      0.8575754771769261,
      1.3073683466650894,
      1.3243154994347666,
      0.0,
      1.424631389473586,
      0.0,
      0.0,
      0.9129316362185649,
      1.9983251929504904,
      0.0,
      0.6171686647037256
    ],
    "service_duration_s": [
      60.0,
      60.0,
      60.0,
      60.0,
      60.0,
      60.0,
      60.0,
      60.0,
      60.0,
      60.0,
      60.0,
      60.0,
      60.0,
      60.0,
      60.0,
      60.0,
      60.0,
      60.0,
      60.0,
      60.0
    ],
    "tw_early_s": [
      0.0,
      0.0,
      0.0,
      0.0,
      0.0,
      0.0,
      27.828770200575946,
      0.0,
      0.0,
      0.0,
      0.0,
      0.0,
      0.0,
      0.0,
      0.0,
      0.0,
      0.0,
      0.0,
      28.750799726400373,
      0.0
    ],
    "tw_late_s": [
      823.6966392653931,
      807.9242328342374,
      739.4251722784245,
      1129.3638642939322,
      1151.946933772665,
      925.6615650749532,
      1227.828770200576,
      1015.3715141127926,
      850.8958975390968,
      636.3854569412159,
      1011.1623113121705,
      1142.8435216087328,
      1037.3235930332003,
      634.9504934495947,
      650.5232015956473,
      951.4408308570182,
      717.8251727149866,
      894.391657019394,
      1228.7507997264004,
      739.1663211991868
    ],
    "bs_xy": [
      [
        590.1769880217312,
        981.0841592767912
      ],
      [
        892.4513597408657,
        991.1375426883543
      ],
      [
        444.6986571119631,
        202.3830182214781
      ],
      [
        552.7257940542912,
        389.33640536933854
      ],
      [
        912.3909729913723,
        292.71812887766237
      ],
      [
        990.4913640960692,
        263.55854825160753
      ],
      [
        625.5568928501068,
        30.30847504135725
      ]
    ],
    "speed_mps": 10.0,
    "capacity_kg": 6.0,
    "altitude_m": 100.0
  }
}