{
  "spec": {
    "run_id": "seed6_N20_M3_D2_B4_K10_lo1.0_lt5.0_twA",
    "seed": 6,
    "n_clients": 20,
    "num_uavs": 3,
    "delta_min": 2,
    "bs_count": 4,
    "edge_samples": 10,
    "lambda_out": 1.0,
    "lambda_tw": 5.0,
    "tw_family": "A",
    "tw_mode": "soft"
  },
  "scenario": {
    "depot_xy": [
      500.0,
      500.0
    ],
    "client_xy": [
      [
        230.0218519155398,
        758.056090530768
      ],
      [
        367.2570875457271,
        656.1235013021579
      ],
      [
        78.16659425416294,
        315.4744322621039
      ],
      [
        714.0692311955163,
        523.4281918261797
      ],
      [
        214.88008275723314,
        103.62225706018424
      ],
      [
        257.22014305712406,
        61.35261337983555
      ],
      [
        478.96104726369117,
        295.43865114919987
      ],
      [
        872.6635123643393,
        117.28609978563442
      ],
      [
        9.082254546106782,
        726.2722874026596
      ],
      [
        757.4674174695209,
        77.19109558699833
      ],
      [
        53.752415048203936,
        36.683891273947
      ],
      [
        225.26366006000154,
        574.5741347380123
      ],
      [
        385.3274181540627,
        812.6682397379736
      ],
      [
        831.0658005089319,
        885.0289133992168
      ],
      [
        666.1374964081105,
        793.0260986323715
      ],
      [
        796.3907205997215,
        923.1435942977877
      ],
      [
        243.75755095474094,
        880.71794646543
      ],
      [
        233.30762423891804,
        734.9857318623444
      ],
      [
        304.6169346002514,
        258.75104810037897
      ],
      [
        842.8822160875803,
        803.9230028615193
      ]
    ],
    "delivery": [
      0.0,
      0.0,
      0.778113778915581,
      0.6671731924404662,
      0.0,
      0.0,
      0.0,
      1.7410931525164264,
      1.7432789912423696,
      1.9456760870953624,
      0.7632575461535763,
      0.0,
      0.0,
      1.182947007115743,
      0.5173631567332515,
      0.0,
      1.9394370614252205,
      0.8265047504595369,
      0.0,
      0.0
    ],
    "pickup": [
      0.6163128708790702,
      0.7493490514572156,
      0.0,
      0.0,
      1.8508635413861056,
      1.5892542147729953,
      1.5628432364611038,
      0.0,
      0.0,
      0.0,
      0.0,
      0.9289904268781015,
      0.6101279149810657,
      0.0,
      0.0,
      0.8379756797378648,
      0.0,
      0.0,
      0.6556632136909163,
      1.2545568647869587
    ],
    "service_duration_s": [
      60.0,
      60.0,
      60.0,
      60.0,
      60.0,
      60.0,
      60.0,
      60.0,
      60.0,
      60.0,
      60.0,
      60.0,
      60.0,
      60.0,
      60.0,
      60.0,
      60.0,
      60.0,
      60.0,
      60.0
    ],
    "tw_early_s": [
      465.1279797953871,
      429.3349861224026,
      0.0,
      81.61048489578715,
      11.25618223392334,
      24.82295976904254,
      0.0,
      146.6209448272728,
      525.8329399260996,
      125.57925487226052,
      0.0,
      543.4823439879351,
      388.6652018567468,
      283.50783561412317,
      336.46070742955465,
      182.42092848450181,
      297.84685705460817,
      372.4574967878594,
      0.0,
      258.7526757895463
    ],
    "tw_late_s": [
      705.1279797953871,
      669.3349861224026,
      166.0427092330724,
      321.6104848957872,
      251.25618223392334,
      264.82295976904254,
      228.86066217721032,
      386.6209448272728,
      765.8329399260996,
      365.57925487226055,
      184.3271889390763,
      783.4823439879351,
      628.6652018567468,
      523.5078356141232,
      576.4607074295546,
      422.4209284845018,
      537.8468570546081,
      612.4574967878593,
      151.04441963343302,
      498.7526757895463
    ],
    "bs_xy": [
      [
        522.2770895043257,
        562.8942440602688
      ],
      [
        501.19730505957824,
        885.6099809605882
      ],
      [
        518.2321230506174,
        29.537740426390236
      ],
      [
        963.1777476836508,
        189.47395737726214
      ]
    ],
    "speed_mps": 10.0,
    "capacity_kg": 6.0,
    "altitude_m": 100.0
  }
}