{
  "spec": {
    "run_id": "seed10_N10_M3_D10_B7_K10_lo1.0_lt5.0_twA",
    "seed": 10,
    "n_clients": 10,
    "num_uavs": 3,
    "delta_min": 10,
    "bs_count": 7,
    "edge_samples": 10,
    "lambda_out": 1.0,
    "lambda_tw": 5.0,
    "tw_family": "A",
    "tw_mode": "soft"
  },
  "scenario": {
    "depot_xy": [
      500.0,
      500.0
    ],
    "client_xy": [
      [
        102.07830840082744,
        641.6614916696434
      ],
      [
        329.0303788618015,
        704.8717758906789
      ],
      [
        531.1996802084687,
        185.76354629946889
      ],
      [
        377.8224771393869,
        562.8198673935814
      ],
      [
        216.00237286430445,
        291.3945486859499
      ],
      [
        910.8026266422654,
        631.3519842815841
      ],
      [
        799.5645571228679,
        548.601113378659
      ],
      [
        583.2420975872906,
        483.38204981893864
      ],
      [
        236.88174675277696,
        961.2045240587947
      ],
      [
        795.6401632185699,
        891.2125415798914
      ]
    ],
    "delivery": [
      0.5097452098992277,
      0.7881550288740481,
      1.930535079154542,
      0.5129267783639953,
      0.5670293963142005,
      0.0,
      0.0,
      0.0,
      1.8586419957343832,
      0.6925208219992716
    ],
    "pickup": [
      0.0,
      0.0,
      0.0,
      0.0,
      0.0,
      1.1074976251157373,
      0.981107235165136,
      1.8345462684030525,
      0.0,
      0.0
    ],
    "service_duration_s": [
      60.0,
      60.0,
      60.0,
      60.0,
      60.0,
      60.0,
      60.0,
      60.0,
      60.0,
      60.0
    ],
    "tw_early_s": [
      0.0,
      0.0,
      0.0,
      0.0,
      0.0,
      0.0,
      0.0,
      0.0,
      0.0,
      0.0
    ],
    "tw_late_s": [
      983.4671834958383,
      868.7541753956552,
      631.5781520801007,
      827.6135017145123,
      635.2378896270257,
      750.1142480384545,
      759.0109278028606,
      608.488464571966,
      888.785817239596,
      714.4709229984019
    ],
    "bs_xy": [
      [
        807.6033471094325,
        128.14705313226892
      ],
      [
        308.91652554211646,
        766.2152285749642
      ],
      [
        664.6405280725571,
        410.32820313931705
      ],
      [
        642.7224991985495,
        467.7292480127636
      ],
      [
        297.47104814326843,
        44.9345684197312
      ],
      [
        666.4667015825926,
        164.2717022446939
      ],
      [
        236.9870939483517,
        870.120034003903
      ]
    ],
    "speed_mps": 10.0,
    "capacity_kg": 6.0,
    "altitude_m": 100.0
  }
}