{
  "spec": {
    "run_id": "seed9_N10_M3_D5_B7_K10_lo1.0_lt1.0_twA",
    "seed": 9,
    "n_clients": 10,
    "num_uavs": 3,
    "delta_min": 5,
    "bs_count": 7,
    "edge_samples": 10,
    "lambda_out": 1.0,
    "lambda_tw": 1.0,
    "tw_family": "A",
    "tw_mode": "soft"
  },
  "scenario": {
    "depot_xy": [
      500.0,
      500.0
    ],
    "client_xy": [
      [
        238.89489451686507,
        193.3307584653037
      ],
      [
        84.90309027214604,
        341.8414046101324
      ],
      [
        358.33156412352986,
        859.0211728890238
      ],
      [
        92.75186983912742,
        343.7154625671864
      ],
      [
        286.5177299499464,
        793.9598017144604
      ],
      [
        833.5135320800855,
        22.849938343314612
      ],
      [
        265.6243400549464,
        118.7907526175317
      ],
      [
        876.8357396279968,
        913.6535750731906
      ],
      [
        903.1724308009522,
        635.3786574295887
      ],
      [
        163.61248720744203,
        920.4588388599283
      ]
    ],
    "delivery": [
      1.1957794846454797,
      0.0,
      1.0326490702555757,
      1.0695657982792517,
      1.00511771984743,
      0.0,
      0.0,
      0.0,
      1.7591828610283529,
      1.2547872512666958
    ],
    "pickup": [
      0.0,
      1.3819774329851269,
      0.0,
      0.0,
      0.0,
      0.6075235065004227,
      1.7923052256053755,
      0.6533454125823727,
      0.0,
      0.0
    ],
    "service_duration_s": [
      60.0,
      60.0,
      60.0,
      60.0,
      60.0,
      60.0,
      60.0,
      60.0,
      60.0,
      60.0
    ],
    "tw_early_s": [
      0.0,
      0.0,
      40.523374053483735,
      0.0,
      3.740338786021937,
      0.0,
      0.0,
      0.0,
      0.0,
      124.72264258564246
    ],
    "tw_late_s": [
      340.27677988777464,
      344.420669261202,
      640.5233740534837,
      343.620625415062,
      603.740338786022,
      484.3474812241078,
      433.1281183776564,
      593.3970707752069,
      480.06844550457924,
      724.7226425856425
    ],
    "bs_xy": [
      [
        626.6561987350856,
        421.5765264694492
      ],
      [
        130.77570646812907,
        268.92492231111896
      ],
      [
        176.1445704382557,
        476.46234370256224
      ],
      [
        587.0603381704888,
        383.07694643031874
      ],
      [
        355.2639864276355,
        314.16776684581316
      ],
      [
        664.348691464499,
        112.15417281336393
      ],
      [
        412.7369390369718,
        554.1696338637182
      ]
    ],
    "speed_mps": 10.0,
    "capacity_kg": 6.0,
    "altitude_m": 100.0
  }
}