{
  "spec": {
    "run_id": "seed3_N20_M3_D5_B4_K10_lo1.0_lt5.0_twA",
    "seed": 3,
    "n_clients": 20,
    "num_uavs": 3,
    "delta_min": 5,
    "bs_count": 4,
    "edge_samples": 10,
    "lambda_out": 1.0,
    "lambda_tw": 5.0,
    "tw_family": "A",
    "tw_mode": "soft"
  },
  "scenario": {
    "depot_xy": [
      500.0,
      500.0
    ],
    "client_xy": [
      [
        674.8885504019215,
        635.9811874193217
      ],
      [
        498.61422639788356,
        113.31426531480082
      ],
      [
        763.6143730723368,
        109.73362872473014
      ],
      [
        44.30723674178749,
        205.73045193930074
      ],
      [
        337.66256337428234,
        949.2060325666124
      ],
      [
        595.809613341731,
        320.6039485562684
      ],
      [
        911.3803020432737,
        383.5211485754959
      ],
      [
        578.3051247268837,
        975.8387262068363
      ],
      [
        482.2770240096097,
        595.4378104155528
      ],
      [
        273.47141391875243,
        442.81043115172525
      ],
      [
        345.1519065107255,
        193.5037608015404
      ],
      [
        646.273775907462,
        144.04066149691496
      ],
      [
        241.747320815898,
        806.8490960372965
      ],
      [
        7.334893533276321,
        970.810365364878
      ],
      [
        853.2727353666459,
        28.036740359599023
      ],
      [
        615.6798641588013,
        755.467516836151
      ],
      [
        399.48485973839865,
        471.78779934566495
      ],
      [
        722.7535565865761,
        903.4323902514882
      ],
      [
        929.4106650220529,
        947.9103313680109
      ],
      [
        529.3657648440098,
        443.50959713617397
      ]
    ],
    "delivery": [
      0.0,
      0.0,
      1.4917939916862903,
      0.0,
      1.3692057427664643,
      0.0,
      0.0,
      1.9021615629370465,
      0.0,
      1.0790645790843731,
      1.675011034666939,
      0.75245496696116,
      0.0,
      1.6756530167617694,
      1.4439614688335416,
      0.6098647705253804,
      1.9262909448986634,
      1.3025959625029055,
      0.0,
      1.8719338299788983
    ],
    "pickup": [
      0.8210673135980804,
      0.7494651119455235,
      0.0,
      1.2640126424312967,
      0.0,
      1.7279418019777826,
      1.5812554484771968,
      0.0,
      1.3224876709801108,
      0.0,
      0.0,
      0.0,
      1.8051079234534002,
      0.0,
      0.0,
      0.0,
      0.0,
      0.0,
      0.9920248307748942,
      0.0
    ],
    "service_duration_s": [
      60.0,
      60.0,
      60.0,
      60.0,
      60.0,
      60.0,
      60.0,
      60.0,
      60.0,
      60.0,
      60.0,
      60.0,
      60.0,
      60.0,
      60.0,
      60.0,
      60.0,
      60.0,
      60.0,
      60.0
    ],
    "tw_early_s": [
      60.3495603183182,
      0.0,
      0.0,
      0.0,
      227.57103579496356,
      0.0,
      0.0,
      260.5635272050105,
      197.0879984259778,
      0.0,
      0.0,
      0.0,
      358.22367198410336,
      317.62514258645024,
      13.040153231235934,
      133.68472115129782,
      0.0,
      98.01247873288156,
      165.34207129185495,
      0.0
    ],
    "tw_late_s": [
      660.3495603183183,
      407.63266233986246,
      546.9820828961504,
      354.2448579500171,
      827.5710357949636,
      490.52719356928765,
      582.7053590896876,
      860.5635272050105,
      797.0879984259777,
      323.3636142531546,
      409.3042983033726,
      474.75678607331565,
      958.2236719841034,
      917.6251425864502,
      613.040153231236,
      733.6847211512978,
      310.4399337582045,
      698.0124787328816,
      765.342071291855,
      500.3587124507068
    ],
    "bs_xy": [
      [
        57.025789593676436,
        502.76776060632955
      ],
      [
        875.6432318832418,
        163.26422389962048
      ],
      [
        99.68902256848233,
        118.61202567294504
      ],
      [
        427.66647506866286,
        517.6821333669205
      ]
    ],
    "speed_mps": 10.0,
    "capacity_kg": 6.0,
    "altitude_m": 100.0
  }
}