{
  "spec": {
    "run_id": "seed9_N10_M3_D10_B4_K10_lo1.0_lt0.0_twA",
    "seed": 9,
    "n_clients": 10,
    "num_uavs": 3,
    "delta_min": 10,
    "bs_count": 4,
    "edge_samples": 10,
    "lambda_out": 1.0,
    "lambda_tw": 0.0,
    "tw_family": "A",
    "tw_mode": "soft"
  },
  "scenario": {
    "depot_xy": [
      500.0,
      500.0
    ],
    "client_xy": [
      [
        990.5235154164325,
        666.7996055041137
      ],
      [
        933.4672193570173,
        645.90077263031
      ],
      [
        736.2397367997748,
        645.894071678228
      ],
      [
        57.34868973467788,
        259.9312144826276
      ],
      [
        472.9533472023069,
        65.5536291589619
      ],
      [
        4.03737040156571,
        626.3346393975226
      ],
      [
        356.2948309100323,
        443.945689402829
      ],
      [
        729.7342467045199,
        513.1553612986271
      ],
      [
        791.0590421257414,
        812.8571464315169
      ],
      [
        400.72086615261026,
        375.34543421428026
      ]
    ],
    "delivery": [
      0.0,
      1.9168228530970657,
      1.2251940510091461,
      1.1804894215744226,
      0.5822090350796112,
      0.0,
      0.0,
      0.0,
      0.9916105310089796,
      0.0
    ],
    "pickup": [
      1.2877433705861006,
      0.0,
      0.0,
      0.0,
      0.0,
      1.770681230938404,
      1.0902085309350218,
      1.7523914032631467,
      0.0,
      1.5487091322299507
    ],
    "service_duration_s": [
      60.0,
      60.0,
      60.0,
      60.0,
      60.0,
      60.0,
      60.0,
      60.0,
      60.0,
      60.0
    ],
    "tw_early_s": [
      0.0,
      0.0,
      0.0,
      0.0,
      0.0,
      0.0,
      0.0,
      0.0,
      0.0,
      0.0
    ],
    "tw_late_s": [
      854.3549475493588,
      735.6868982552423,
      855.4946418419711,
      650.3560526907534,
      715.0217512758925,
      1013.0865193887811,
      615.42506446006,
      782.2048387453789,
      817.6310363552413,
      615.9358423651573
    ],
    "bs_xy": [
      [
        458.5223456644508,
        126.34150623687013
      ],
      [
        713.7439613536209,
        327.5158191088903
      ],
      [
        826.6733217645283,
        48.0791215362818
      ],
      [
        331.58723616485776,
        549.8792151668082
      ]
    ],
    "speed_mps": 10.0,
    "capacity_kg": 6.0,
    "altitude_m": 100.0
  }
}