{
  "spec": {
    "run_id": "seed8_N40_M3_D2_B7_K10_lo0.0_lt0.0_twA",
    "seed": 8,
    "n_clients": 40,
    "num_uavs": 3,
    "delta_min": 2,
    "bs_count": 7,
    "edge_samples": 10,
    "lambda_out": 0.0,
    "lambda_tw": 0.0,
    "tw_family": "A",
    "tw_mode": "soft"
  },
  "scenario": {
    "depot_xy": [
      500.0,
      500.0
    ],
    "client_xy": [
      [
        306.7904643801392,
        469.9945051335171
      ],
      [
        468.8246984351916,
        279.6072298839222
      ],
      [
        792.519359544476,
        493.51455884187754
      ],
      [
        960.8813028578312,
        163.3800509877422
      ],
      [
        816.7526149736505,
        598.8766368198173
      ],
      [
        454.2277771337693,
        635.0786298796979
      ],
      [
        221.9583812410677,
        325.71681239350113
      ],
      [
        977.5685327962588,
        482.6178145857302
      ],
      [
        228.52762951234374,
        482.7623172614891
      ],
      [
        655.2462995009531,
        558.5620588596445
      ],
      [
        766.8607996064067,
        52.39741312742785
      ],
      [
        471.7317900663527,
        404.6422671176303
      ],
      [
        960.6283238867386,
        307.1435049032699
      ],
      [
        899.2768744086301,
        658.2036172960716
      ],
      [
        623.8073464852913,
        260.8798865315024
      ],
      [
        283.7749976286994,
        2.845679145354163
      ],
      [
        185.74349066073736,
        741.3910196372016
      ],
      [
        554.1935863648853,
        731.8044099867246
      ],
      [
        29.405470565674776,
        412.29940030786463
      ],
      [
        124.14794576465404,
        201.13031053219922
      ],
      [
        112.42958243236679,
        469.6437627414873
      ],
      [
        826.9954524004563,
        542.3814475654065
      ],
      [
        811.3967567178055,
        163.65628206785075
      ],
      [
        805.9971762332268,
        190.78440674368537
      ],
      [
        45.68744144738746,
        608.0010939962797
      ],
      [
        334.90509760127964,
        436.6951667264369
      ],
      [
        1.2240032433352699,
        426.7112924270431
      ],
      [
        593.3616334310695,
        103.87752547604701
      ],
      [
        892.0605992525435,
        325.4706784730679
      ],
      [
        24.99273210743702,
        303.75531578083616
      ],
      [
        985.4124974176486,
        960.4600700659174
      ],
      [
        612.6348337839585,
        429.33808264841576
      ],
      [
        658.1211419435842,
        578.6364796842695
      ],
      [
        62.39332029066258,
        245.79141228534863
      ],
      [
        951.858124201224,
        192.96614145983725
      ],
      [
        753.5056697839357,
        625.4970270153115
      ],
      [
        794.3042619450613,
        877.8667737463918
      ],
      [
        373.0145899951327,
        884.3960423400672
      ],
      [
        823.2598591714916,
        65.74103114048879
      ],
      [
        913.0969229560501,
        555.4168932992751
      ]
    ],
    "delivery": [
      0.0,
      0.0,
      0.0,
      0.0,
      0.0,
      0.0,
      0.0,
      1.814174303851177,
      0.0,
      0.5811361645087518,
      0.0,
      1.1616867347366628,
      0.0,
      0.0,
      1.2814857973838885,
      0.0,
      0.0,
      0.5961543665119724,
      1.2552478385992138,
      0.0,
      1.2258534197994377,
      0.0,
      0.0,
      1.510106054755267,
      0.0,
      1.3699580481819411,
      0.0,
      1.246105389652453,
      0.0,
      0.9947636314884467,
      0.0,
      0.0,
      1.1405898555479372,
      0.9419580089441384,
      0.0,
      0.0,
      0.0,
      0.0,
      1.883774236534333,
      0.0
    ],
    "pickup": [
      0.6767637188139279,
      1.3120649091594987,
      0.609772710350339,
      1.3192652498877604,
      1.5638896967855986,
      0.6120432201532136,
      1.8108035251737398,
      0.0,
      1.5051631543821373,
      0.0,
      0.9756928070284059,
      0.0,
      0.8529005789642345,
      0.9320226532424398,
      0.0,
      1.9113656620071748,
      1.3580406232044857,
      0.0,
      0.0,
      1.147944187404263,
      0.0,
      0.817553556747354,
      1.046478161255965,
      0.0,
      1.9652630704889285,
      0.0,
      1.6383199407597693,
      0.0,
      1.6140702106107507,
      0.0,
      0.7025261243851625,
      1.0821942048588997,
      0.0,
      0.0,
      0.6297055941195022,
      1.9775615926943053,
      0.7464266727126996,
      1.33258472944393,
      0.0,
      0.9733368217647083
    ],
    "service_duration_s": [
      60.0,
      60.0,
      60.0,
      60.0,
      60.0,
      60.0,
      60.0,
      60.0,
      60.0,
      60.0,
      60.0,
      60.0,
      60.0,
      60.0,
      60.0,
      60.0,
      60.0,
      60.0,
      60.0,
      60.0,
      60.0,
      60.0,
      60.0,
      60.0,
      60.0,
      60.0,
      60.0,
      60.0,
      60.0,
      60.0,
      60.0,
      60.0,
      60.0,
      60.0,
      60.0,
      60.0,
      60.0,
      60.0,
      60.0,
      60.0
    ],
    "tw_early_s": [
      0.0,
      237.4693586334419,
      568.6930775986523,
      411.55220822056765,
      639.5043763848875,
      893.7160255738218,
      99.63071339118838,
      596.9154950528977,
      0.0,
      657.9867528492559,
      334.94599381215806,
      185.82536612024995,
      493.6812797502349,
      737.0110070675602,
      266.7525247739995,
      158.80874231490515,
      895.3819768649009,
      798.5244978261785,
      0.0,
      142.11957918541088,
      0.0,
      580.7357865854341,
      347.8812294423617,
      409.3274457477669,
      1052.9916354927989,
      23.796208073054572,
      0.0,
      251.37426381240584,
      489.1617683409436,
      67.84945371375119,
      828.4400237228998,
      500.0352382058918,
      720.0146756547741,
      65.94044812248742,
      422.2299100830652,
      706.3664615271683,
      791.9310882968748,
      950.150390220706,
      334.67825196868506,
      666.6398430191774
    ],
    "tw_late_s": [
      215.13165580639287,
      477.4693586334419,
      808.6930775986523,
      651.5522082205676,
      879.5043763848875,
      1133.7160255738218,
      339.63071339118835,
      836.9154950528977,
      147.2019090588107,
      897.9867528492559,
      574.9459938121581,
      425.82536612024995,
      733.6812797502349,
      977.0110070675602,
      506.7525247739995,
      398.80874231490515,
      1135.381976864901,
      1038.5244978261785,
      228.9660237420306,
      382.1195791854109,
      158.8757417567877,
      820.7357865854341,
      587.8812294423617,
      649.3274457477669,
      1292.9916354927989,
      263.7962080730546,
      170.41316589922903,
      491.37426381240584,
      729.1617683409436,
      307.8494537137512,
      1068.4400237228997,
      740.0352382058918,
      960.0146756547741,
      305.9404481224874,
      662.2299100830652,
      946.3664615271683,
      1031.9310882968748,
      1190.150390220706,
      574.6782519686851,
      906.6398430191774
    ],
    "bs_xy": [
      [
        556.0628478467994,
        951.4666961858201
      ],
      [
        494.47281031338065,
        699.1546932536505
      ],
      [
        371.05671223851266,
        365.77437265364875
      ],
      [
        839.9028910457332,
        734.0004684267824
      ],
      [
        453.25150796818394,
        559.7486669632515
      ],
      [
        992.5887226797123,
        699.2746851884323
      ],
      [
        655.3206591705508,
        485.0235538653869
      ]
    ],
    "speed_mps": 10.0,
    "capacity_kg": 6.0,
    "altitude_m": 100.0
  }
}