{
  "spec": {
    "run_id": "seed2_N20_M3_D10_B10_K10_lo0.0_lt5.0_twA",
    "seed": 2,
    "n_clients": 20,
    "num_uavs": 3,
    "delta_min": 10,
    "bs_count": 10,
    "edge_samples": 10,
    "lambda_out": 0.0,
    "lambda_tw": 5.0,
    "tw_family": "A",
    "tw_mode": "soft"
  },
  "scenario": {
    "depot_xy": [
      500.0,
      500.0
    ],
    "client_xy": [
      [
        653.2057735208622,
        947.5879831947478
      ],
      [
        344.1415356960561,
        644.8569976569255
      ],
      [
        345.8860669942203,
        23.801799756232313
      ],
      [
        706.0169099068114,
        570.5764892917695
      ],
      [
        61.97104356809824,
        583.5002378887764
      ],
      [
        637.9692091137284,
        287.51741946428365
      ],
      [
        352.265279999491,
        369.6854851696353
      ],
      [
        969.0386229559697,
        657.0165409526176
      ],
      [
        437.9459111782892,
        808.5665397979102
      ],
      [
        866.679948698735,
        484.66025166503556
      ],
      [
        510.3762278833112,
        612.435329769522
      ],
      [
        647.7198410429609,
        284.82442139319096
      ],
      [
        748.4041633574416,
        637.3358636052563
      ],
      [
        827.7015482427852,
        787.189366515564
      ],
      [
        544.2333389017144,
        240.91037864369247
      ],
      [
        173.10785440541176,
        964.8815811535592
      ],
      [
        730.14771930965,
        827.2185427012954
      ],
      [
        799.7532770910552,
        734.3861134405915
      ],
      [
        372.12944909455393,
        33.102012477737254
      ],
      [
        288.19912399045865,
        995.0441645551488
      ]
    ],
    "delivery": [
      0.5901592377389737,
      1.847844058045294,
      0.9342189566537125,
      0.0,
      0.0,
      0.8330233079936548,
      0.0,
      0.0,
      0.0,
      0.0,
      0.0,
      0.5353154731168096,
      1.145336362805239,
      0.9237840082486735,
      1.0149844035919018,
      0.5700757236754773,
      1.438095131318936,
      1.248215588337855,
      0.0,
      1.1797709783816497
    ],
    "pickup": [
      0.0,
      0.0,
      0.0,
      0.8705891453134439,
      1.188526979680411,
      0.0,
      1.0850291100196523,
      0.9984111545489494,
      0.6053992124053804,
      0.7663849925021025,
      1.1841541145364056,
      0.0,
      0.0,
      0.0,
      0.0,
      0.0,
      0.0,
      0.0,
      1.524971416633743,
      0.0
    ],
    "service_duration_s": [
      60.0,
      60.0,
      60.0,
      60.0,
      60.0,
      60.0,
      60.0,
      60.0,
      60.0,
      60.0,
      60.0,
      60.0,
      60.0,
      60.0,
      60.0,
      60.0,
      60.0,
      60.0,
      60.0,
      60.0
    ],
    "tw_early_s": [
      0.0,
      0.0,
      0.0,
      0.0,
      27.269985598941958,
      0.0,
      0.0,
      0.0,
      0.0,
      0.0,
      0.0,
      0.0,
      0.0,
      0.0,
      0.0,
      0.0,
      0.0,
      0.0,
      0.0,
      0.0
    ],
    "tw_late_s": [
      1023.4996235701872,
      1129.7729840844436,
      650.0515564455206,
      834.8977870331482,
      1227.269985598942,
      749.4036199223456,
      619.6995990489913,
      859.0157714139405,
      1050.9050019327606,
      803.2365711665893,
      1015.969245049775,
      745.7339751172772,
      882.5495211948528,
      919.7429655968309,
      702.8155597037977,
      1124.7512413048576,
      961.6253513392946,
      937.6285570924937,
      648.4091529094655,
      1120.3074954661176
    ],
    "bs_xy": [
      [
        651.0034251932254,
        224.08484673501917
      ],
      [
        558.5148435724252,
        253.39566231170176
      ],
      [
        464.9845770979846,
        344.6592155240654
      ],
      [
        321.6771443054843,
        883.6745207541363
      ],
      [
        714.2018312144603,
        877.5424572688214
      ],
      [
        593.1958651383375,
        242.1712551758326
      ],
      [
        497.7796098891395,
        288.3030286999717
      ],
      [
        0.26615126611884143,
        619.3407013559366
      ],
      [
        65.40029909575873,
        219.704004854701
      ],
      [
        802.7033432404363,
        822.9796621205359
      ]
    ],
    "speed_mps": 10.0,
    "capacity_kg": 6.0,
    "altitude_m": 100.0
  }
}