{
  "spec": {
    "run_id": "seed9_N20_M3_D5_B7_K10_lo0.0_lt1.0_twA",
    "seed": 9,
    "n_clients": 20,
    "num_uavs": 3,
    "delta_min": 5,
    "bs_count": 7,
    "edge_samples": 10,
    "lambda_out": 0.0,
    "lambda_tw": 1.0,
    "tw_family": "A",
    "tw_mode": "soft"
  },
  "scenario": {
    "depot_xy": [
      500.0,
      500.0
    ],
    "client_xy": [
      [
        842.6146046800441,
        542.1728139281305
      ],
      [
        797.0816117493495,
        195.8495493352399
      ],
      [
        154.53428716034378,
        775.2202917336638
      ],
      [
        334.45693333355484,
        287.07111025576756
      ],
      [
        622.2208293692147,
        285.01621245943534
      ],
      [
        172.59467821248842,
        861.6759277059907
      ],
      [
        346.5407822806785,
        774.614135845039
      ],
      [
        411.5985814841231,
        490.0129781467184
      ],
      [
        869.3880773391004,
        354.12281453756833
      ],
      [
        76.60091064026575,
        558.525769872831
      ],
      [
        449.9617037967659,
        267.5116545736833
      ],
      [
        235.3744408447188,
        396.7153790106247
      ],
      [
        613.9127442998787,
        347.93855697221
      ],
      [
        276.8619061677631,
        356.8278632196011
      ],
      [
        96.5224915148325,
        233.57114398018842
      ],
      [
        19.546795894275547,
        880.6198219506408
      ],
      [
        743.955299458308,
        4.7417550985743295
      ],
      [
        580.8136914741737,
        864.7979574140294
      ],
      [
        321.9340814317443,
        764.8131442128496
      ],
      [
        632.1408328725688,
        248.26615957581922
      ]
    ],
    "delivery": [
      0.0,
      0.8720823731743655,
      0.6795756577646377,
      0.0,
      0.9908512029725793,
      0.0,
      1.0732923322071595,
      1.994752494350631,
      0.9216050387595112,
      0.7546499790925845,
      0.0,
      1.3152316306694882,
      0.0,
      0.0,
      1.1282129096536067,
      0.0,
      1.4536742540219045,
      0.0,
      1.5363353264738138,
      1.5583178688219776
    ],
    "pickup": [
      1.066167492434297,
      0.0,
      0.0,
      1.8286674246269712,
      0.0,
      1.0580922248696325,
      0.0,
      0.0,
      0.0,
      0.0,
      1.2612575496875607,
      0.0,
      1.2419708450239806,
      1.2264987913257854,
      0.0,
      1.5577036854769686,
      0.0,
      1.5971226279116515,
      0.0,
      0.0
    ],
    "service_duration_s": [
      60.0,
      60.0,
      60.0,
      60.0,
      60.0,
      60.0,
      60.0,
      60.0,
      60.0,
      60.0,
      60.0,
      60.0,
      60.0,
      60.0,
      60.0,
      60.0,
      60.0,
      60.0,
      60.0,
      60.0
    ],
    "tw_early_s": [
      124.89519752350805,
      0.0,
      175.2661074046298,
      0.0,
      0.0,
      201.63901702559446,
      96.0653622124878,
      0.0,
      0.0,
      293.43757384929006,
      0.0,
      0.0,
      34.88995006301087,
      0.0,
      0.0,
      333.9039755976469,
      0.0,
      100.81592186392868,
      241.52354060004632,
      0.0
    ],
    "tw_late_s": [
      724.895197523508,
      570.5120253850495,
      775.2661074046298,
      403.1848535885799,
      483.3051012274044,
      801.6390170255945,
      696.0653622124878,
      308.8963764539936,
      568.9697405040029,
      893.4375738492901,
      405.99047853738875,
      328.40675966934,
      634.8899500630109,
      326.5120481421842,
      409.5209203629448,
      933.9039755976469,
      538.1891175154481,
      700.8159218639287,
      841.5235406000463,
      493.2051014626444
    ],
    "bs_xy": [
      [
        669.7161699939793,
        717.8083350664316
      ],
      [
        703.6135605095458,
        904.0900244251153
      ],
      [
        173.0205369916863,
        916.4560689645006
      ],
      [
        142.96273465074083,
        467.86341387599526
      ],
      [
        935.2377191075384,
        469.27076075403215
      ],
      [
        322.11016253949276,
        127.22729396750765
      ],
      [
        958.8416562422557,
        58.1198311061355
      ]
    ],
    "speed_mps": 10.0,
    "capacity_kg": 6.0,
    "altitude_m": 100.0
  }
}