{
  "spec": {
    "run_id": "seed8_N20_M3_D5_B4_K10_lo1.0_lt0.0_twA",
    "seed": 8,
    "n_clients": 20,
    "num_uavs": 3,
    "delta_min": 5,
    "bs_count": 4,
    "edge_samples": 10,
    "lambda_out": 1.0,
    "lambda_tw": 0.0,
    "tw_family": "A",
    "tw_mode": "soft"
  },
  "scenario": {
    "depot_xy": [
      500.0,
      500.0
    ],
    "client_xy": [
      [
        645.1484731704156,
        78.03076406414178
      ],
      [
        855.8714750481926,
        959.3434817803128
      ],
      [
        393.78776679696347,
        229.25689889367175
      ],
      [
        351.1124841827048,
        711.2274422274915
      ],
      [
        175.09875448288236,
        997.3271558277769
      ],
      [
        236.8883578341312,
        428.86926943320947
      ],
      [
        981.0223871128645,
        986.4911623108866
      ],
      [
        28.336016029071985,
        490.76504100194927
      ],
      [
        267.79926657397846,
        806.1182980677033
      ],
      [
        802.9202457953888,
        74.96215389395711
      ],
      [
        508.0164461035306,
        541.558096087356
      ],
      [
        39.15642708712275,
        216.7757859632311
      ],
      [
        254.38301472860246,
        455.51856116770983
      ],
      [
        496.9994661877679,
        412.31856752332965
      ],
      [
        561.4829835553098,
        710.4468002072263
      ],
      [
        849.821763956386,
        412.7835707587971
      ],
      [
        198.35770808655496,
        761.0170735480268
      ],
      [
        570.3183637023973,
        428.5604740125157
      ],
      [
        478.21406385097265,
        509.2516942169929
      ],
      [
        434.6229778491024,
        722.5275741140941
      ]
    ],
    "delivery": [
      0.0,
      0.9404549772057995,
      0.0,
      0.0,
      0.0,
      0.0,
      0.0,
      1.7134960300852016,
      0.8593971816492874,
      0.0,
      1.2765708544686174,
      1.659766947066263,
      1.767928725393687,
      0.0,
      1.2792839466287935,
      1.0503405948696036,
      1.0669084000276805,
      0.8909351008969586,
      1.9471436997550107,
      0.0
    ],
    "pickup": [
      0.529039844576001,
      0.0,
      1.8619729502235598,
      1.3828246917431726,
      0.5039275005641244,
      1.9848095763736253,
      0.7811142679885487,
      0.0,
      0.0,
      0.8384193824565769,
      0.0,
      0.0,
      0.0,
      0.6943598493188378,
      0.0,
      0.0,
      0.0,
      0.0,
      0.0,
      1.3842344383180873
    ],
    "service_duration_s": [
      60.0,
      60.0,
      60.0,
      60.0,
      60.0,
      60.0,
      60.0,
      60.0,
      60.0,
      60.0,
      60.0,
      60.0,
      60.0,
      60.0,
      60.0,
      60.0,
      60.0,
      60.0,
      60.0,
      60.0
    ],
    "tw_early_s": [
      0.0,
      1.1010288830850072,
      0.0,
      276.188007547565,
      265.5654645253295,
      0.0,
      68.13971593402698,
      0.0,
      188.0856489376681,
      0.0,
      193.07815244501774,
      0.0,
      0.0,
      0.0,
      157.44134261989961,
      55.999497770900916,
      349.31066065208324,
      0.0,
      360.0520001595672,
      109.42618491141741
    ],
    "tw_late_s": [
      556.7629589899243,
      601.1010288830851,
      411.53716391720866,
      876.188007547565,
      865.5654645253295,
      327.2556997844828,
      668.139715934027,
      347.1754383385066,
      788.0856489376681,
      515.2631577545046,
      793.0781524450177,
      434.5957215558873,
      324.9612303091015,
      413.31941295484035,
      757.4413426198996,
      655.9994977709009,
      949.3106606520832,
      480.82904694003844,
      960.0520001595672,
      709.4261849114174
    ],
    "bs_xy": [
      [
        310.07316465229565,
        920.0409302691295
      ],
      [
        579.6866690315802,
        968.2365524492999
      ],
      [
        929.7610065994593,
        536.8530327162449
      ],
      [
        141.26224970322977,
        265.98924629306964
      ]
    ],
    "speed_mps": 10.0,
    "capacity_kg": 6.0,
    "altitude_m": 100.0
  }
}