{
  "spec": {
    "run_id": "seed6_N40_M3_D5_B7_K10_lo1.0_lt1.0_twA",
    "seed": 6,
    "n_clients": 40,
    "num_uavs": 3,
    "delta_min": 5,
    "bs_count": 7,
    "edge_samples": 10,
    "lambda_out": 1.0,
    "lambda_tw": 1.0,
    "tw_family": "A",
    "tw_mode": "soft"
  },
  "scenario": {
    "depot_xy": [
      500.0,
      500.0
    ],
    "client_xy": [
      [
        421.2335822579383,
        512.2200552350802
      ],
      [
        948.3110606403491,
        596.4266810625693
      ],
      [
        886.1378551747972,
        696.5877522247682
      ],
      [
        734.5829209491293,
        987.3627297967794
      ],
      [
        414.71521989198646,
        209.94742823815028
      ],
      [
        234.01908664765458,
        25.824780191669007
      ],
      [
        373.89865021343184,
        533.2426494488421
      ],
      [
        124.79075643786852,
        941.2350311833403
      ],
      [
        605.0848474383915,
        841.886159160438
      ],
      [
        383.5621652778445,
        618.8865452541914
      ],
      [
        412.20907452781563,
        831.279456067818
      ],
      [
        698.7992758402926,
        786.6037097798373
      ],
      [
        167.3052600850151,
        859.1393284307936
      ],
      [
        244.3533397287998,
        414.3954455203234
      ],
      [
        488.30094090603825,
        417.0109835374163
      ],
      [
        439.2874139661284,
        147.4620461708127
      ],
      [
        790.3673822912867,
        639.6891308690365
      ],
      [
        963.8884535624901,
        935.7147118588704
      ],
      [
        275.8543644176883,
        272.8639417248009
      ],
      [
        74.59792043367442,
        520.2079052709896
      ],
      [
        204.61397775179302,
        120.03816008272783
      ],
      [
        700.8805288727201,
        198.73993637138653
      ],
      [
        115.49469268417612,
        280.2278299605493
      ],
      [
        253.94257172648983,
        206.27491014949507
      ],
      [
        829.3098811520708,
        142.19634812094029
      ],
      [
        734.4173955522197,
        606.995009411966
      ],
      [
        531.9021682499698,
        756.0973492446813
      ],
      [
        539.3783982178556,
        726.8091686378846
      ],
      [
        737.2176260915096,
        227.50909826370992
      ],
      [
        692.3324691457583,
        450.71084816093344
      ],
      [
        648.8622572879184,
        638.6501334508018
      ],
      [
        805.2304048654121,
        416.3416910366435
      ],
      [
        856.8136157898659,
        214.76169575666816
      ],
      [
        312.32457004959815,
        237.74630216820526
      ],
      [
        827.1399515709032,
        865.9730015910196
      ],
      [
        769.8164029142905,
        842.2384136954187
      ],
      [
        693.3552049985904,
        449.0935201993452
      ],
      [
        476.76080744090075,
        926.0763108332154
      ],
      [
        414.9773010751664,
        418.0172556760392
      ],
      [
        667.7850886521856,
        282.1449812017332
      ]
    ],
    "delivery": [
      0.0,
      1.548654803260124,
      0.0,
      0.0,
      1.2223432798254443,
      0.8779603434550814,
      0.0,
      0.6921790192681707,
      1.4112149498748994,
      0.0,
      0.0,
      0.930514945117236,
      0.0,
      1.3571504941229646,
      1.3437987785238874,
      1.5862153127688474,
      1.9294445518576553,
      0.8326592368376085,
      0.9929492418052007,
      1.3128407555351225,
      1.8950704942926353,
      0.0,
      0.0,
      0.7668821444695193,
      1.7852511376711384,
      1.52889847580746,
      0.0,
      0.0,
      0.0,
      0.0,
      0.0,
      0.0,
      1.118712484816033,
      0.0,
      1.1546183205878062,
      1.1498020623932848,
      0.0,
      0.0,
      1.62617978444418,
      0.0
    ],
    "pickup": [
      0.7901269401939854,
      0.0,
      1.7832421452536686,
      1.9330421997851337,
      0.0,
      0.0,
      1.2749598631851797,
      0.0,
      0.0,
      0.7194615359640819,
      1.4750713847544064,
      0.0,
      1.2471870479965785,
      0.0,
      0.0,
      0.0,
      0.0,
      0.0,
      0.0,
      0.0,
      0.0,
      1.255151004801154,
      0.7530156413520215,
      0.0,
      0.0,
      0.0,
      0.8514422014344578,
      1.4047807104506247,
      1.4234438186593255,
      1.9093285437266834,
      0.5086391428130597,
      1.7366631421539205,
      0.0,
      1.2954049946329924,
      0.0,
      0.0,
      0.8670470469426541,
      1.7723633122897242,
      0.0,
      1.5841064724958198
    ],
    "service_duration_s": [
      60.0,
      60.0,
      60.0,
      60.0,
      60.0,
      60.0,
      60.0,
      60.0,
      60.0,
      60.0,
      60.0,
      60.0,
      60.0,
      60.0,
      60.0,
      60.0,
      60.0,
      60.0,
      60.0,
      60.0,
      60.0,
      60.0,
      60.0,
      60.0,
      60.0,
      60.0,
      60.0,
      60.0,
      60.0,
      60.0,
      60.0,
      60.0,
      60.0,
      60.0,
      60.0,
      60.0,
      60.0,
      60.0,
      60.0,
      60.0
    ],
    "tw_early_s": [
      722.9693425594563,
      259.1513692811492,
      330.94024015762454,
      484.1419082387441,
      0.0,
      0.0,
      787.4191269164785,
      679.6161430875702,
      452.9683102146075,
      698.3887445643088,
      616.9571338050912,
      463.4727168031991,
      619.9771834003494,
      0.0,
      4.795782634137595,
      0.0,
      278.74449235423435,
      373.0578580847299,
      0.0,
      790.8227357743131,
      0.0,
      0.0,
      0.0,
      0.0,
      53.81034239350646,
      223.69195253945315,
      574.8930324062611,
      540.4992852690658,
      96.08004076598593,
      197.45514395397674,
      292.8143034214012,
      176.1507871820753,
      108.69300736406888,
      0.0,
      408.87682716087613,
      376.49511700479945,
      147.37662729334602,
      528.3159617873931,
      0.0,
      28.625050011809037
    ],
    "tw_late_s": [
      1322.9693425594564,
      859.1513692811492,
      930.9402401576245,
      1084.1419082387442,
      491.139312500286,
      498.13896029343994,
      1387.4191269164785,
      1279.6161430875702,
      1052.9683102146075,
      1298.3887445643088,
      1216.9571338050912,
      1063.472716803199,
      1219.9771834003495,
      326.9598506404398,
      604.7957826341376,
      542.1013473431622,
      878.7444923542344,
      973.0578580847299,
      401.45932688031553,
      1390.822735774313,
      408.28625833916874,
      579.7777817222927,
      344.2881629871781,
      419.98429294328366,
      653.8103423935065,
      823.6919525394532,
      1174.8930324062612,
      1140.4992852690657,
      696.0800407659859,
      797.4551439539767,
      892.8143034214012,
      776.1507871820753,
      708.6930073640689,
      466.52225538747496,
      1008.8768271608761,
      976.4951170047995,
      747.376627293346,
      1128.315961787393,
      311.81102438374876,
      628.625050011809
    ],
    "bs_xy": [
      [
        803.5051729161266,
        269.62460076301056
      ],
      [
        942.3176651076874,
        353.320203092945
      ],
      [
        848.0858771611571,
        938.4593724645283
      ],
      [
        337.3086498915275,
        576.7019198283699
      ],
      [
        258.6542078099372,
        883.0893925997569
      ],
      [
        20.562951145237875,
        397.21347187497594
      ],
      [
        982.7224117623138,
        987.9352835069983
      ]
    ],
    "speed_mps": 10.0,
    "capacity_kg": 6.0,
    "altitude_m": 100.0
  }
}