{
  "spec": {
    "run_id": "seed10_N20_M3_D5_B4_K10_lo0.0_lt5.0_twA",
    "seed": 10,
    "n_clients": 20,
    "num_uavs": 3,
    "delta_min": 5,
    "bs_count": 4,
    "edge_samples": 10,
    "lambda_out": 0.0,
    "lambda_tw": 5.0,
    "tw_family": "A",
    "tw_mode": "soft"
  },
  "scenario": {
    "depot_xy": [
      500.0,
      500.0
    ],
    "client_xy": [
      [
        533.7819579515692,
        232.94204084962922
      ],
      [
        23.069403684337185,
        208.43349560837464
      ],
      [
        265.30965586891176,
        169.31873541169594
      ],
      [
        822.7561758786263,
        968.5702548560092
      ],
      [
        220.27746008832605,
        739.7104055040894
      ],
      [
        100.61139448110268,
        349.78831153823563
      ],
      [
        431.8866621485531,
        411.19465999786286
      ],
      [
        754.0744080457424,
        441.64636845143326
      ],
      [
        305.55722111723094,
        272.80127772898186
      ],
      [
        46.9865768228086,
        624.3537312867301
      ],
      [
        357.57557419927565,
        606.6404192150294
      ],
      [
        112.3313928675982,
        683.0787480168611
      ],
      [
        990.9966667406827,
        927.8098212767374
      ],
      [
        554.7840922426897,
        268.574205172359
      ],
      [
        627.7142963652507,
        332.5045953475759
      ],
      [
        233.32070321365606,
        794.4431640746318
      ],
      [
        596.9954443047267,
        179.19198238192192
      ],
      [
        273.44360289327795,
        171.97265768615046
      ],
      [
        732.4618312766961,
        203.75049535005897
      ],
      [
        958.3011150589952,
        810.5105653195099
      ]
    ],
    "delivery": [
      1.5223706540998128,
      0.0,
      1.8646515922207423,
      0.0,
      0.0,
      0.0,
      0.6432752194451805,
      0.0,
      1.3106421135271678,
      1.6444219410783023,
      1.999195662259588,
      0.0,
      0.6842359416422581,
      1.0722254803420614,
      0.8725898856159253,
      0.0,
      0.0,
      0.8714244452289158,
      0.0,
      0.0
    ],
    "pickup": [
      0.0,
      0.6554215233238141,
      0.0,
      0.6900348033574634,
      1.6737669045120236,
      0.6608765787531363,
      0.0,
      0.7667105019272167,
      0.0,
      0.0,
      0.0,
      1.5040640219431136,
      0.0,
      0.0,
      0.0,
      0.647925421480738,
      0.9895216129280064,
      0.0,
      0.6096051227728918,
      1.7564200491610285
    ],
    "service_duration_s": [
      60.0,
      60.0,
      60.0,
      60.0,
      60.0,
      60.0,
      60.0,
      60.0,
      60.0,
      60.0,
      60.0,
      60.0,
      60.0,
      60.0,
      60.0,
      60.0,
      60.0,
      60.0,
      60.0,
      60.0
    ],
    "tw_early_s": [
      0.0,
      0.0,
      0.0,
      96.57460483401775,
      286.1695524532835,
      0.0,
      0.0,
      0.0,
      0.0,
      366.9870673168384,
      215.51408210569616,
      317.66053926290317,
      146.83548122806212,
      0.0,
      0.0,
      241.21655970140318,
      0.0,
      0.0,
      9.95231215902686,
      108.70071598830822
    ],
    "tw_late_s": [
      516.8941540767216,
      355.8993577946263,
      440.4371458456488,
      696.5746048340177,
      886.1695524532835,
      342.67022493131054,
      436.3620700276074,
      583.4364860023962,
      329.9043899220895,
      966.9870673168384,
      815.5140821056962,
      917.6605392629032,
      746.8354812280621,
      531.0389591238397,
      590.5821000358562,
      841.2165597014032,
      492.84954342601645,
      400.48630614514445,
      609.9523121590269,
      708.7007159883083
    ],
    "bs_xy": [
      [
        280.46751932755245,
        797.9407094090849
      ],
      [
        626.0516261675334,
        828.5329833704461
      ],
      [
        48.71827714671107,
        482.0092628981545
      ],
      [
        657.132413883169,
        454.6260735212601
      ]
    ],
    "speed_mps": 10.0,
    "capacity_kg": 6.0,
    "altitude_m": 100.0
  }
}