{
  "spec": {
    "run_id": "seed4_N10_M3_D10_B4_K10_lo0.0_lt5.0_twA",
    "seed": 4,
    "n_clients": 10,
    "num_uavs": 3,
    "delta_min": 10,
    "bs_count": 4,
    "edge_samples": 10,
    "lambda_out": 0.0,
    "lambda_tw": 5.0,
    "tw_family": "A",
    "tw_mode": "soft"
  },
  "scenario": {
    "depot_xy": [
      500.0,
      500.0
    ],
    "client_xy": [
      [
        493.2053834169512,
        154.2477263076707
      ],
      [
        894.3872657292108,
        630.7508340342921
      ],
      [
        537.6729677706485,
        220.8885359824404
      ],
      [
        467.3153569808123,
        526.4733139397206
      ],
      [
        336.1013613074707,
        537.6566896227085
      ],
      [
        368.19558232407536,
        360.4713567796407
      ],
      [
        592.2987006523853,
        66.5708060289888
      ],
      [
        901.7943460848983,
        975.7899095380138
      ],
      [
        776.9255594839557,
        868.0893008634131
      ],
      [
        855.9190864393291,
        55.91639745897381
      ]
    ],
    "delivery": [
      0.8994259069787913,
      0.8615296006378463,
      1.5791236050542259,
      0.0,
      0.0,
      0.0,
      0.5671371028589958,
      0.0,
      0.0,
      0.0
    ],
    "pickup": [
      0.0,
      0.0,
      0.0,
      1.3226567190385736,
      1.4226034861625396,
      1.0068383197985369,
      0.0,
      0.5731404420744937,
      1.936874465083494,
      0.951709870255508
    ],
    "service_duration_s": [
      60.0,
      60.0,
      60.0,
      60.0,
      60.0,
      60.0,
      60.0,
      60.0,
      60.0,
      60.0
    ],
    "tw_early_s": [
      0.0,
      0.0,
      0.0,
      0.0,
      0.0,
      0.0,
      0.0,
      0.0,
      0.0,
      0.0
    ],
    "tw_late_s": [
      634.5819030098006,
      742.4995170333157,
      628.1642436160948,
      846.4613432509643,
      1003.750489866622,
      619.1939174734612,
      716.1533197110527,
      872.1984618436688,
      873.7630597897105,
      732.1625204333285
    ],
    "bs_xy": [
      [
        824.9115415123417,
        285.82718507662617
      ],
      [
        884.5932229706315,
        786.1536900187003
      ],
      [
        595.9950401725268,
        531.6340524057712
      ],
      [
        272.70997343042757,
        629.1003012625996
      ]
    ],
    "speed_mps": 10.0,
    "capacity_kg": 6.0,
    "altitude_m": 100.0
  }
}