{
  "spec": {
    "run_id": "seed2_N40_M3_D5_B10_K10_lo0.0_lt0.0_twA",
    "seed": 2,
    "n_clients": 40,
    "num_uavs": 3,
    "delta_min": 5,
    "bs_count": 10,
    "edge_samples": 10,
    "lambda_out": 0.0,
    "lambda_tw": 0.0,
    "tw_family": "A",
    "tw_mode": "soft"
  },
  "scenario": {
    "depot_xy": [
      500.0,
      500.0
    ],
    "client_xy": [
      [
        706.6473643524602,
        583.5056778116218
      ],
      [
        251.20018100142727,
        586.0941665469834
      ],
      [
        452.99348189233166,
        289.72158516506994
      ],
      [
        680.2085361956395,
        262.22120699654164
      ],
      [
        243.2273201615186,
        315.19297845528837
      ],
      [
        555.0837793425437,
        510.9744929035661
      ],
      [
        737.4400788272792,
        594.3830100460511
      ],
      [
        924.6463057181852,
        957.4261978444504
      ],
      [
        950.4171976489141,
        261.73952652216246
      ],
      [
        930.4533008862879,
        142.47870052649148
      ],
      [
        936.3282439885297,
        934.2633260509934
      ],
      [
        255.4981425316657,
        457.8957196712677
      ],
      [
        490.470839804405,
        835.6324977581338
      ],
      [
        367.39977356720465,
        805.3190136218083
      ],
      [
        217.52282167292591,
        778.0685200429267
      ],
      [
        583.4724175405318,
        316.05386304868665
      ],
      [
        686.5187061236984,
        348.147973600879
      ],
      [
        196.57136375812078,
        236.91487762567454
      ],
      [
        246.31277628760284,
        465.5647196116123
      ],
      [
        153.13779031768993,
        650.6554870270826
      ],
      [
        510.1989389098879,
        927.7919697458595
      ],
      [
        797.1747422908206,
        8.148431267496647
      ],
      [
        97.87753085871998,
        898.1008219836326
      ],
      [
        659.2579259904851,
        836.3239604824122
      ],
      [
        459.32336351173507,
        251.95459203537374
      ],
      [
        425.29369125286064,
        52.81345616444555
      ],
      [
        573.3323903449693,
        201.45209063341872
      ],
      [
        664.6567346465736,
        128.43338977334017
      ],
      [
        79.33346173047195,
        364.6599060466407
      ],
      [
        962.9246941982425,
        436.0946928549416
      ],
      [
        620.6933102042241,
        252.0241963414025
      ],
      [
        946.6905121607152,
        693.9196427498581
      ],
      [
        148.0741106082052,
        407.62081132546456
      ],
      [
        498.7957320805841,
        863.8128957239014
      ],
      [
        871.6242652646918,
        405.9831896903181
      ],
      [
        388.6813376556696,
        374.3096544136808
      ],
      [
        668.9303447690019,
        852.2591627965407
      ],
      [
        261.92475865122157,
        239.31216730845185
      ],
      [
        985.5962510659515,
        260.538239905614
      ],
      [
        899.8521627537252,
        445.4702407833074
      ]
    ],
    "delivery": [
      1.6052555063257015,
      0.6211385529675321,
      1.2455026857925326,
      1.2193075810118246,
      1.1055749844427727,
      1.0397005845242184,
      0.0,
      1.22333123906489,
      0.0,
      1.1542004547285383,
      1.191390768405195,
      0.0,
      0.0,
      0.0,
      1.1844231785175845,
      0.0,
      0.0,
      1.8985565370528232,
      0.0,
      0.0,
      0.609290583093256,
      0.0,
      1.4809274264460783,
      0.0,
      0.8759303313683304,
      0.0,
      1.5429247319677692,
      1.7276955306310535,
      0.8612546206317844,
      1.682084511476493,
      0.0,
      0.0,
      1.9137680201651208,
      1.8027297778973812,
      1.943083108423189,
      0.0,
      0.0,
      1.289571004808927,
      1.2594267884737853,
      0.0
    ],
    "pickup": [
      0.0,
      0.0,
      0.0,
      0.0,
      0.0,
      0.0,
      1.744736437691628,
      0.0,
      0.638552615468253,
      0.0,
      0.0,
      0.6570644696253859,
      1.0224268653507342,
      1.8855454761782209,
      0.0,
      1.3293623390699139,
      1.194187644985857,
      0.0,
      1.3657358836876383,
      0.8109468140403716,
      0.0,
      1.655884086698129,
      0.0,
      1.579371637140439,
      0.0,
      1.3448344889114079,
      0.0,
      0.0,
      0.0,
      0.0,
      1.9913371488555969,
      0.8926615758922507,
      0.0,
      0.0,
      0.0,
      1.216911484548875,
      0.9133525010057123,
      0.0,
      0.0,
      1.0833927558381338
    ],
    "service_duration_s": [
      60.0,
      60.0,
      60.0,
      60.0,
      60.0,
      60.0,
      60.0,
      60.0,
      60.0,
      60.0,
      60.0,
      60.0,
      60.0,
      60.0,
      60.0,
      60.0,
      60.0,
      60.0,
      60.0,
      60.0,
      60.0,
      60.0,
      60.0,
      60.0,
      60.0,
      60.0,
      60.0,
      60.0,
      60.0,
      60.0,
      60.0,
      60.0,
      60.0,
      60.0,
      60.0,
      60.0,
      60.0,
      60.0,
      60.0,
      60.0
    ],
    "tw_early_s": [
      372.1794358965054,
      870.8002902337644,
      0.0,
      94.0048191854761,
      0.0,
      403.5496985117204,
      346.0557320164329,
      475.4622377626274,
      181.02572826353077,
      135.02001385470373,
      445.43531193405374,
      0.0,
      611.7012478607433,
      655.8253422482474,
      699.5964503393594,
      22.93421328061089,
      230.80684308044,
      0.0,
      0.0,
      742.2505203791006,
      577.0127861740901,
      135.05150122399436,
      776.0359423923987,
      534.8223976084641,
      0.0,
      0.0,
      0.0,
      57.1547155928389,
      0.0,
      258.5060490548842,
      42.16404522179215,
      506.77292849755156,
      0.0,
      675.797768234248,
      310.1998779757347,
      0.0,
      598.7451217595232,
      0.0,
      208.05028622059365,
      288.4345678191985
    ],
    "tw_late_s": [
      972.1794358965054,
      1470.8002902337644,
      500.31128592492746,
      694.0048191854761,
      399.13299879051056,
      1003.5496985117204,
      946.0557320164329,
      1075.4622377626274,
      781.0257282635307,
      735.0200138547037,
      1045.4353119340537,
      324.810064233586,
      1211.7012478607433,
      1255.8253422482474,
      1299.5964503393593,
      622.934213280611,
      830.80684308044,
      414.1309782434684,
      325.6013663718034,
      1342.2505203791006,
      1177.0127861740903,
      735.0515012239944,
      1376.0359423923987,
      1134.8223976084641,
      548.9622040619325,
      572.052317121435,
      575.2354128851371,
      657.1547155928389,
      405.1113312335224,
      858.5060490548842,
      642.1640452217921,
      1106.7729284975517,
      336.3848520849503,
      1275.797768234248,
      910.1998779757347,
      474.83384353898134,
      1198.745121759523,
      487.2589354646754,
      808.0502862205936,
      888.4345678191985
    ],
    "bs_xy": [
      [
        352.37895750717576,
        560.5614315034019
      ],
      [
        97.22674991744495,
        128.47647195848555
      ],
      [
        303.42018280201586,
        940.79537459771
      ],
      [
        183.63886748340542,
        87.11827589571386
      ],
      [
        739.6147549250489,
        281.0979706169883
      ],
      [
        640.0057852121976,
        913.8923038658072
      ],
      [
        812.313195507692,
        494.5883498152338
      ],
      [
        397.3298589267785,
        932.3206299460321
      ],
      [
        876.9538977555417,
        636.6656602285075
      ],
      [
        498.477770195264,
        879.6443034658945
      ]
    ],
    "speed_mps": 10.0,
    "capacity_kg": 6.0,
    "altitude_m": 100.0
  }
}