{
  "spec": {
    "run_id": "seed10_N40_M3_D10_B7_K10_lo1.0_lt1.0_twA",
    "seed": 10,
    "n_clients": 40,
    "num_uavs": 3,
    "delta_min": 10,
    "bs_count": 7,
    "edge_samples": 10,
    "lambda_out": 1.0,
    "lambda_tw": 1.0,
    "tw_family": "A",
    "tw_mode": "soft"
  },
  "scenario": {
    "depot_xy": [
      500.0,
      500.0
    ],
    "client_xy": [
      [
        159.47119398461706,
        229.07002241862185
      ],
      [
        387.6408805799424,
        180.36863959926586
      ],
      [
        939.7017647124733,
        205.01544341117938
      ],
      [
        555.1377126893044,
        201.8095886984772
      ],
      [
        205.40584029213693,
        963.608630998949
      ],
      [
        49.648591512245986,
        747.1273729645384
      ],
      [
        880.4793898333868,
        911.3138637905963
      ],
      [
        871.3091927500502,
        193.00534945613256
      ],
      [
        291.087155718612,
        855.2431987121953
      ],
      [
        111.5522186345037,
        457.47105627542584
      ],
      [
        747.3150016218931,
        229.5867072019554
      ],
      [
        573.9245756806607,
        997.4153780218339
      ],
      [
        33.59001209139034,
        732.0625239208098
      ],
      [
        826.4244978348376,
        50.98677898179138
      ],
      [
        546.8653202779645,
        224.32715629820177
      ],
      [
        772.1341380557302,
        589.8979287953787
      ],
      [
        772.9618243862707,
        986.1898851374249
      ],
      [
        704.1026499446151,
        409.54849402570414
      ],
      [
        163.53932617638333,
        727.2990137758566
      ],
      [
        314.5482607941208,
        301.90945370807134
      ],
      [
        685.5413389242939,
        412.1004377400832
      ],
      [
        732.3361855099547,
        643.7667028647784
      ],
      [
        613.8762846752696,
        42.81220863245005
      ],
      [
        291.46508629697234,
        837.3708044582336
      ],
      [
        572.3581442566706,
        109.19243097383546
      ],
      [
        733.5111808840036,
        865.1314406581748
      ],
      [
        149.96076026481197,
        257.03255300150994
      ],
      [
        77.20495468462741,
        283.21533210362793
      ],
      [
        484.0930503245123,
        754.088545592649
      ],
      [
        209.05639559020815,
        359.1681476150329
      ],
      [
        145.8183696499785,
        861.9428626904302
      ],
      [
        92.27038899948248,
        502.94701412699783
      ],
      [
        3.0434008936773838,
        766.1290110590033
      ],
      [
        364.99655761107107,
        441.9579382761447
      ],
      [
        27.420574558008838,
        727.8775290246859
      ],
      [
        69.80889981416938,
        274.1918710327733
      ],
      [
        992.5744271143499,
        950.8022811277559
      ],
      [
        655.7593597814166,
        137.60987386856038
      ],
      [
        333.67375290932057,
        75.61292747740467
      ],
      [
        668.1269391002365,
        54.04041369706647
      ]
    ],
    "delivery": [
      0.0,
      1.4621640754576386,
      0.0,
      0.6649207079285129,
      0.0,
      0.0,
      1.1111004240917146,
      1.9636079682182035,
      0.580024715171746,
      0.0,
      0.9808977427730132,
      1.8602005015056968,
      1.9213080142906462,
      0.0,
      1.8644157223830562,
      0.0,
      0.0,
      0.0,
      0.0,
      0.0,
      0.0,
      1.7224147669213332,
      0.0,
      1.5367343835288403,
      0.0,
      0.9129103793447265,
      0.0,
      0.0,
      0.0,
      1.778538331484889,
      1.960592168379284,
      0.8215898573316713,
      1.2921470843454157,
      1.9989714926716726,
      1.797706073353286,
      0.0,
      1.6438748141913833,
      0.0,
      1.387259149341157,
      0.0
    ],
    "pickup": [
      1.2705536044658667,
      0.0,
      1.5355192425839723,
      0.0,
      1.361843584369089,
      0.6847461148531249,
      0.0,
      0.0,
      0.0,
      0.8282345893947046,
      0.0,
      0.0,
      0.0,
      1.7393514633421008,
      0.0,
      0.7525591924881685,
      1.86823360020967,
      0.8049407583667281,
      1.4116310836846142,
      1.2133037911990627,
      1.3492121739206386,
      0.0,
      0.5176180379925447,
      0.0,
      0.6833680207985485,
      0.0,
      1.7617882268393101,
      1.9125228698169165,
      1.8611273444552137,
      0.0,
      0.0,
      0.0,
      0.0,
      0.0,
      0.0,
      0.8790517715184258,
      0.0,
      1.4446843102072953,
      0.0,
      1.660080906710667
    ],
    "service_duration_s": [
      60.0,
      60.0,
      60.0,
      60.0,
      60.0,
      60.0,
      60.0,
      60.0,
      60.0,
      60.0,
      60.0,
      60.0,
      60.0,
      60.0,
      60.0,
      60.0,
      60.0,
      60.0,
      60.0,
      60.0,
      60.0,
      60.0,
      60.0,
      60.0,
      60.0,
      60.0,
      60.0,
      60.0,
      60.0,
      60.0,
      60.0,
      60.0,
      60.0,
      60.0,
      60.0,
      60.0,
      60.0,
      60.0,
      60.0,
      60.0
    ],
    "tw_early_s": [
      0.0,
      0.0,
      0.0,
      0.0,
      260.5001780274316,
      347.16934667357464,
      113.40714824640611,
      0.0,
      301.7501311566966,
      0.0,
      0.0,
      205.24883865899642,
      447.5937540834193,
      0.0,
      0.0,
      19.488584472034177,
      191.81515033269773,
      0.0,
      374.5900948830015,
      0.0,
      0.0,
      0.0,
      0.0,
      297.713839609258,
      0.0,
      78.33197125983884,
      0.0,
      0.0,
      165.63397272425982,
      0.0,
      376.29245067707427,
      541.2765282001087,
      453.4869224246481,
      0.0,
      410.109824916015,
      0.0,
      109.57060542961051,
      0.0,
      0.0,
      0.0
    ],
    "tw_late_s": [
      786.6863287348712,
      870.0172589712605,
      1117.510800221446,
      875.4324992299203,
      1460.5001780274315,
      1547.1693466735746,
      1313.407148246406,
      1100.8792351848178,
      1501.7501311566966,
      639.0768972542735,
      1033.292241557723,
      1405.2488386589964,
      1647.5937540834193,
      1038.3910280844232,
      877.7715535474528,
      1219.4885844720343,
      1391.8151503326976,
      1188.2377734164238,
      1574.5900948830015,
      793.2786506981347,
      1112.5606735743715,
      1196.1951856412202,
      957.1204929435947,
      1497.713839609258,
      949.8128443817778,
      1278.3319712598388,
      704.1236321950329,
      716.8377508225793,
      1365.6339727242598,
      632.3236432960678,
      1576.2924506770742,
      1741.2765282001087,
      1653.4869224246481,
      614.6951728081084,
      1610.109824916015,
      708.6482590645782,
      1309.5706054296106,
      1018.6238113046984,
      789.942916497993,
      954.0341911867123
    ],
    "bs_xy": [
      [
        752.9177692800587,
        499.4016177707986
      ],
      [
        932.5866343750521,
        594.6004983417732
      ],
      [
        414.4689355361999,
        598.6899016032521
      ],
      [
        734.6564570070963,
        765.3979892796624
      ],
      [
        53.52730318689436,
        640.3572113759674
      ],
      [
        523.5243476773464,
        612.9173940702135
      ],
      [
        798.1822166072786,
        256.5052854972865
      ]
    ],
    "speed_mps": 10.0,
    "capacity_kg": 6.0,
    "altitude_m": 100.0
  }
}