{
  "spec": {
    "run_id": "seed5_N10_M3_D5_B4_K10_lo0.0_lt1.0_twA",
    "seed": 5,
    "n_clients": 10,
    "num_uavs": 3,
    "delta_min": 5,
    "bs_count": 4,
    "edge_samples": 10,
    "lambda_out": 0.0,
    "lambda_tw": 1.0,
    "tw_family": "A",
    "tw_mode": "soft"
  },
  "scenario": {
    "depot_xy": [
      500.0,
      500.0
    ],
    "client_xy": [
      [
        819.3840006691318,
        207.1021790628894
      ],
      [
        349.0899176702057,
        35.912493091194705
      ],
      [
        179.83869286650656,
        148.09532737411357
      ],
      [
        551.2018598248242,
        681.2622704344375
      ],
      [
        21.650583373962085,
        284.8369502883356
      ],
      [
        896.5499839610836,
        799.8052469690322
      ],
      [
        545.9396901896064,
        844.9817383303725
      ],
      [
        246.17449199699658,
        118.1107535954653
      ],
      [
        391.98196899881776,
        624.710246800959
      ],
      [
        128.71488354303352,
        591.5227961736273
      ]
    ],
    "delivery": [
      0.736193245069931,
      0.0,
      0.791753559761267,
      1.4320792564915985,
      1.3309180242208911,
      0.0,
      0.0,
      0.9947382464407409,
      1.5910815350411482,
      0.5978897897780762
    ],
    "pickup": [
      0.0,
      0.6246359604637499,
      0.0,
      0.0,
      0.0,
      1.4023505719004519,
      1.5871895275696977,
      0.0,
      0.0,
      0.0
    ],
    "service_duration_s": [
      60.0,
      60.0,
      60.0,
      60.0,
      60.0,
      60.0,
      60.0,
      60.0,
      60.0,
      60.0
    ],
    "tw_early_s": [
      0.0,
      0.0,
      0.0,
      0.0,
      0.0,
      0.0,
      1.2032662224937098,
      0.0,
      13.48099198583651,
      84.39983114617246
    ],
    "tw_late_s": [
      471.8013841828183,
      453.58272891119327,
      347.5752205671565,
      581.2085799060965,
      352.4512442509894,
      500.07245888420385,
      601.2032662224938,
      345.8548563439475,
      613.4809919858365,
      684.3998311461725
    ],
    "bs_xy": [
      [
        990.0816570039256,
        218.11254452923356
      ],
      [
        108.898310082862,
        952.048167408474
      ],
      [
        752.1868572191316,
        190.86009992542174
      ],
      [
        861.5001640006502,
        360.8209414075923
      ]
    ],
    "speed_mps": 10.0,
    "capacity_kg": 6.0,
    "altitude_m": 100.0
  }
}