{
  "spec": {
    "run_id": "seed1_N20_M3_D10_B4_K10_lo0.0_lt1.0_twA",
    "seed": 1,
    "n_clients": 20,
    "num_uavs": 3,
    "delta_min": 10,
    "bs_count": 4,
    "edge_samples": 10,
    "lambda_out": 0.0,
    "lambda_tw": 1.0,
    "tw_family": "A",
    "tw_mode": "soft"
  },
  "scenario": {
    "depot_xy": [
      500.0,
      500.0
    ],
    "client_xy": [
      [
        433.99995089410294,
        585.2651568359414
      ],
      [
        797.9017118001013,
        311.5662922057656
      ],
      [
        638.9249749382985,
        83.1626828499863
      ],
      [
        83.73675938420544,
        436.6652895386984
      ],
      [
        860.286353868186,
        767.5970880612696
      ],
      [
        651.8723256709527,
        288.57230258050083
      ],
      [
        951.5611830960962,
        434.5351867728987
      ],
      [
        609.79903793804,
        943.0181878617601
      ],
      [
        405.73855769031485,
        717.9102563667869
      ],
      [
        899.1306625722307,
        666.124036635253
      ],
      [
        69.74382144696666,
        204.14081283461283
      ],
      [
        532.5710136432772,
        87.61389695847899
      ],
      [
        658.6341987936446,
        60.83475028942953
      ],
      [
        371.8334262902343,
        307.93144401239414
      ],
      [
        799.3401379518281,
        955.9659974039705
      ],
      [
        632.3518028476301,
        153.08643762397534
      ],
      [
        597.1010926601402,
        689.5926952578961
      ],
      [
        690.6635286314482,
        361.7237292528036
      ],
      [
        131.5320646578837,
        193.71160704059997
      ],
      [
        25.636231968498514,
        85.500315194879
      ]
    ],
    "delivery": [
      1.0170926161659912,
      0.0,
      0.9463504250088666,
      0.0,
      1.9724265462518,
      0.8741280471233139,
      1.7489794573162427,
      1.7622603343525292,
      0.727545764712822,
      0.0,
      1.346954939233428,
      0.997058404195227,
      0.0,
      0.0,
      1.4159806282898104,
      0.0,
      0.0,
      0.0,
      0.0,
      0.0
    ],
    "pickup": [
      0.0,
      1.5221982918933452,
      0.0,
      0.566394793717838,
      0.0,
      0.0,
      0.0,
      0.0,
      0.0,
      1.3450576475974896,
      0.0,
      0.0,
      1.9223738885724808,
      0.5249448288559424,
      0.0,
      0.9381214745070552,
      0.9020240423289507,
      1.5228636454066948,
      1.3046374170672266,
      0.625002031944873
    ],
    "service_duration_s": [
      60.0,
      60.0,
      60.0,
      60.0,
      60.0,
      60.0,
      60.0,
      60.0,
      60.0,
      60.0,
      60.0,
      60.0,
      60.0,
      60.0,
      60.0,
      60.0,
      60.0,
      60.0,
      60.0,
      60.0
    ],
    "tw_early_s": [
      0.0,
      0.0,
      0.0,
      0.0,
      0.0,
      0.0,
      0.0,
      0.0,
      53.26353804237374,
      0.0,
      0.0,
      0.0,
      0.0,
      0.0,
      0.0,
      0.0,
      0.0,
      0.0,
      0.0,
      0.0
    ],
    "tw_late_s": [
      1198.823356636919,
      904.2504018867437,
      859.0285993436876,
      642.105388139427,
      1010.2782119948259,
      939.6103256485505,
      1032.9447785203993,
      1100.8586727004958,
      1253.2635380423737,
      1029.1679995554914,
      652.2161888510856,
      749.3982390446713,
      842.01492177516,
      744.158421784092,
      1147.2643271985862,
      821.3325842196017,
      1119.4619988026736,
      932.2738139610085,
      647.9146323200893,
      737.6992795383564
    ],
    "bs_xy": [
      [
        405.1724593943521,
        117.42406680604012
      ],
      [
        94.11233135545393,
        181.69880249710934
      ],
      [
        578.8500338248672,
        584.7752578696944
      ],
      [
        260.1256138258564,
        703.5180492342269
      ]
    ],
    "speed_mps": 10.0,
    "capacity_kg": 6.0,
    "altitude_m": 100.0
  }
}