{
  "spec": {
    "run_id": "seed6_N20_M3_D5_B10_K10_lo0.0_lt0.0_twA",
    "seed": 6,
    "n_clients": 20,
    "num_uavs": 3,
    "delta_min": 5,
    "bs_count": 10,
    "edge_samples": 10,
    "lambda_out": 0.0,
    "lambda_tw": 0.0,
    "tw_family": "A",
    "tw_mode": "soft"
  },
  "scenario": {
    "depot_xy": [
      500.0,
      500.0
    ],
    "client_xy": [
      [
        28.50772598269302,
        481.5889231574719
      ],
      [
        677.3300273722541,
        497.31555663000495
      ],
      [
        210.1158972061612,
        340.93554299539875
      ],
      [
        683.9437599110236,
        444.5385359067853
      ],
      [
        342.2587867539927,
        667.4401302976303
      ],
      [
        86.76569679133739,
        546.8838913957974
      ],
      [
        250.38195266907394,
        47.18851815068115
      ],
      [
        585.5876357878209,
        669.3591676431627
      ],
      [
        71.09967702656972,
        541.0046267319457
      ],
      [
        87.3263946218985,
        725.5508711451052
      ],
      [
        992.8384050216032,
        639.486093728928
      ],
      [
        207.78299134307034,
        808.3766377288789
      ],
      [
        998.5160949788293,
        698.6798743955381
      ],
      [
        596.4290240143267,
        152.55054624154673
      ],
      [
        773.5764921646206,
        871.5137677938077
      ],
      [
        560.1096518763343,
        571.6888555461982
      ],
      [
        383.4856083417901,
        874.1779846137114
      ],
      [
        710.5306059080204,
        385.692193353127
      ],
      [
        741.7108166502164,
        728.808045344597
      ],
      [
        626.6966959788081,
        538.5872049865135
      ]
    ],
    "delivery": [
      0.0,
      0.0,
      0.0,
      0.0,
      1.4948465736839043,
      1.3033559967772388,
      1.8742696933532077,
      1.8842236486677684,
      1.3858746221206963,
      0.0,
      0.8872633228664274,
      0.5781291208825677,
      0.5257086864777306,
      0.6210192725199049,
      0.0,
      0.9500327807989537,
      0.9054377359152646,
      0.0,
      0.0,
      1.7884302169005546
    ],
    "pickup": [
      1.1486315639761777,
      0.84509453725588,
      0.6238825332309168,
      0.6288180576650167,
      0.0,
      0.0,
      0.0,
      0.0,
      0.0,
      1.1698495453244036,
      0.0,
      0.0,
      0.0,
      0.0,
      1.9397547206412529,
      0.0,
      0.0,
      0.7662040698954616,
      1.7828534309595652,
      0.0
    ],
    "service_duration_s": [
      60.0,
      60.0,
      60.0,
      60.0,
      60.0,
      60.0,
      60.0,
      60.0,
      60.0,
      60.0,
      60.0,
      60.0,
      60.0,
      60.0,
      60.0,
      60.0,
      60.0,
      60.0,
      60.0,
      60.0
    ],
    "tw_early_s": [
      0.0,
      0.0,
      0.0,
      0.0,
      262.22546228019314,
      350.4762190411759,
      0.0,
      104.62850923542061,
      294.9137997952596,
      197.12609820577057,
      0.0,
      204.88545973506194,
      66.14240544184486,
      0.0,
      154.5095307141417,
      8.962020386694803,
      103.98997007812198,
      0.0,
      27.922637015583575,
      0.0
    ],
    "tw_late_s": [
      347.1851599773184,
      568.2335570692348,
      333.0657367277303,
      470.5157561461449,
      862.2254622801931,
      950.4762190411759,
      351.70564840013907,
      704.6285092354206,
      894.9137997952596,
      797.1260982057706,
      541.2686548212358,
      804.8854597350619,
      666.1424054418449,
      472.8205813777636,
      754.5095307141416,
      608.9620203866948,
      703.989970078122,
      443.30695869101567,
      627.9226370155836,
      541.5259234857122
    ],
    "bs_xy": [
      [
        253.08056276212355,
        20.82939204353007
      ],
      [
        9.65760132168425,
        393.6263454273156
      ],
      [
        124.33052799323929,
        472.39957494971276
      ],
      [
        698.1555454715112,
        270.4329301093703
      ],
      [
        821.6310706958285,
        171.17098911478257
      ],
      [
        208.95134332629982,
        664.2456435272693
      ],
      [
        549.923270694004,
        208.15473161610043
      ],
      [
        770.3593193659636,
        798.7740802917564
      ],
      [
        675.2748339183378,
        533.169324389406
      ],
      [
        768.320992091537,
        389.5475366417802
      ]
    ],
    "speed_mps": 10.0,
    "capacity_kg": 6.0,
    "altitude_m": 100.0
  }
}