{
  "spec": {
    "run_id": "seed9_N40_M3_D2_B10_K10_lo1.0_lt5.0_twA",
    "seed": 9,
    "n_clients": 40,
    "num_uavs": 3,
    "delta_min": 2,
    "bs_count": 10,
    "edge_samples": 10,
    "lambda_out": 1.0,
    "lambda_tw": 5.0,
    "tw_family": "A",
    "tw_mode": "soft"
  },
  "scenario": {
    "depot_xy": [
      500.0,
      500.0
    ],
    "client_xy": [
      [
        134.33693593911545,
        126.06912773475787
      ],
      [
        673.5175997427293,
        465.54962815150714
      ],
      [
        344.1305383604376,
        812.5435064374517
      ],
      [
        181.99331425144305,
        723.0936636155956
      ],
      [
        863.5192064402897,
        247.75445515920413
      ],
      [
        307.0426192451493,
        247.14676221789344
      ],
      [
        778.1937468755182,
        800.9605334245804
      ],
      [
        749.3837507195026,
        809.9574094222727
      ],
      [
        817.7114774510072,
        769.0689529354813
      ],
      [
        3.357131183299611,
        222.89740347299892
      ],
      [
        278.29365902523773,
        183.0682587579362
      ],
      [
        426.94933138776037,
        686.2727266768225
      ],
      [
        242.32250805864354,
        686.9874074861925
      ],
      [
        129.0326925412395,
        581.6129342607298
      ],
      [
        843.8425892965321,
        456.9259619373278
      ],
      [
        248.6861574714242,
        279.7140647494586
      ],
      [
        125.07516066583158,
        169.60561679794318
      ],
      [
        520.8479996464437,
        572.9437220551193
      ],
      [
        901.5893966479982,
        24.192814493021242
      ],
      [
        477.4126164705027,
        766.246087154794
      ],
      [
        556.9499156009181,
        132.5217397366104
      ],
      [
        12.723044828302775,
        540.8518340577475
      ],
      [
        395.7909683453902,
        514.5110374661157
      ],
      [
        757.9676916675977,
        508.5307541247214
      ],
      [
        453.4952557003625,
        7.7466539976930315
      ],
      [
        408.9008771986483,
        944.1893222070793
      ],
      [
        272.2243024270191,
        27.399323839300326
      ],
      [
        812.4039997562458,
        967.6296842350273
      ],
      [
        655.2685745182978,
        164.04949541865176
      ],
      [
        650.4044060071227,
        772.9488568921053
      ],
      [
        312.3288951097153,
        81.63342710476374
      ],
      [
        704.2227954356749,
        359.4810604425677
      ],
      [
        895.5216169798841,
        884.4976266077857
      ],
      [
        817.9447942323836,
        225.52332422938426
      ],
      [
        564.944489990584,
        771.7391782815295
      ],
      [
        916.908728786644,
        675.1241268674519
      ],
      [
        15.743651750335207,
        598.4816666157476
      ],
      [
        140.00642844780998,
        170.65123039211994
      ],
      [
        684.3511565722225,
        949.174205645933
      ],
      [
        668.273128303084,
        69.55934735750036
      ]
    ],
    "delivery": [
      1.0420726573529628,
      0.5018859582746398,
      1.1789193811283591,
      0.0,
      0.0,
      0.0,
      0.0,
      0.0,
      0.0,
      0.0,
      0.8837221313917116,
      0.0,
      0.0,
      1.0390745109179387,
      1.7794397472417494,
      0.0,
      1.3533591030214445,
      1.1446826282432538,
      1.9539183711420922,
      0.6315041096670486,
      0.0,
      1.5346448387378944,
      0.9904172125101993,
      1.0228512955316948,
      0.0,
      0.9450346283758894,
      0.5535036732839375,
      0.0,
      0.7791297449235259,
      1.5986960494798428,
      0.7369411129949535,
      0.0,
      1.7611794195593915,
      1.9404894281737222,
      0.0,
      1.634426414120091,
      0.0,
      0.0,
      0.5386538230456206,
      0.0
    ],
    "pickup": [
      0.0,
      0.0,
      0.0,
      1.5231659524674634,
      1.4831325272595943,
      0.8645308989493643,
      1.3174677416937668,
      1.683555018505456,
      1.3474205756348288,
      0.8893178219709015,
      0.0,
      1.4382064457489714,
      1.186723787293049,
      0.0,
      0.0,
      1.4739508863118411,
      0.0,
      0.0,
      0.0,
      0.0,
      1.6728702054557743,
      0.0,
      0.0,
      0.0,
      0.791484305318702,
      0.0,
      0.0,
      0.7015801314981458,
      0.0,
      0.0,
      0.0,
      1.3369523519630857,
      0.0,
      0.0,
      0.5929932716381476,
      0.0,
      0.6396383232680201,
      0.6754169812809745,
      0.0,
      1.6694847802066002
    ],
    "service_duration_s": [
      60.0,
      60.0,
      60.0,
      60.0,
      60.0,
      60.0,
      60.0,
      60.0,
      60.0,
      60.0,
      60.0,
      60.0,
      60.0,
      60.0,
      60.0,
      60.0,
      60.0,
      60.0,
      60.0,
      60.0,
      60.0,
      60.0,
      60.0,
      60.0,
      60.0,
      60.0,
      60.0,
      60.0,
      60.0,
      60.0,
      60.0,
      60.0,
      60.0,
      60.0,
      60.0,
      60.0,
      60.0,
      60.0,
      60.0,
      60.0
    ],
    "tw_early_s": [
      0.0,
      351.55666515901623,
      815.52985966648,
      825.0358672832315,
      338.13901496862826,
      9.752887167946653,
      522.4040671239997,
      578.4347501396819,
      510.47199677531887,
      0.0,
      85.38580222436747,
      740.2650716302177,
      901.0339345686759,
      907.0886955832129,
      419.14851008632513,
      0.0,
      0.0,
      711.614940259918,
      256.004901383325,
      741.4204431733816,
      159.8785221098866,
      979.4132245563076,
      914.9049397207025,
      430.7557726675053,
      170.17153694682827,
      810.3906354640701,
      69.5273446827521,
      602.5454069483094,
      255.69467359244248,
      595.4864100570293,
      86.3126603586602,
      354.9114282324319,
      530.789779658252,
      263.54383933178707,
      664.0332577612386,
      443.6753065078203,
      985.3590747107198,
      11.501443854528361,
      653.8004764981412,
      181.9275561952843
    ],
    "tw_late_s": [
      232.57191604242055,
      591.5566651590162,
      1055.52985966648,
      1065.0358672832315,
      578.1390149686283,
      249.75288716794665,
      762.4040671239997,
      818.4347501396819,
      750.4719967753189,
      176.871784581503,
      325.38580222436747,
      980.2650716302177,
      1141.033934568676,
      1147.088695583213,
      659.1485100863251,
      153.41923708220813,
      169.97290101657293,
      951.614940259918,
      496.004901383325,
      981.4204431733816,
      399.8785221098866,
      1219.4132245563076,
      1154.9049397207025,
      670.7557726675053,
      410.17153694682827,
      1050.39063546407,
      309.5273446827521,
      842.5454069483094,
      495.6946735924425,
      835.4864100570293,
      326.3126603586602,
      594.911428232432,
      770.789779658252,
      503.54383933178707,
      904.0332577612386,
      683.6753065078203,
      1225.3590747107198,
      251.50144385452836,
      893.8004764981412,
      421.9275561952843
    ],
    "bs_xy": [
      [
        586.7340765239367,
        90.79591782876429
      ],
      [
        971.2755008356517,
        695.4836347764046
      ],
      [
        117.97611159518095,
        639.8945269235006
      ],
      [
        339.353934887773,
        49.42282323062008
      ],
      [
        401.72166501930604,
        48.9609447807493
      ],
      [
        587.6308518823837,
        572.0358854167122
      ],
      [
        175.07940881408723,
        573.3181750557773
      ],
      [
        14.001671191144482,
        393.3445186210972
      ],
      [
        843.1024406385276,
        763.8403695941748
      ],
      [
        597.8723928922847,
        144.8490900328667
      ]
    ],
    "speed_mps": 10.0,
    "capacity_kg": 6.0,