{
  "spec": {
    "run_id": "seed8_N20_M3_D5_B10_K10_lo1.0_lt5.0_twA",
    "seed": 8,
    "n_clients": 20,
    "num_uavs": 3,
    "delta_min": 5,
    "bs_count": 10,
    "edge_samples": 10,
    "lambda_out": 1.0,
    "lambda_tw": 5.0,
    "tw_family": "A",
    "tw_mode": "soft"
  },
  "scenario": {
    "depot_xy": [
      500.0,
      500.0
    ],
    "client_xy": [
      [
        675.2284238273252,
        4.469757145258102
      ],
      [
        537.6086096748485,
        709.2677542182626
      ],
      [
        115.29085646312187,
        541.3504779642307
      ],
      [
        140.75588626925096,
        583.8276447745839
      ],
      [
        713.3976541410154,
        807.2804688579571
      ],
      [
        645.0544837257378,
        344.3907013237274
      ],
      [
        259.7181626064025,
        630.2112545972118
      ],
      [
        311.0270487973016,
        414.56564679781906
      ],
      [
        943.6227882434233,
        788.1219733671494
      ],
      [
        525.3195849961223,
        889.325000507522
      ],
      [
        222.16686299317945,
        445.1617783852421
      ],
      [
        871.7674002872828,
        277.1110592836884
      ],
      [
        248.24006783811313,
        487.02095702792724
      ],
      [
        992.0043840249841,
        244.3008864689219
      ],
      [
        855.097863805945,
        631.4118826457928
      ],
      [
        328.2151173460844,
        372.1597358295039
      ],
      [
        224.18087580383295,
        451.880868646215
      ],
      [
        888.4257839712785,
        843.3876791131171
      ],
      [
        876.5481052995804,
        145.43284791700862
      ],
      [
        826.6311349322605,
        332.6727718862772
      ]
    ],
    "delivery": [
      0.0,
      1.124936744002028,
      0.0,
      0.0,
      0.0,
      1.2475593146821926,
      0.0,
      0.9398581788082262,
      0.0,
      0.7152203368149613,
      0.0,
      0.0,
      0.0,
      0.0,
      1.7859967586228231,
      1.5675401624292002,
      0.0,
      1.1385599715385784,
      0.6957025278340547,
      1.3078926334660395
    ],
    "pickup": [
      1.0087766788466896,
      0.0,
      1.3905316833616657,
      1.5454644712174215,
      1.9272621185830192,
      0.0,
      0.9410790805102491,
      0.0,
      1.5535649363129422,
      0.0,
      0.9381894687093112,
      0.8671849364553634,
      1.2647541032772947,
      1.6810052553648784,
      0.0,
      0.0,
      1.5073218869610396,
      0.0,
      0.0,
      0.0
    ],
    "service_duration_s": [
      60.0,
      60.0,
      60.0,
      60.0,
      60.0,
      60.0,
      60.0,
      60.0,
      60.0,
      60.0,
      60.0,
      60.0,
      60.0,
      60.0,
      60.0,
      60.0,
      60.0,
      60.0,
      60.0,
      60.0
    ],
    "tw_early_s": [
      0.0,
      200.9956609166597,
      321.6412609232282,
      302.6162453829646,
      123.18734226308948,
      0.0,
      231.8883266143347,
      0.0,
      99.63559550613411,
      207.86302865759677,
      0.0,
      0.0,
      0.0,
      0.0,
      40.60223455129176,
      0.0,
      0.0,
      111.26298094846413,
      0.0,
      0.0
    ],
    "tw_late_s": [
      451.5233108057644,
      800.9956609166597,
      921.6412609232282,
      902.6162453829646,
      723.1873422630895,
      488.92883435042677,
      831.8883266143347,
      394.796906444555,
      699.6355955061341,
      807.8630286575967,
      328.3193366039743,
      545.1329595542513,
      325.20942660962936,
      585.0386951027651,
      640.6022345512918,
      401.105216249814,
      327.99850711637737,
      711.2629809484641,
      520.4410525867609,
      599.8190021838336
    ],
    "bs_xy": [
      [
        935.9380948338504,
        574.6963308555862
      ],
      [
        59.3393366845043,
        123.60340361708478
      ],
      [
        319.2546795051727,
        155.64224481196766
      ],
      [
        304.5168786326428,
        309.7647080630661
      ],
      [
        693.5746786449191,
        505.17285974907566
      ],
      [
        938.8204800437733,
        336.91698756167875
      ],
      [
        776.8441338721647,
        615.68541038287
      ],
      [
        186.01408341180502,
        18.122301536348306
      ],
      [
        159.06986701381155,
        178.59759837923573
      ],
      [
        466.41754658816814,
        763.2538128334949
      ]
    ],
    "speed_mps": 10.0,
    "capacity_kg": 6.0,
    "altitude_m": 100.0
  }
}