{
  "spec": {
    "run_id": "seed9_N20_M3_D5_B4_K10_lo1.0_lt0.0_twA",
    "seed": 9,
    "n_clients": 20,
    "num_uavs": 3,
    "delta_min": 5,
    "bs_count": 4,
    "edge_samples": 10,
    "lambda_out": 1.0,
    "lambda_tw": 0.0,
    "tw_family": "A",
    "tw_mode": "soft"
  },
  "scenario": {
    "depot_xy": [
      500.0,
      500.0
    ],
    "client_xy": [
      [
        841.1824198786105,
        529.5836570298841
      ],
      [
        973.4628082811723,
        495.3772606653236
      ],
      [
        190.31082440099433,
        890.8596906185816
      ],
      [
        408.4332822924247,
        14.76990520650412
      ],
      [
        657.7628861592339,
        374.8825343167815
      ],
      [
        396.9484441481067,
        287.68915278696926
      ],
      [
        256.75953423627163,
        237.91768518807066
      ],
      [
        760.9534052980059,
        37.58754999182956
      ],
      [
        633.7706444419074,
        677.9597941906753
      ],
      [
        913.3801317330941,
        639.151603888197
      ],
      [
        240.00562430178152,
        722.1608951902456
      ],
      [
        250.85567478194105,
        828.5502299151094
      ],
      [
        965.6855599297933,
        750.8897487579478
      ],
      [
        583.8755399509425,
        818.8024291257559
      ],
      [
        782.1624878613829,
        568.7246823911191
      ],
      [
        259.05100458866195,
        994.4822643834364
      ],
      [
        864.5898699666781,
        577.9166306085151
      ],
      [
        847.7302173056585,
        826.5684732850001
      ],
      [
        274.7723768792091,
        925.729264793891
      ],
      [
        314.2253101532586,
        934.2179194734713
      ]
    ],
    "delivery": [
      1.0686160144640469,
      0.0,
      0.0,
      0.0,
      0.0,
      1.684391280313217,
      0.5536729538162046,
      0.0,
      1.1583151799651996,
      0.8439884801875904,
      1.5501833558730653,
      1.894136359637679,
      1.9256988061361824,
      0.0,
      0.0,
      0.0,
      0.0,
      0.7020156702362074,
      1.2368699868833257,
      1.4888154193310663
    ],
    "pickup": [
      0.0,
      1.914392784993719,
      0.9365788075044925,
      1.9654515527752507,
      0.957217778204732,
      0.0,
      0.0,
      0.65868819016103,
      0.0,
      0.0,
      0.0,
      0.0,
      0.0,
      0.7030442918476676,
      1.5958284298955479,
      1.0402614821825238,
      0.8737451524268058,
      0.0,
      0.0,
      0.0
    ],
    "service_duration_s": [
      60.0,
      60.0,
      60.0,
      60.0,
      60.0,
      60.0,
      60.0,
      60.0,
      60.0,
      60.0,
      60.0,
      60.0,
      60.0,
      60.0,
      60.0,
      60.0,
      60.0,
      60.0,
      60.0,
      60.0
    ],
    "tw_early_s": [
      0.0,
      0.0,
      302.6961304990282,
      0.0,
      0.0,
      0.0,
      0.0,
      0.0,
      121.21003496598831,
      32.98105322420497,
      252.25738913614543,
      237.39764562270148,
      0.0,
      78.8982923945369,
      0.0,
      230.26115958394928,
      0.0,
      50.6506558344409,
      171.60580125824447,
      165.07637486693284
    ],
    "tw_late_s": [
      559.8594509684707,
      483.5577045885552,
      902.6961304990282,
      349.37941966903253,
      411.10023608242886,
      323.59989809465515,
      335.75654680224795,
      450.00999117990574,
      721.2100349659884,
      632.981053224205,
      852.2573891361454,
      837.3976456227015,
      580.1180108701603,
      678.8982923945368,
      564.0456661432185,
      830.2611595839493,
      500.0830319254606,
      650.6506558344408,
      771.6058012582445,
      765.0763748669328
    ],
    "bs_xy": [
      [
        405.52003568982974,
        579.9317699854497
      ],
      [
        90.94297477660795,
        33.9424530010386
      ],
      [
        332.0827648246187,
        388.21550122242945
      ],
      [
        832.1063569474754,
        462.4301861441825
      ]
    ],
    "speed_mps": 10.0,
    "capacity_kg": 6.0,
    "altitude_m": 100.0
  }
}