{
  "spec": {
    "run_id": "seed5_N20_M3_D2_B4_K10_lo0.5_lt1.0_twA",
    "seed": 5,
    "n_clients": 20,
    "num_uavs": 3,
    "delta_min": 2,
    "bs_count": 4,
    "edge_samples": 10,
    "lambda_out": 0.5,
    "lambda_tw": 1.0,
    "tw_family": "A",
    "tw_mode": "soft"
  },
  "scenario": {
    "depot_xy": [
      500.0,
      500.0
    ],
    "client_xy": [
      [
        973.387738340898,
        842.0717602469055
      ],
      [
        126.4088974844646,
        550.3943269313027
      ],
      [
        69.20538724297309,
        328.51620115210653
      ],
      [
        711.9341386505238,
        982.3586314063599
      ],
      [
        457.82978877966565,
        407.99726238844517
      ],
      [
        168.995348632471,
        441.1223929559802
      ],
      [
        470.27310719515845,
        112.73930165218925
      ],
      [
        677.7499584986027,
        141.65557435672872
      ],
      [
        419.2469901483281,
        7.462011602908825
      ],
      [
        138.0938966268458,
        30.737843530107888
      ],
      [
        781.255277907432,
        609.5729386221674
      ],
      [
        25.639886359351884,
        809.8119079787728
      ],
      [
        587.2967443897194,
        325.09099170994335
      ],
      [
        598.4149462843732,
        113.9354991725241
      ],
      [
        294.95596763303644,
        224.27699182644434
      ],
      [
        493.50138375042906,
        263.2531582704486
      ],
      [
        769.5028106971198,
        727.7477958151586
      ],
      [
        846.4961138066031,
        504.23191302307015
      ],
      [
        100.04281877746601,
        61.8159091490913
      ],
      [
        526.891601170116,
        777.3077473864165
      ]
    ],
    "delivery": [
      0.0,
      0.0,
      0.0,
      0.0,
      1.8674652954959636,
      1.8234190562951065,
      0.0,
      0.6263659732312971,
      0.0,
      0.0,
      1.889161634917218,
      1.8708781262592904,
      1.5777311918264845,
      1.1312755252916606,
      0.0,
      0.8472785669622005,
      0.7103296975841644,
      0.0,
      0.6950553143717225,
      0.0
    ],
    "pickup": [
      1.105019631926365,
      1.588901096571612,
      1.0147512536605765,
      0.6089143995602608,
      0.0,
      0.0,
      0.9306494352856516,
      0.0,
      1.9762029779837738,
      0.6299379622479926,
      0.0,
      0.0,
      0.0,
      0.0,
      1.7585690154465676,
      0.0,
      0.0,
      0.9615979465450194,
      0.0,
      1.3974022834740416
    ],
    "service_duration_s": [
      60.0,
      60.0,
      60.0,
      60.0,
      60.0,
      60.0,
      60.0,
      60.0,
      60.0,
      60.0,
      60.0,
      60.0,
      60.0,
      60.0,
      60.0,
      60.0,
      60.0,
      60.0,
      60.0,
      60.0
    ],
    "tw_early_s": [
      319.77807125068153,
      511.56241275441687,
      0.0,
      378.8002681747529,
      49.11198919629925,
      0.0,
      92.01157143368289,
      172.95979203924145,
      102.98615576022166,
      14.774664068252832,
      280.8826478522081,
      508.5526590599161,
      195.25401599628225,
      183.82788315053284,
      11.232554191846674,
      124.01947669912133,
      373.7150636476143,
      290.0745647983862,
      0.0,
      424.8949392570296
    ],
    "tw_late_s": [
      559.7780712506815,
      751.5624127544169,
      166.3670887211804,
      618.8002681747529,
      289.11198919629925,
      153.6200315047695,
      332.0115714336829,
      412.95979203924145,
      342.98615576022166,
      254.77466406825283,
      520.882647852208,
      748.5526590599161,
      435.25401599628225,
      423.82788315053284,
      251.23255419184667,
      364.01947669912136,
      613.7150636476142,
      530.0745647983862,
      179.3271476043061,
      664.8949392570296
    ],
    "bs_xy": [
      [
        738.377127803743,
        583.3552964831275
      ],
      [
        921.5713453964273,
        600.1331747793563
      ],
      [
        781.591633029975,
        702.7220146520617
      ],
      [
        67.71003669852948,
        257.7087382153531
      ]
    ],
    "speed_mps": 10.0,
    "capacity_kg": 6.0,
    "altitude_m": 100.0
  }
}