{
  "spec": {
    "run_id": "seed8_N20_M3_D2_B4_K10_lo0.0_lt1.0_twA",
    "seed": 8,
    "n_clients": 20,
    "num_uavs": 3,
    "delta_min": 2,
    "bs_count": 4,
    "edge_samples": 10,
    "lambda_out": 0.0,
    "lambda_tw": 1.0,
    "tw_family": "A",
    "tw_mode": "soft"
  },
  "scenario": {
    "depot_xy": [
      500.0,
      500.0
    ],
    "client_xy": [
      [
        776.0331875884726,
        8.836663358191664
      ],
      [
        630.0569641491095,
        297.0105390641986
      ],
      [
        690.4918497222019,
        357.8497153828871
      ],
      [
        305.68673284566495,
        599.7525583788891
      ],
      [
        609.6369733735202,
        413.0158246235721
      ],
      [
        68.7578945984193,
        682.8892141042171
      ],
      [
        422.2263320438241,
        895.6281770374744
      ],
      [
        510.9798756125348,
        657.6774650582234
      ],
      [
        794.3686053492626,
        924.5853235153138
      ],
      [
        726.0715905624473,
        897.5413455656559
      ],
      [
        791.7035501937195,
        783.5062712526284
      ],
      [
        773.9550190435662,
        347.62489586492575
      ],
      [
        611.3950754918878,
        537.4678951300974
      ],
      [
        844.3971081532635,
        527.90788278992
      ],
      [
        571.8924263960489,
        844.5451409687503
      ],
      [
        312.2053906127219,
        814.6276308831308
      ],
      [
        385.28668272461175,
        213.0779647106683
      ],
      [
        231.31031124167745,
        963.3792578360693
      ],
      [
        812.9286277148404,
        666.443748471911
      ],
      [
        878.9765242091257,
        673.7312157143916
      ]
    ],
    "delivery": [
      0.8941856188837372,
      1.6176329324169072,
      1.1054216055146011,
      0.0,
      1.9505440650411838,
      1.7160757818448338,
      0.0,
      0.0,
      1.2303575007754692,
      1.507824749903566,
      0.0,
      1.3173568081811453,
      0.0,
      1.1227669182228717,
      0.0,
      0.0,
      0.0,
      1.7620159500548813,
      1.7158670956162947,
      1.1106418216645042
    ],
    "pickup": [
      0.0,
      0.0,
      0.0,
      0.5965901754305369,
      0.0,
      0.0,
      0.6077642831027108,
      1.5004547933204755,
      0.0,
      0.0,
      1.2074325359239662,
      0.0,
      1.8440149522714506,
      0.0,
      0.6756519706935753,
      1.7507279133338007,
      1.3679105756570933,
      0.0,
      0.0,
      0.0
    ],
    "service_duration_s": [
      60.0,
      60.0,
      60.0,
      60.0,
      60.0,
      60.0,
      60.0,
      60.0,
      60.0,
      60.0,
      60.0,
      60.0,
      60.0,
      60.0,
      60.0,
      60.0,
      60.0,
      60.0,
      60.0,
      60.0
    ],
    "tw_early_s": [
      0.0,
      0.0,
      32.275741724450285,
      428.16807722697274,
      0.9517111548271089,
      473.7089566058927,
      336.3680992556175,
      259.02511630517023,
      160.09582437121048,
      245.98297109428398,
      202.40544425901606,
      0.0,
      111.9019971465481,
      87.08837236308068,
      285.218307683281,
      344.3519105040827,
      0.0,
      381.29014219369384,
      161.2948678286633,
      73.62201026474034
    ],
    "tw_late_s": [
      176.3414362535574,
      144.1079935238688,
      272.2757417244503,
      668.1680772269727,
      240.9517111548271,
      713.7089566058927,
      576.3680992556175,
      499.02511630517023,
      400.0958243712105,
      485.982971094284,
      442.40544425901606,
      219.36199736442143,
      351.90199714654807,
      327.0883723630807,
      525.218307683281,
      584.3519105040828,
      150.90038826534325,
      621.2901421936938,
      401.2948678286633,
      313.6220102647403
    ],
    "bs_xy": [
      [
        848.7060622244858,
        910.9194511978648
      ],
      [
        419.8461609142222,
        28.349174170944735
      ],
      [
        729.1098138899606,
        150.2895042803495
      ],
      [
        32.83948307710993,
        466.0991373270321
      ]
    ],
    "speed_mps": 10.0,
    "capacity_kg": 6.0,
    "altitude_m": 100.0
  }
}