{
  "spec": {
    "run_id": "seed4_N20_M3_D5_B4_K10_lo0.5_lt0.0_twA",
    "seed": 4,
    "n_clients": 20,
    "num_uavs": 3,
    "delta_min": 5,
    "bs_count": 4,
    "edge_samples": 10,
    "lambda_out": 0.5,
    "lambda_tw": 0.0,
    "tw_family": "A",
    "tw_mode": "soft"
  },
  "scenario": {
    "depot_xy": [
      500.0,
      500.0
    ],
    "client_xy": [
      [
        127.91864810645237,
        323.0806759323492
      ],
      [
        988.3761023323016,
        223.15664631450406
      ],
      [
        318.95662210432727,
        16.737232206519014
      ],
      [
        589.5580923432923,
        650.5451725036565
      ],
      [
        183.5880454549168,
        111.9753522380178
      ],
      [
        370.2523315493055,
        560.6042943990166
      ],
      [
        662.1077764854975,
        464.85169791841196
      ],
      [
        830.1263232236115,
        732.9104322327959
      ],
      [
        318.76663620763145,
        429.4856736645033
      ],
      [
        192.87147504423575,
        805.5672123363782
      ],
      [
        171.56166923023574,
        407.7308947608961
      ],
      [
        620.6205280735021,
        881.5154236229621
      ],
      [
        305.9051345629865,
        783.009447861163
      ],
      [
        945.5743342369401,
        563.0215815611134
      ],
      [
        140.28318261236484,
        347.58868042896063
      ],
      [
        831.269789248813,
        942.7663393164354
      ],
      [
        643.6032796022965,
        95.08876651142162
      ],
      [
        584.4233663264371,
        397.88305088720864
      ],
      [
        407.3347101476301,
        725.2974975237928
      ],
      [
        440.238907224288,
        54.84346467091572
      ]
    ],
    "delivery": [
      1.7423397678547394,
      1.823337754157364,
      0.0,
      1.6500049452624044,
      1.1819041953281855,
      1.7490846456942433,
      0.0,
      0.8816921117553941,
      0.0,
      0.0,
      0.8828241860076351,
      0.0,
      0.0,
      1.762223892147464,
      0.0,
      0.0,
      0.0,
      0.0,
      0.0,
      0.6486926403128828
    ],
    "pickup": [
      0.0,
      0.0,
      0.619931704927406,
      0.0,
      0.0,
      0.0,
      0.8978102664519929,
      0.0,
      1.5507772212094915,
      1.9932495211624173,
      0.0,
      1.0898103260810554,
      0.5270087110173671,
      0.0,
      1.4763206338691734,
      1.144826130181511,
      1.2532358744756231,
      0.6871259611252005,
      0.5168366554041744,
      0.0
    ],
    "service_duration_s": [
      60.0,
      60.0,
      60.0,
      60.0,
      60.0,
      60.0,
      60.0,
      60.0,
      60.0,
      60.0,
      60.0,
      60.0,
      60.0,
      60.0,
      60.0,
      60.0,
      60.0,
      60.0,
      60.0,
      60.0
    ],
    "tw_early_s": [
      0.0,
      22.148596582623156,
      0.0,
      139.49031987899298,
      0.0,
      312.23526498141496,
      17.01072093334767,
      135.52386378064108,
      0.0,
      324.65359713706096,
      0.0,
      221.209681203404,
      230.79619547823233,
      42.82863095669239,
      0.0,
      127.70768248182094,
      0.0,
      0.0,
      235.35363177902354,
      0.0
    ],
    "tw_late_s": [
      403.6391439798423,
      622.1485965826232,
      436.66874739995717,
      739.490319878993,
      413.95564733655726,
      912.235264981415,
      617.0107209333477,
      735.523863780641,
      319.44679983186074,
      924.653597137061,
      334.11529347674644,
      821.209681203404,
      830.7961954782323,
      642.8286309566925,
      339.0673007827358,
      727.7076824818209,
      519.9881545923184,
      543.1170764749261,
      835.3536317790235,
      504.80893214552793
    ],
    "bs_xy": [
      [
        985.9836115447184,
        183.94287961734835
      ],
      [
        489.1999954034225,
        883.1654482850362
      ],
      [
        349.0564093498113,
        133.18707403869544
      ],
      [
        100.1359356761089,
        549.7432086518787
      ]
    ],
    "speed_mps": 10.0,
    "capacity_kg": 6.0,
    "altitude_m": 100.0
  }
}