{
  "spec": {
    "run_id": "seed9_N10_M3_D10_B10_K10_lo0.0_lt5.0_twA",
    "seed": 9,
    "n_clients": 10,
    "num_uavs": 3,
    "delta_min": 10,
    "bs_count": 10,
    "edge_samples": 10,
    "lambda_out": 0.0,
    "lambda_tw": 5.0,
    "tw_family": "A",
    "tw_mode": "soft"
  },
  "scenario": {
    "depot_xy": [
      500.0,
      500.0
    ],
    "client_xy": [
      [
        764.7467785519387,
        29.499164761689457
      ],
      [
        385.8821409541529,
        237.8708635096848
      ],
      [
        219.8657282962575,
        736.2184694024254
      ],
      [
        857.3144805117103,
        508.8549419404589
      ],
      [
        994.0872630177029,
        572.2981524718738
      ],
      [
        154.66935479469367,
        88.28898177475708
      ],
      [
        503.9277616158759,
        352.20567092665675
      ],
      [
        627.8478885051757,
        153.92778553924603
      ],
      [
        82.70785201726395,
        656.7321546887965
      ],
      [
        744.9941667558327,
        707.2540110961352
      ]
    ],
    "delivery": [
      1.7649181825787592,
      0.9035085665766293,
      1.528510666280423,
      0.9665819361507559,
      1.7997396573071214,
      1.9680164772994753,
      1.7383313890462708,
      0.0,
      1.7664922778001966,
      0.0
    ],
    "pickup": [
      0.0,
      0.0,
      0.0,
      0.0,
      0.0,
      0.0,
      0.0,
      1.7611604835233197,
      0.0,
      0.8668636560063536
    ],
    "service_duration_s": [
      60.0,
      60.0,
      60.0,
      60.0,
      60.0,
      60.0,
      60.0,
      60.0,
      60.0,
      60.0
    ],
    "tw_early_s": [
      0.0,
      0.0,
      0.0,
      0.0,
      0.0,
      0.0,
      0.0,
      0.0,
      0.0,
      0.0
    ],
    "tw_late_s": [
      731.8278035896798,
      628.5892584636898,
      841.1179747860248,
      713.4396854074519,
      877.1098836722065,
      653.7363207752428,
      614.7846511685433,
      761.5072719196396,
      1028.6381050864716,
      859.6320658010331
    ],
    "bs_xy": [
      [
        350.00891991698427,
        615.4907113085794
      ],
      [
        17.55877985720222,
        85.7059526962356
      ],
      [
        372.52865120988474,
        835.0424741633267
      ],
      [
        69.66544107912942,
        832.5172827313578
      ],
      [
        963.1710800064756,
        188.0054355169276
      ],
      [
        421.0313253619695,
        784.9802434078765
      ],
      [
        916.325445348743,
        486.87714017558716
      ],
      [
        262.88170638099075,
        802.6992518747131
      ],
      [
        59.83292656660699,
        259.99704134749993
      ],
      [
        376.68159997723063,
        797.715522147799
      ]
    ],
    "speed_mps": 10.0,
    "capacity_kg": 6.0,
    "altitude_m": 100.0
  }
}