{
  "spec": {
    "run_id": "seed4_N20_M3_D5_B10_K10_lo1.0_lt1.0_twA",
    "seed": 4,
    "n_clients": 20,
    "num_uavs": 3,
    "delta_min": 5,
    "bs_count": 10,
    "edge_samples": 10,
    "lambda_out": 1.0,
    "lambda_tw": 1.0,
    "tw_family": "A",
    "tw_mode": "soft"
  },
  "scenario": {
    "depot_xy": [
      500.0,
      500.0
    ],
    "client_xy": [
      [
        902.5689141454576,
        789.7415680019708
      ],
      [
        842.1828037511046,
        882.7118514825312
      ],
      [
        696.9441988913113,
        705.0961426966016
      ],
      [
        544.9338150536098,
        204.2510069284077
      ],
      [
        506.3273936097621,
        947.8987325613905
      ],
      [
        383.96652770723136,
        359.87727032187735
      ],
      [
        703.8372826876582,
        820.2072566354685
      ],
      [
        289.7243581925577,
        774.9547058765672
      ],
      [
        643.8598468483326,
        583.1866897712982
      ],
      [
        92.70112733867674,
        56.19604957803925
      ],
      [
        175.0113639561226,
        862.2108241725497
      ],
      [
        807.7698861082115,
        464.48335899578376
      ],
      [
        280.7365533344728,
        575.4583900649557
      ],
      [
        835.1023256999549,
        502.86678168965193
      ],
      [
        14.784880078083207,
        679.0247313619467
      ],
      [
        449.1031186680373,
        19.737576998887228
      ],
      [
        470.7344816938677,
        691.107429154605
      ],
      [
        587.9674686129466,
        476.62185470558137
      ],
      [
        675.276104170813,
        428.993458059294
      ],
      [
        288.1428923261924,
        451.3300069949473
      ]
    ],
    "delivery": [
      0.0,
      0.0,
      0.0,
      0.0,
      0.0,
      0.0,
      0.0,
      0.0,
      0.0,
      0.0,
      0.0,
      0.0,
      0.0,
      0.0,
      1.5561234683784013,
      0.0,
      0.0,
      0.0,
      0.6244525683045536,
      0.0
    ],
    "pickup": [
      0.6715159181164317,
      0.5452466208073612,
      1.799857238096684,
      1.9253452025939282,
      1.639814417978322,
      1.7812943720275647,
      1.6805168951375282,
      1.0862680360811998,
      0.7751182192432774,
      0.7747356546679395,
      1.3547501837434215,
      1.343784753383951,
      0.6657348739356326,
      1.1687511211018622,
      0.0,
      1.5507129890019826,
      1.0806176046715943,
      0.509851429737632,
      0.0,
      1.0334930776973368
    ],
    "service_duration_s": [
      60.0,
      60.0,
      60.0,
      60.0,
      60.0,
      60.0,
      60.0,
      60.0,
      60.0,
      60.0,
      60.0,
      60.0,
      60.0,
      60.0,
      60.0,
      60.0,
      60.0,
      60.0,
      60.0,
      60.0
    ],
    "tw_early_s": [
      58.68868537081488,
      103.50917449199568,
      0.0,
      0.0,
      61.1002928848132,
      0.0,
      138.79401290502625,
      240.45182220701327,
      7.586017930691241,
      0.0,
      155.32203000458924,
      0.0,
      320.4216896724156,
      0.0,
      310.915608993772,
      0.0,
      205.30464202314732,
      0.0,
      0.0,
      0.0
    ],
    "tw_late_s": [
      658.6886853708149,
      703.5091744919957,
      570.2315604682087,
      467.8225427633436,
      661.1002928848131,
      318.1928958840436,
      738.7940129050262,
      840.4518222070133,
      607.5860179306912,
      360.2373902224626,
      755.3220300045892,
      564.8095238931869,
      920.4216896724156,
      485.7398511655585,
      910.915608993772,
      427.8005959154658,
      805.3046420231474,
      535.5527216169662,
      408.13255465744066,
      321.7375716884438
    ],
    "bs_xy": [
      [
        372.66621875246585,
        607.1845694228659
      ],
      [
        982.8221508721111,
        798.5305850694073
      ],
      [
        991.6043630067187,
        142.10336288095527
      ],
      [
        750.2355096866979,
        248.24899531179045
      ],
      [
        521.7445418107334,
        734.396199239313
      ],
      [
        254.56677048859498,
        499.79594427701403
      ],
      [
        71.62615870052159,
        876.5271498183566
      ],
      [
        423.2440452790388,
        667.5390217057113
      ],
      [
        414.3310156230414,
        341.62086120323187
      ],
      [
        274.5009090254701,
        389.1552712811083
      ]
    ],
    "speed_mps": 10.0,
    "capacity_kg": 6.0,
    "altitude_m": 100.0
  }
}