{
  "spec": {
    "run_id": "seed3_N40_M3_D2_B10_K10_lo1.0_lt1.0_twA",
    "seed": 3,
    "n_clients": 40,
    "num_uavs": 3,
    "delta_min": 2,
    "bs_count": 10,
    "edge_samples": 10,
    "lambda_out": 1.0,
    "lambda_tw": 1.0,
    "tw_family": "A",
    "tw_mode": "soft"
  },
  "scenario": {
    "depot_xy": [
      500.0,
      500.0
    ],
    "client_xy": [
      [
        665.524385717322,
        389.6038537272806
      ],
      [
        358.6476396273287,
        666.2741219760414
      ],
      [
        845.1635895010864,
        850.1781688755128
      ],
      [
        928.116537931867,
        974.6232033094592
      ],
      [
        150.32248138287352,
        715.5857862713992
      ],
      [
        120.50893672901164,
        179.6613122554125
      ],
      [
        942.948363070165,
        173.90623307207542
      ],
      [
        337.46806117527893,
        468.00742774180037
      ],
      [
        204.2920775306567,
        425.8556858663047
      ],
      [
        208.33374320734376,
        683.4180363889511
      ],
      [
        267.7555743983755,
        936.720758649475
      ],
      [
        301.0595144989692,
        958.813220611389
      ],
      [
        93.54121956648176,
        98.29104897326214
      ],
      [
        573.234836071823,
        421.90372255897046
      ],
      [
        822.7109823884128,
        204.2840010257878
      ],
      [
        760.1253617670678,
        737.8307421320596
      ],
      [
        175.86281548207694,
        975.8901590325082
      ],
      [
        399.4332024651276,
        169.97750656846168
      ],
      [
        531.4850507924561,
        550.7346810816576
      ],
      [
        11.741432677813357,
        836.9541048149646
      ],
      [
        633.7978582157358,
        96.90406089450143
      ],
      [
        383.57802764877556,
        401.2721516233321
      ],
      [
        523.477405961734,
        301.9377581609809
      ],
      [
        545.7479540184592,
        44.794654097204955
      ],
      [
        313.9361863375533,
        4.259314556454008
      ],
      [
        180.12506640824176,
        25.934563152889
      ],
      [
        645.3888087639161,
        781.3803935219635
      ],
      [
        155.1369589207653,
        461.8709258746409
      ],
      [
        287.2040929151051,
        847.1075158444208
      ],
      [
        475.0846670170339,
        983.6297030151325
      ],
      [
        611.2015791558161,
        712.969691942216
      ],
      [
        778.7002176949687,
        822.7183116938023
      ],
      [
        695.1214254516091,
        889.3960947276524
      ],
      [
        109.8132344353836,
        854.871037502912
      ],
      [
        849.7237812015723,
        819.9939547689407
      ],
      [
        190.2145085898924,
        61.460566402668945
      ],
      [
        392.6807058867372,
        551.5890506776449
      ],
      [
        192.66372362721873,
        437.2396706557867
      ],
      [
        97.28681894101521,
        171.57345622161512
      ],
      [
        509.02913406455053,
        134.30043958317518
      ]
    ],
    "delivery": [
      0.0,
      0.0,
      1.4131016852996061,
      0.0,
      0.668765367720626,
      1.5163257800485535,
      0.0,
      1.2611282818321596,
      0.7216030286998678,
      0.0,
      0.0,
      1.6748833046519882,
      1.5828823006490196,
      1.7441726282438441,
      0.0,
      0.0,
      1.9866952101622621,
      1.1692135335400025,
      0.0,
      1.1680961907340464,
      0.0,
      0.0,
      1.2784105822560483,
      1.462945105620486,
      0.6043545381654387,
      0.0,
      1.323269942245069,
      0.0,
      1.9518888250904822,
      0.7036068009275211,
      0.8357317903911975,
      1.0989235315037194,
      0.0,
      0.0,
      0.0,
      1.3500708891061253,
      0.0,
      0.0,
      0.0,
      0.0
    ],
    "pickup": [
      1.437875456649865,
      1.7126381064789467,
      0.0,
      1.7160978773549036,
      0.0,
      0.0,
      1.7758493596432374,
      0.0,
      0.0,
      0.5762311248945655,
      0.7768676821585894,
      0.0,
      0.0,
      0.0,
      1.0221774631355025,
      0.8698351014106056,
      0.0,
      0.0,
      0.8461036424735983,
      0.0,
      0.8922314636489433,
      1.7274733386739496,
      0.0,
      0.0,
      0.0,
      0.8075258187255653,
      0.0,
      0.5632468993964335,
      0.0,
      0.0,
      0.0,
      0.0,
      1.7915341658440513,
      1.3136691190195482,
      0.9640526194595356,
      0.0,
      0.5513380914433634,
      1.2943535487292803,
      0.8939405083776133,
      1.70458221518764
    ],
    "service_duration_s": [
      60.0,
      60.0,
      60.0,
      60.0,
      60.0,
      60.0,
      60.0,
      60.0,
      60.0,
      60.0,
      60.0,
      60.0,
      60.0,
      60.0,
      60.0,
      60.0,
      60.0,
      60.0,
      60.0,
      60.0,
      60.0,
      60.0,
      60.0,
      60.0,
      60.0,
      60.0,
      60.0,
      60.0,
      60.0,
      60.0,
      60.0,
      60.0,
      60.0,
      60.0,
      60.0,
      60.0,
      60.0,
      60.0,
      60.0,
      60.0
    ],
    "tw_early_s": [
      397.13855399047645,
      899.0825010601993,
      506.57527549487315,
      527.7492408078787,
      954.6285268383813,
      0.0,
      421.0942271806415,
      0.0,
      0.0,
      974.2113414844866,
      810.5513337497725,
      786.1726863880897,
      62.05522025664595,
      327.3607001869501,
      324.9957188827588,
      438.7162070463712,
      858.8082850167915,
      155.40832067234476,
      609.9412331147079,
      940.3115534788474,
      329.2346337789966,
      58.88650507867584,
      233.51922137370923,
      229.5497522748551,
      146.0168371585695,
      161.57976130918018,
      687.4370347196406,
      0.0,
      802.3668132885399,
      719.1423826787822,
      628.8464002117638,
      613.4796871098818,
      707.5535204958676,
      880.1228795591738,
      546.372107568413,
      71.83961511395532,
      1047.9086063283398,
      0.0,
      0.0,
      256.2093799751964
    ],
    "tw_late_s": [
      637.1385539904765,
      1139.0825010601993,
      746.5752754948732,
      767.7492408078787,
      1194.6285268383813,
      238.1172672577766,
      661.0942271806415,
      136.56507042478813,
      220.7901512841591,
      1214.2113414844866,
      1050.5513337497725,
      1026.1726863880897,
      302.05522025664595,
      567.3607001869501,
      564.9957188827589,
      678.7162070463712,
      1098.8082850167916,
      395.40832067234476,
      849.9412331147079,
      1180.3115534788474,
      569.2346337789966,
      298.88650507867584,
      473.51922137370923,
      469.5497522748551,
      386.0168371585695,
      401.5797613091802,
      927.4370347196406,
      154.69644699332702,
      1042.36681328854,
      959.1423826787822,
      868.8464002117638,
      853.4796871098818,
      947.5535204958676,
      1120.1228795591737,
      786.372107568413,
      311.83961511395535,
      1287.9086063283398,
      151.36788894938275,
      234.71741354974233,
      496.2093799751964
    ],
    "bs_xy": [
      [
        56.09682700777141,
        406.977882285109
      ],
      [
        1.1662465410287037,
        465.3998415547276
      ],
      [
        447.5438514343364,
        146.49748751424107
      ],
      [
        949.9798987408396,
        618.0316225741088
      ],
      [
        435.12004907550073,
        346.954638050753
      ],
      [
        675.0913013883982,
        375.0966716687251
      ],
      [
        620.0994246456135,
        139.9938806814448
      ],
      [
        113.25150193004785,
        576.6993215878475
      ],
      [
        135.62303618642767,
        223.2628720748747
      ],
      [
        766.499846756937,
        547.0129672058687
      ]
    ],
    "speed_mps": 10.0,
    "capacity_kg": 6.0,