{
  "spec": {
    "run_id": "seed7_N10_M3_D10_B4_K10_lo1.0_lt1.0_twA",
    "seed": 7,
    "n_clients": 10,
    "num_uavs": 3,
    "delta_min": 10,
    "bs_count": 4,
    "edge_samples": 10,
    "lambda_out": 1.0,
    "lambda_tw": 1.0,
    "tw_family": "A",
    "tw_mode": "soft"
  },
  "scenario": {
    "depot_xy": [
      500.0,
      500.0
    ],
    "client_xy": [
      [
        23.74278066602198,
        175.93723184807675
      ],
      [
        123.89236251723135,
        489.76738833426106
      ],
      [
        468.5266370800734,
        655.2742515185619
      ],
      [
        687.0067438723573,
        610.6933800336548
      ],
      [
        264.6340684415787,
        986.2505334382233
      ],
      [
        529.3883822030643,
        794.6124928679801
      ],
      [
        791.6037853826111,
        72.09092577454857
      ],
      [
        95.74424179308238,
        840.9157447489799
      ],
      [
        647.0748423900282,
        191.94321342237842
      ],
      [
        210.41208551949296,
        395.3296646111165
      ]
    ],
    "delivery": [
      0.0,
      1.3017196765759096,
      0.7979358811306343,
      0.0,
      0.9834719553057458,
      1.1627789787380591,
      0.5959573091435446,
      1.3854827626548318,
      0.0,
      0.0
    ],
    "pickup": [
      1.1143268796424426,
      0.0,
      0.0,
      0.5758022150049549,
      0.0,
      0.0,
      0.0,
      0.0,
      1.225729064739641,
      1.4063645594317884
    ],
    "service_duration_s": [
      60.0,
      60.0,
      60.0,
      60.0,
      60.0,
      60.0,
      60.0,
      60.0,
      60.0,
      60.0
    ],
    "tw_early_s": [
      0.0,
      0.0,
      0.0,
      0.0,
      0.0,
      0.0,
      0.0,
      0.0,
      0.0,
      0.0
    ],
    "tw_late_s": [
      657.60534842096,
      637.6246809042112,
      883.9649948874792,
      796.9105811154888,
      913.4297683375196,
      879.2311799856486,
      757.2955389739091,
      982.8420996786186,
      757.8259388983589,
      630.7923755698697
    ],
    "bs_xy": [
      [
        780.3629803161368,
        73.96567134632804
      ],
      [
        711.9775485205716,
        672.8479079582842
      ],
      [
        898.0418551526118,
        474.410714294167
      ],
      [
        641.8209514072984,
        622.0348803348875
      ]
    ],
    "speed_mps": 10.0,
    "capacity_kg": 6.0,
    "altitude_m": 100.0
  }
}