{
  "spec": {
    "run_id": "seed8_N20_M3_D2_B7_K10_lo1.0_lt5.0_twA",
    "seed": 8,
    "n_clients": 20,
    "num_uavs": 3,
    "delta_min": 2,
    "bs_count": 7,
    "edge_samples": 10,
    "lambda_out": 1.0,
    "lambda_tw": 5.0,
    "tw_family": "A",
    "tw_mode": "soft"
  },
  "scenario": {
    "depot_xy": [
      500.0,
      500.0
    ],
    "client_xy": [
      [
        664.957646957175,
        14.237690298393613
      ],
      [
        854.2077673296129,
        890.2770255085618
      ],
      [
        376.48014864938483,
        381.8468134288625
      ],
      [
        546.4682731402825,
        592.0922402265071
      ],
      [
        245.73106166942483,
        991.3438500949326
      ],
      [
        271.94187402308745,
        558.9697482380935
      ],
      [
        248.8973810869004,
        140.86016383464073
      ],
      [
        86.23159520714884,
        55.14059113686876
      ],
      [
        983.528271193004,
        422.8012711507449
      ],
      [
        148.96011817608124,
        884.0176993905778
      ],
      [
        625.160343885885,
        501.7083848138448
      ],
      [
        477.05591430939376,
        978.1228933574871
      ],
      [
        667.0765191264301,
        402.394622235423
      ],
      [
        248.51401855988064,
        598.0521753073998
      ],
      [
        671.2638358949482,
        93.39792140029756
      ],
      [
        110.57807539553765,
        133.0338315273042
      ],
      [
        47.13624945610528,
        373.6225793607176
      ],
      [
        511.6455283215867,
        520.892020515849
      ],
      [
        837.6606195827819,
        752.2296580536599
      ],
      [
        110.97768127428876,
        864.4856134453163
      ]
    ],
    "delivery": [
      1.6616684273477262,
      0.0,
      1.5241840915751579,
      0.5100449519974892,
      1.5700843405971954,
      0.0,
      1.4746643529109438,
      1.1661515112591403,
      0.6851913824311667,
      1.9795856347322185,
      0.0,
      0.753816352462285,
      1.0242638119427085,
      1.2818588219809957,
      0.0,
      0.9037848812093117,
      0.0,
      0.0,
      0.0,
      0.0
    ],
    "pickup": [
      0.0,
      0.5053386634070092,
      0.0,
      0.0,
      0.0,
      1.7855936146028133,
      0.0,
      0.0,
      0.0,
      0.0,
      1.9709351999801177,
      0.0,
      0.0,
      0.0,
      0.9940356042304118,
      0.0,
      1.1230153556010112,
      1.0783554173981853,
      0.6705406577555018,
      1.9935387301244392
    ],
    "service_duration_s": [
      60.0,
      60.0,
      60.0,
      60.0,
      60.0,
      60.0,
      60.0,
      60.0,
      60.0,
      60.0,
      60.0,
      60.0,
      60.0,
      60.0,
      60.0,
      60.0,
      60.0,
      60.0,
      60.0,
      60.0
    ],
    "tw_early_s": [
      3.821626869080376,
      224.1334039237467,
      0.0,
      308.8380938523446,
      424.37536744690703,
      512.9102878982742,
      7.362334332068201,
      19.103940579352354,
      115.63006655074821,
      418.15677256246386,
      238.8226260973011,
      322.8581268710727,
      116.68515505660449,
      523.7055195323283,
      137.73212031939477,
      0.0,
      0.0,
      310.33506512269616,
      215.60603475047185,
      421.18914617501787
    ],
    "tw_late_s": [
      243.82162686908038,
      464.1334039237467,
      137.09307730474302,
      548.8380938523446,
      664.375367446907,
      752.9102878982742,
      247.3623343320682,
      259.10394057935235,
      355.6300665507482,
      658.1567725624639,
      478.8226260973011,
      562.8581268710727,
      356.68515505660446,
      763.7055195323283,
      377.73212031939477,
      173.50828012244222,
      167.01668097644932,
      550.3350651226962,
      455.60603475047185,
      661.1891461750179
    ],
    "bs_xy": [
      [
        854.7014073763723,
        85.41043521928415
      ],
      [
        989.8162699219963,
        927.1884885642513
      ],
      [
        886.2916014204698,
        478.0739726787576
      ],
      [
        900.8287568750343,
        520.2196919492507
      ],
      [
        784.2486657577984,
        847.4427966963307
      ],
      [
        382.7089972471887,
        575.5681979332554
      ],
      [
        112.10603652628825,
        941.8064280302443
      ]
    ],
    "speed_mps": 10.0,
    "capacity_kg": 6.0,
    "altitude_m": 100.0
  }
}