{
  "spec": {
    "run_id": "seed10_N10_M3_D10_B4_K10_lo0.0_lt5.0_twA",
    "seed": 10,
    "n_clients": 10,
    "num_uavs": 3,
    "delta_min": 10,
    "bs_count": 4,
    "edge_samples": 10,
    "lambda_out": 0.0,
    "lambda_tw": 5.0,
    "tw_family": "A",
    "tw_mode": "soft"
  },
  "scenario": {
    "depot_xy": [
      500.0,
      500.0
    ],
    "client_xy": [
      [
        890.1436316081868,
        164.84199259996313
      ],
      [
        739.85266882989,
        942.0084283410243
      ],
      [
        222.36423299500063,
        324.90640611255117
      ],
      [
        862.970511613647,
        601.2979763455801
      ],
      [
        532.8898797501768,
        913.1406444447169
      ],
      [
        418.2270324227424,
        25.2524409692243
      ],
      [
        332.97843931811025,
        135.41174659560107
      ],
      [
        960.6967165061042,
        29.18248493764086
      ],
      [
        806.1472327061024,
        562.0298940164942
      ],
      [
        822.3886489938915,
        999.1299945982004
      ]
    ],
    "delivery": [
      0.0,
      0.0,
      1.3352312066251948,
      0.0,
      1.9485075342016702,
      1.5225768166216032,
      0.0,
      0.0,
      1.8685751174123906,
      0.0
    ],
    "pickup": [
      1.4186121012385517,
      1.1731223146911418,
      0.0,
      1.9147855031670384,
      0.0,
      0.0,
      1.744110801334009,
      1.6719261688061464,
      0.0,
      1.7589211655208437
    ],
    "service_duration_s": [
      60.0,
      60.0,
      60.0,
      60.0,
      60.0,
      60.0,
      60.0,
      60.0,
      60.0,
      60.0
    ],
    "tw_early_s": [
      0.0,
      0.0,
      0.0,
      0.0,
      0.0,
      0.0,
      0.0,
      0.0,
      0.0,
      0.0
    ],
    "tw_late_s": [
      755.8966607136865,
      872.9734921742225,
      632.8236783040654,
      890.399253004467,
      995.8084011112721,
      648.1738583707047,
      640.1024682847683,
      772.3590474025198,
      774.4016558493915,
      899.6001378187192
    ],
    "bs_xy": [
      [
        826.9943540980902,
        374.9973635825801
      ],
      [
        95.3199847315892,
        880.1661856279486
      ],
      [
        431.7670295230427,
        202.85048043596666
      ],
      [
        524.4244791403526,
        630.1929488212492
      ]
    ],
    "speed_mps": 10.0,
    "capacity_kg": 6.0,
    "altitude_m": 100.0
  }
}