{
  "spec": {
    "run_id": "seed4_N10_M3_D10_B10_K10_lo0.5_lt0.0_twA",
    "seed": 4,
    "n_clients": 10,
    "num_uavs": 3,
    "delta_min": 10,
    "bs_count": 10,
    "edge_samples": 10,
    "lambda_out": 0.5,
    "lambda_tw": 0.0,
    "tw_family": "A",
    "tw_mode": "soft"
  },
  "scenario": {
    "depot_xy": [
      500.0,
      500.0
    ],
    "client_xy": [
      [
        360.7360473594302,
        257.5308747531755
      ],
      [
        238.65110083583428,
        896.3451707602949
      ],
      [
        914.0556357304876,
        264.5126310470454
      ],
      [
        233.36487839412433,
        511.1296514594674
      ],
      [
        850.7687689047453,
        377.3188919884235
      ],
      [
        855.271108106717,
        811.2831178017462
      ],
      [
        51.44455657792679,
        387.28118361682937
      ],
      [
        733.2862400595375,
        55.68111206902204
      ],
      [
        668.531784808522,
        465.6710348356441
      ],
      [
        467.4763883476698,
        460.53157487778606
      ]
    ],
    "delivery": [
      0.0,
      0.0,
      1.5280342506190598,
      1.792255193123634,
      0.0,
      0.0,
      0.0,
      1.5076009737004985,
      1.953159295008664,
      0.8506802425487257
    ],
    "pickup": [
      1.9768663831187805,
      1.0932577919043074,
      0.0,
      0.0,
      1.3419994990750865,
      1.9649458700993774,
      0.6402177397649479,
      0.0,
      0.0,
      0.0
    ],
    "service_duration_s": [
      60.0,
      60.0,
      60.0,
      60.0,
      60.0,
      60.0,
      60.0,
      60.0,
      60.0,
      60.0
    ],
    "tw_early_s": [
      0.0,
      0.0,
      0.0,
      0.0,
      0.0,
      0.0,
      0.0,
      0.0,
      0.0,
      0.0
    ],
    "tw_late_s": [
      627.9617104632451,
      878.6622093041126,
      713.8847659554056,
      987.3307964489763,
      738.4078438391799,
      828.8769095646451,
      646.2501370149749,
      782.0701006646331,
      883.5773140431576,
      605.1142368898394
    ],
    "bs_xy": [
      [
        653.0399517663237,
        868.4673939556211
      ],
      [
        221.73727297541234,
        756.8358941064421
      ],
      [
        689.4233622686318,
        539.4722594448966
      ],
      [
        736.3844985561857,
        437.8258790861802
      ],
      [
        403.8998856044106,
        204.16015882521532
      ],
      [
        97.70311802368892,
        624.8764628265789
      ],
      [
        666.1771435747957,
        507.19285595031494
      ],
      [
        178.13038696616167,
        600.5846678732185
      ],
      [
        148.66684600908275,
        477.3603365895527
      ],
      [
        445.3119430683945,
        900.6866450507159
      ]
    ],
    "speed_mps": 10.0,
    "capacity_kg": 6.0,
    "altitude_m": 100.0
  }
}