{
  "spec": {
    "run_id": "seed8_N10_M3_D2_B4_K10_lo0.5_lt1.0_twA",
    "seed": 8,
    "n_clients": 10,
    "num_uavs": 3,
    "delta_min": 2,
    "bs_count": 4,
    "edge_samples": 10,
    "lambda_out": 0.5,
    "lambda_tw": 1.0,
    "tw_family": "A",
    "tw_mode": "soft"
  },
  "scenario": {
    "depot_xy": [
      500.0,
      500.0
    ],
    "client_xy": [
      [
        651.4196340827219,
        420.68146430431074
      ],
      [
        840.5349994091625,
        778.7236188295946
      ],
      [
        879.9516530842308,
        796.1843833793776
      ],
      [
        13.695782643512565,
        111.0352012486293
      ],
      [
        383.36942272167806,
        877.0859291016604
      ],
      [
        105.10020086035621,
        549.9707144356513
      ],
      [
        865.4049952130293,
        570.2541420353192
      ],
      [
        277.8292144762363,
        445.5464074352161
      ],
      [
        375.0041523033646,
        603.0980161204915
      ],
      [
        223.17390196735377,
        770.8249662814512
      ]
    ],
    "delivery": [
      0.0,
      0.0,
      1.0173192678634706,
      1.9440444215324555,
      0.0,
      0.5913429286134909,
      0.0,
      0.535631572514781,
      0.0,
      1.744450063313852
    ],
    "pickup": [
      1.6616540810949367,
      1.182368205491385,
      0.0,
      0.0,
      1.921036918400359,
      0.0,
      0.6493288336307319,
      0.0,
      1.7144371275562178,
      0.0
    ],
    "service_duration_s": [
      60.0,
      60.0,
      60.0,
      60.0,
      60.0,
      60.0,
      60.0,
      60.0,
      60.0,
      60.0
    ],
    "tw_early_s": [
      0.0,
      0.0,
      112.71827073448284,
      0.0,
      140.08160802475146,
      243.02786787369462,
      22.94107611426,
      0.0,
      107.34122682934245,
      238.4449863376293
    ],
    "tw_late_s": [
      137.09366423288282,
      237.5854912871984,
      352.71827073448287,
      182.27241817100088,
      380.08160802475146,
      483.0278678736946,
      262.94107611426,
      142.87466976449227,
      347.3412268293424,
      478.4449863376293
    ],
    "bs_xy": [
      [
        909.9727510350987,
        638.0111419223023
      ],
      [
        205.3637591303037,
        215.37076595556738
      ],
      [
        50.29389531703432,
        395.3189637751181
      ],
      [
        278.10947128446793,
        148.55124227961426
      ]
    ],
    "speed_mps": 10.0,
    "capacity_kg": 6.0,
    "altitude_m": 100.0
  }
}