{
  "spec": {
    "run_id": "seed10_N40_M3_D5_B10_K10_lo0.0_lt1.0_twA",
    "seed": 10,
    "n_clients": 40,
    "num_uavs": 3,
    "delta_min": 5,
    "bs_count": 10,
    "edge_samples": 10,
    "lambda_out": 0.0,
    "lambda_tw": 1.0,
    "tw_family": "A",
    "tw_mode": "soft"
  },
  "scenario": {
    "depot_xy": [
      500.0,
      500.0
    ],
    "client_xy": [
      [
        854.9335913393702,
        753.1865977495785
      ],
      [
        684.2567085377231,
        656.7210683411666
      ],
      [
        761.8249390532734,
        364.60864475235223
      ],
      [
        673.2040875952113,
        390.9503137579112
      ],
      [
        387.1827031226991,
        464.30517473402466
      ],
      [
        384.8314158903475,
        269.2218807242053
      ],
      [
        766.6023299998915,
        87.82146872956164
      ],
      [
        45.780506771485705,
        176.31574965596363
      ],
      [
        718.7014353974405,
        695.9554291961782
      ],
      [
        309.42835922526535,
        285.987726406109
      ],
      [
        879.8094675878759,
        410.8666742672479
      ],
      [
        185.19290953104806,
        864.5901182232265
      ],
      [
        520.8788807747472,
        159.29870014561487
      ],
      [
        721.585765945897,
        552.8576529092962
      ],
      [
        242.04281476044244,
        534.159781507349
      ],
      [
        168.59210602411312,
        325.15679200413075
      ],
      [
        77.42866554768734,
        833.7313565182332
      ],
      [
        425.6530652729957,
        139.50687531625306
      ],
      [
        430.73434422580203,
        987.5847754992876
      ],
      [
        372.38926827538177,
        399.5788815128031
      ],
      [
        308.86129056275814,
        150.07937536228255
      ],
      [
        726.6454170632695,
        181.47307551315606
      ],
      [
        189.38364724088396,
        436.00269811441115
      ],
      [
        739.6833284564099,
        303.85385875166025
      ],
      [
        716.4073836926194,
        690.9510342113336
      ],
      [
        619.3389129869511,
        804.9156334169752
      ],
      [
        236.00657941809254,
        817.094873890363
      ],
      [
        687.6447019291298,
        28.686044833948433
      ],
      [
        781.9009249855839,
        299.64679054452347
      ],
      [
        938.9244529494352,
        83.49032958345603
      ],
      [
        328.48042830968694,
        4.5122190207158575
      ],
      [
        536.4269556933358,
        636.327563600023
      ],
      [
        493.84379404938375,
        484.9587131980742
      ],
      [
        686.9832872087935,
        970.4365636662076
      ],
      [
        804.7994036676583,
        623.2574112337904
      ],
      [
        354.94027992573587,
        785.8234368719964
      ],
      [
        593.2291346431616,
        460.82298275901024
      ],
      [
        300.21024149932464,
        808.6751529324152
      ],
      [
        403.3823407989893,
        611.8795559210514
      ],
      [
        549.8334566940161,
        771.8458282547409
      ]
    ],
    "delivery": [
      0.0,
      0.0,
      0.7408559257200621,
      1.2087804126001653,
      0.0,
      0.0,
      0.0,
      1.1001046282633165,
      0.0,
      0.0,
      0.0,
      1.442262201626188,
      0.0,
      1.2471661348027843,
      0.6026476674451999,
      0.0,
      1.6761790146693403,
      0.9592856318954879,
      0.605706791639302,
      0.6734137468445192,
      0.0,
      1.3265223732232785,
      0.0,
      0.6594011438450461,
      0.0,
      1.8250847304878606,
      1.1534439021968972,
      0.0,
      0.9776227271657978,
      0.0,
      0.0,
      1.3243305519599535,
      0.0,
      1.4625961780074972,
      1.8379495983169716,
      0.0,
      0.0,
      1.8051241555332274,
      0.0,
      0.9699360082462984
    ],
    "pickup": [
      0.7511993975523429,
      1.5481060271596836,
      0.0,
      0.0,
      0.95974477175866,
      1.3840750613160275,
      0.821300579448188,
      0.0,
      0.7236659727190515,
      0.5016549016247063,
      1.215192620510104,
      0.0,
      1.117906324005512,
      0.0,
      0.0,
      1.7775715938612735,
      0.0,
      0.0,
      0.0,
      0.0,
      0.8280864236510086,
      0.0,
      1.1758076678874476,
      0.0,
      1.4675608283348074,
      0.0,
      0.0,
      1.2792810130086907,
      0.0,
      1.5897048243961795,
      0.9313038003074336,
      0.0,
      1.9353084598735064,
      0.0,
      0.0,
      0.9873155518996279,
      1.2186266008888333,
      0.0,
      1.8376432803095628,
      0.0
    ],
    "service_duration_s": [
      60.0,
      60.0,
      60.0,
      60.0,
      60.0,
      60.0,
      60.0,
      60.0,
      60.0,
      60.0,
      60.0,
      60.0,
      60.0,
      60.0,
      60.0,
      60.0,
      60.0,
      60.0,
      60.0,
      60.0,
      60.0,
      60.0,
      60.0,
      60.0,
      60.0,
      60.0,
      60.0,
      60.0,
      60.0,
      60.0,
      60.0,
      60.0,
      60.0,
      60.0,
      60.0,
      60.0,
      60.0,
      60.0,
      60.0,
      60.0
    ],
    "tw_early_s": [
      439.94796178294894,
      318.17418147135265,
      167.88723041202672,
      264.86939285275616,
      0.0,
      0.0,
      19.65055287523154,
      0.0,
      514.7244995934693,
      0.0,
      345.62570381059527,
      756.1287331601286,
      0.0,
      247.1373940800163,
      849.6572462716222,
      0.0,
      711.3105953909029,
      0.0,
      549.4841782508024,
      0.0,
      0.0,
      72.59118909947784,
      0.0,
      101.4208597593244,
      388.2577651076132,
      463.2278078187212,
      635.365775755135,
      78.51342560774759,
      145.63657068840337,
      164.2321003208295,
      0.0,
      593.9024734976531,
      0.0,
      409.5469158498357,
      317.1242230894172,
      677.4155399940767,
      230.4508426720373,
      578.9141602488095,
      661.1341937944545,
      493.6816120777768
    ],
    "tw_late_s": [
      1039.9479617829488,
      918.1741814713527,
      767.8872304120267,
      864.8693928527562,
      311.8329468119609,
      451.5674225488189,
      619.6505528752316,
      421.3888279675515,
      1114.7244995934693,
      412.0883287048848,
      945.6257038105953,
      1356.1287331601286,
      591.8953995810477,
      847.1373940800163,
      1449.6572462716222,
      337.4701667425993,
      1311.310595390903,
      525.1660951628298,
      1149.4841782508024,
      378.4724789857977,
      507.8274070020435,
      672.5911890994778,
      331.71406206243705,
      701.4208597593245,
      988.2577651076132,
      1063.2278078187212,
      1235.365775755135,
      678.5134256077476,
      745.6365706884034,
      764.2321003208294,
      582.5157382793884,
      1193.902473497653,
      499.2173733224782,
      1009.5469158498357,
      917.1242230894172,
      1277.4155399940767,
      830.4508426720373,
      1178.9141602488094,
      1261.1341937944544,
      1093.6816120777767
    ],
    "bs_xy": [
      [
        294.45003194432053,
        227.64328698536107
      ],
      [
        457.2574122990253,
        692.9835480124091
      ],
      [
        671.7255032160148,
        289.85288843128086
      ],
      [
        961.7828617232472,
        617.5660257466378
      ],
      [
        165.344668796394,
        402.0862498200298
      ],
      [
        10.792607595632276,
        932.3689075702018
      ],
      [
        669.3361574957459,
        760.467589528016
      ],
      [
        769.6531856164411,
        689.6407087082771
      ],
      [
        27.744390006101515,
        203.11887028732679
      ],
      [
        973.5751271404713,
        110.4072372862721
      ]
    ],
    "speed_mps": 10.0,
    "capacity_kg": 6.0,
    "altitude_m": 100.0
  }
}