{
  "spec": {
    "run_id": "seed6_N10_M3_D5_B4_K10_lo0.5_lt1.0_twA",
    "seed": 6,
    "n_clients": 10,
    "num_uavs": 3,
    "delta_min": 5,
    "bs_count": 4,
    "edge_samples": 10,
    "lambda_out": 0.5,
    "lambda_tw": 1.0,
    "tw_family": "A",
    "tw_mode": "soft"
  },
  "scenario": {
    "depot_xy": [
      500.0,
      500.0
    ],
    "client_xy": [
      [
        244.010043668892,
        723.1486306821234
      ],
      [
        655.224967665151,
        991.1889960124058
      ],
      [
        371.41243866463424,
        865.4872421764123
      ],
      [
        666.9901699830443,
        991.8891420951152
      ],
      [
        945.213726554696,
        669.881239413569
      ],
      [
        523.4661332848791,
        641.89557403842
      ],
      [
        800.1157773830419,
        371.09362060013297
      ],
      [
        489.0221793979773,
        221.35942084685857
      ],
      [
        261.40853226733975,
        864.4828558440336
      ],
      [
        347.4676763540243,
        954.3640197155734
      ]
    ],
    "delivery": [
      1.0059959922573678,
      0.0,
      0.7498022982270298,
      0.0,
      0.0,
      1.0839203860957238,
      0.0,
      0.0,
      1.017096113561021,
      0.0
    ],
    "pickup": [
      0.0,
      0.8097108877650514,
      0.0,
      1.416536590394255,
      1.089762613577626,
      0.0,
      0.5467862817093752,
      0.9382560726352758,
      0.0,
      1.9590834505600871
    ],
    "service_duration_s": [
      60.0,
      60.0,
      60.0,
      60.0,
      60.0,
      60.0,
      60.0,
      60.0,
      60.0,
      60.0
    ],
    "tw_early_s": [
      44.46965913609108,
      0.0,
      0.0,
      0.0,
      0.0,
      0.0,
      0.0,
      0.0,
      0.0,
      0.0
    ],
    "tw_late_s": [
      644.4696591360911,
      456.3426684951188,
      547.3830426125669,
      466.9671931300046,
      347.65237641685985,
      449.91988520261305,
      332.66287410565855,
      327.88567461905274,
      544.3029165222451,
      559.1390377685246
    ],
    "bs_xy": [
      [
        218.5662364113773,
        691.3588494827621
      ],
      [
        309.27099221012236,
        555.3188508758432
      ],
      [
        50.11295182776809,
        804.8136514039867
      ],
      [
        887.324812815946,
        643.9950248388103
      ]
    ],
    "speed_mps": 10.0,
    "capacity_kg": 6.0,
    "altitude_m": 100.0
  }
}