{
  "spec": {
    "run_id": "seed4_N40_M3_D2_B7_K10_lo0.5_lt5.0_twA",
    "seed": 4,
    "n_clients": 40,
    "num_uavs": 3,
    "delta_min": 2,
    "bs_count": 7,
    "edge_samples": 10,
    "lambda_out": 0.5,
    "lambda_tw": 5.0,
    "tw_family": "A",
    "tw_mode": "soft"
  },
  "scenario": {
    "depot_xy": [
      500.0,
      500.0
    ],
    "client_xy": [
      [
        75.05901455391539,
        759.3103187684137
      ],
      [
        110.61489687396853,
        972.3464597409392
      ],
      [
        641.3883729412247,
        179.52595399691617
      ],
      [
        534.4295638290373,
        842.134385975125
      ],
      [
        63.68307026088027,
        303.4071799694734
      ],
      [
        941.1711881759641,
        921.657838880646
      ],
      [
        351.14018673159376,
        267.39455121679043
      ],
      [
        871.1266246381377,
        384.71652345580185
      ],
      [
        845.4546800613201,
        38.908249173920325
      ],
      [
        901.2414606733348,
        408.1805890552308
      ],
      [
        70.68778198396252,
        222.90543165860166
      ],
      [
        712.5549573094522,
        55.99204453143414
      ],
      [
        487.6082098069374,
        156.5693091326772
      ],
      [
        756.1326827311251,
        86.17351065412271
      ],
      [
        750.1098253894871,
        901.7577692585655
      ],
      [
        967.9490765011303,
        853.9484154857157
      ],
      [
        64.79752880455503,
        593.8388812298842
      ],
      [
        312.83329672576934,
        579.2891975926274
      ],
      [
        530.7496386385324,
        378.8723151525072
      ],
      [
        540.1616072730889,
        595.8672623070555
      ],
      [
        795.1752542927784,
        126.38327000109196
      ],
      [
        228.91627402035454,
        812.4603452699156
      ],
      [
        24.52110806485419,
        462.36317660228497
      ],
      [
        230.26468856491155,
        884.0776298751231
      ],
      [
        42.90839951498049,
        217.87508335143224
      ],
      [
        97.62830488659525,
        857.9538604802467
      ],
      [
        937.0124389200188,
        248.20776878639407
      ],
      [
        271.97256199213007,
        580.0258524535764
      ],
      [
        614.3433801680327,
        288.70017929982015
      ],
      [
        758.829592503073,
        804.5957854690389
      ],
      [
        323.7332670303654,
        38.49782038431615
      ],
      [
        972.8975254590557,
        53.25514141182297
      ],
      [
        533.7911526695178,
        752.2709468801789
      ],
      [
        299.3194566231001,
        23.9064389734025
      ],
      [
        700.6174020879095,
        571.3033772297812
      ],
      [
        167.0396273096234,
        465.5819365425081
      ],
      [
        839.6716449961774,
        222.99566655911363
      ],
      [
        501.37368194630307,
        856.3745211533895
      ],
      [
        539.385792818611,
        142.03475738638426
      ],
      [
        989.4363988829919,
        947.2003352365327
      ]
    ],
    "delivery": [
      0.0,
      0.0,
      0.0,
      0.0,
      0.0,
      0.0,
      0.0,
      0.8407784102745686,
      0.0,
      1.4965343368839445,
      1.8817195675233205,
      0.0,
      0.0,
      0.0,
      0.9328074209554691,
      0.0,
      0.0,
      0.0,
      0.7943079786540348,
      1.2735246641497187,
      0.6665180754568023,
      0.0,
      0.0,
      0.0,
      1.2564686519983146,
      1.7325565560323994,
      1.8450865807580519,
      0.0,
      0.7591895526716926,
      0.0,
      0.0,
      0.0,
      0.0,
      0.8571094055975268,
      1.8670348611964702,
      0.0,
      1.361581808105834,
      0.6256322518489796,
      0.0,
      1.092189423286717
    ],
    "pickup": [
      1.4271520261862474,
      0.8141793902966892,
      1.4745357608534744,
      1.7701635524168942,
      1.1516963927318828,
      1.8889349315196187,
      0.6440672476202793,
      0.0,
      1.3528539664308417,
      0.0,
      0.0,
      1.6222361347916272,
      0.8322813972919305,
      1.5145533487822052,
      0.0,
      1.3766482560592888,
      1.939316030126152,
      0.6104450488212955,
      0.0,
      0.0,
      0.0,
      1.7673964851937973,
      0.6484906716590729,
      0.7205893863205723,
      0.0,
      0.0,
      0.0,
      1.4376710961756944,
      0.0,
      0.5001630278564095,
      0.5672781780926144,
      0.9064702085448819,
      0.555027593005025,
      0.0,
      0.0,
      1.0963862554769674,
      0.0,
      0.0,
      1.2999784010823194,
      0.0
    ],
    "service_duration_s": [
      60.0,
      60.0,
      60.0,
      60.0,
      60.0,
      60.0,
      60.0,
      60.0,
      60.0,
      60.0,
      60.0,
      60.0,
      60.0,
      60.0,
      60.0,
      60.0,
      60.0,
      60.0,
      60.0,
      60.0,
      60.0,
      60.0,
      60.0,
      60.0,
      60.0,
      60.0,
      60.0,
      60.0,
      60.0,
      60.0,
      60.0,
      60.0,
      60.0,
      60.0,
      60.0,
      60.0,
      60.0,
      60.0,
      60.0,
      60.0
    ],
    "tw_early_s": [
      969.0813525085794,
      887.483061342836,
      169.9550319770242,
      783.1463884770661,
      0.0,
      628.5591659388506,
      16.82657598853376,
      421.34557752381,
      343.8573888696776,
      501.79041057995164,
      0.0,
      270.4580633749593,
      94.4066088682228,
      244.74723779875006,
      700.7694085510466,
      529.2572833672398,
      1045.6602833338322,
      998.9426863549254,
      190.73345060222528,
      740.2261944735023,
      347.32893280238216,
      914.161473549882,
      0.0,
      786.9388431242895,
      12.214469650378135,
      860.4572977706824,
      426.0262575969275,
      953.2658176445436,
      263.0293554925277,
      610.743707145332,
      90.8949547969728,
      326.6722500168623,
      693.8478600482347,
      104.36574726249705,
      526.0604162160688,
      0.0,
      422.27521195877125,
      826.5641015776721,
      191.1213346014838,
      616.409146733323
    ],
    "tw_late_s": [
      1209.0813525085794,
      1127.483061342836,
      409.9550319770242,
      1023.1463884770661,
      167.85615948491133,
      868.5591659388506,
      256.82657598853376,
      661.34557752381,
      583.8573888696776,
      741.7904105799516,
      239.5839048947007,
      510.4580633749593,
      334.4066088682228,
      484.74723779875006,
      940.7694085510466,
      769.2572833672398,
      1285.6602833338322,
      1238.9426863549254,
      430.7334506022253,
      980.2261944735023,
      587.3289328023822,
      1154.161473549882,
      167.69661488526674,
      1026.9388431242896,
      252.21446965037813,
      1100.4572977706825,
      666.0262575969275,
      1193.2658176445436,
      503.0293554925277,
      850.743707145332,
      330.8949547969728,
      566.6722500168623,
      933.8478600482347,
      344.36574726249705,
      766.0604162160688,
      153.47345409040997,
      662.2752119587713,
      1066.564101577672,
      431.1213346014838,
      856.409146733323
    ],
    "bs_xy": [
      [
        576.6104572386922,
        541.5245049129618
      ],
      [
        617.4318528618916,
        673.5542652060102
      ],
      [
        517.5048672937273,
        845.3034481894164
      ],
      [
        676.5806639861296,
        477.38338780970304
      ],
      [
        127.42137056755698,
        485.8066129214637
      ],
      [
        925.8348962966758,
        295.15147182416956
      ],
      [
        941.3771070885981,
        822.5335644808081
      ]
    ],
    "speed_mps": 10.0,
    "capacity_kg": 6.0,
    "altitude_m": 100.0
  }
}