{
  "spec": {
    "run_id": "seed6_N10_M3_D2_B4_K10_lo0.0_lt5.0_twA",
    "seed": 6,
    "n_clients": 10,
    "num_uavs": 3,
    "delta_min": 2,
    "bs_count": 4,
    "edge_samples": 10,
    "lambda_out": 0.0,
    "lambda_tw": 5.0,
    "tw_family": "A",
    "tw_mode": "soft"
  },
  "scenario": {
    "depot_xy": [
      500.0,
      500.0
    ],
    "client_xy": [
      [
        234.03774624974628,
        76.78860088311413
      ],
      [
        590.503897893857,
        84.37320035636387
      ],
      [
        934.6677349221177,
        269.86267418083855
      ],
      [
        4.813655585076515,
        488.4657630195605
      ],
      [
        371.49328632948055,
        714.5687891337216
      ],
      [
        194.0564313682478,
        554.7675191255086
      ],
      [
        654.4782603230104,
        394.5733409604919
      ],
      [
        600.4027291827723,
        764.8648368711252
      ],
      [
        737.6990239350124,
        242.77203016082848
      ],
      [
        476.80980100815697,
        883.5124533878846
      ]
    ],
    "delivery": [
      1.2389286978343348,
      0.0,
      0.0,
      0.0,
      0.0,
      0.0,
      0.8533590109496492,
      0.958055990112084,
      1.4055943770982395,
      1.2131515051184332
    ],
    "pickup": [
      0.0,
      1.8375464136098163,
      0.9228368036654796,
      1.1111886338621402,
      1.1442870875308906,
      0.7544820163168882,
      0.0,
      0.0,
      0.0,
      0.0
    ],
    "service_duration_s": [
      60.0,
      60.0,
      60.0,
      60.0,
      60.0,
      60.0,
      60.0,
      60.0,
      60.0,
      60.0
    ],
    "tw_early_s": [
      0.0,
      0.0,
      21.633328867449535,
      0.0,
      153.3918815440544,
      286.5584219717259,
      42.687069723945285,
      180.81367400308227,
      66.82930854683843,
      154.70894369024916
    ],
    "tw_late_s": [
      169.984378435906,
      162.5366421001932,
      261.63332886744956,
      169.5320658076903,
      393.3918815440544,
      526.5584219717259,
      282.6870697239453,
      420.81367400308227,
      306.82930854683843,
      394.70894369024916
    ],
    "bs_xy": [
      [
        915.624718472018,
        674.8964458904333
      ],
      [
        518.1841115082248,
        432.4139938483769
      ],
      [
        489.7680403030705,
        876.5532005707564
      ],
      [
        527.6879634961579,
        949.7373198305402
      ]
    ],
    "speed_mps": 10.0,
    "capacity_kg": 6.0,
    "altitude_m": 100.0
  }
}