{
  "spec": {
    "run_id": "seed2_N40_M3_D5_B4_K10_lo1.0_lt5.0_twA",
    "seed": 2,
    "n_clients": 40,
    "num_uavs": 3,
    "delta_min": 5,
    "bs_count": 4,
    "edge_samples": 10,
    "lambda_out": 1.0,
    "lambda_tw": 5.0,
    "tw_family": "A",
    "tw_mode": "soft"
  },
  "scenario": {
    "depot_xy": [
      500.0,
      500.0
    ],
    "client_xy": [
      [
        895.5413377422076,
        719.3753467706401
      ],
      [
        160.5708770121126,
        78.00399319254304
      ],
      [
        700.8174364266443,
        589.4332488035209
      ],
      [
        575.9148336781376,
        122.21131352036451
      ],
      [
        872.3867697248604,
        166.91216850452818
      ],
      [
        721.47481721295,
        538.2491927246483
      ],
      [
        618.6840939400282,
        858.9772455076991
      ],
      [
        66.91064145334391,
        691.0973266313591
      ],
      [
        696.9754273940289,
        403.8558562172595
      ],
      [
        148.40253990625152,
        142.5854856739781
      ],
      [
        178.71064442797524,
        500.01163358945354
      ],
      [
        636.5444513239211,
        986.8940591500889
      ],
      [
        302.79899111980967,
        376.07352842183053
      ],
      [
        158.81488142306176,
        867.2333132924808
      ],
      [
        562.8112109049503,
        216.1163604073536
      ],
      [
        99.54842858979163,
        415.58874454095763
      ],
      [
        64.24815315180699,
        156.9210861591005
      ],
      [
        465.3969821145384,
        393.1788389918071
      ],
      [
        949.4992405968088,
        908.3821149105815
      ],
      [
        969.9076276973858,
        723.2428194517659
      ],
      [
        352.0476576835101,
        480.2223036965016
      ],
      [
        450.3818126888538,
        913.6535421503
      ],
      [
        86.31886936579636,
        321.2899231614963
      ],
      [
        997.0199920080566,
        237.1776610281279
      ],
      [
        568.926675988804,
        543.9184427642299
      ],
      [
        668.9492059982716,
        983.7039459080555
      ],
      [
        225.32686221624675,
        576.0368801440907
      ],
      [
        255.8460956063817,
        468.5251164968214
      ],
      [
        743.4870678973383,
        963.14012845272
      ],
      [
        981.1650902311585,
        696.9019115967253
      ],
      [
        582.8102955286099,
        989.4549855562791
      ],
      [
        773.5891073953562,
        208.10236231968338
      ],
      [
        790.6543950308993,
        119.40934923175395
      ],
      [
        4.45235992662274,
        414.16614521706606
      ],
      [
        36.59310082676737,
        370.926060141714
      ],
      [
        673.7805424271024,
        602.8244280293858
      ],
      [
        566.4299254112875,
        334.9430923976642
      ],
      [
        690.0858880577647,
        209.1549641789816
      ],
      [
        944.7210167370602,
        49.352395158815845
      ],
      [
        664.6707356938276,
        613.7736782679817
      ]
    ],
    "delivery": [
      0.0,
      0.0,
      0.0,
      0.7718074692002966,
      0.0,
      0.0,
      1.069347403255939,
      1.1658337602485351,
      0.0,
      0.0,
      0.5528199753823575,
      0.0,
      1.2830005743856985,
      1.5663179618134626,
      1.5137928476118176,
      1.3467826410050872,
      0.0,
      1.4591916964736782,
      0.0,
      0.0,
      0.8101572135408325,
      1.683119603100074,
      1.8128404013782318,
      0.0,
      1.7767020631545554,
      1.0953126686954655,
      1.0740399965102,
      0.0,
      0.0,
      0.0,
      0.0,
      0.0,
      1.2179321576787352,
      1.3578918500250854,
      1.45384526458035,
      0.0,
      0.0,
      0.0,
      1.8200934506373545,
      1.9687909507902603
    ],
    "pickup": [
      0.6927996673863952,
      1.1057421948417436,
      1.4238654769183303,
      0.0,
      1.010619726825216,
      1.2750686392463897,
      0.0,
      0.0,
      1.5274041748635037,
      1.336840769253593,
      0.0,
      0.9789111231510614,
      0.0,
      0.0,
      0.0,
      0.0,
      0.7195820081865385,
      0.0,
      1.2395556395921372,
      1.4234871476778321,
      0.0,
      0.0,
      0.0,
      1.5528206307363535,
      0.0,
      0.0,
      0.0,
      0.5590779190809687,
      1.2647910481832019,
      0.7005064945211912,
      1.315546424890352,
      1.5192598787961742,
      0.0,
      0.0,
      0.0,
      1.34526875406414,
      0.8924482860588185,
      1.3926124672677949,
      0.0,
      0.0
    ],
    "service_duration_s": [
      60.0,
      60.0,
      60.0,
      60.0,
      60.0,
      60.0,
      60.0,
      60.0,
      60.0,
      60.0,
      60.0,
      60.0,
      60.0,
      60.0,
      60.0,
      60.0,
      60.0,
      60.0,
      60.0,
      60.0,
      60.0,
      60.0,
      60.0,
      60.0,
      60.0,
      60.0,
      60.0,
      60.0,
      60.0,
      60.0,
      60.0,
      60.0,
      60.0,
      60.0,
      60.0,
      60.0,
      60.0,
      60.0,
      60.0,
      60.0
    ],
    "tw_early_s": [
      409.78139560160423,
      0.0,
      350.61555456966653,
      4.391218516890831,
      231.58554361383665,
      331.6686576355305,
      608.2376615173246,
      780.3936689591931,
      272.0538386811712,
      0.0,
      908.9593049279615,
      702.9344993676875,
      0.0,
      812.1832796629251,
      77.38041245689567,
      0.0,
      0.0,
      0.0,
      514.789268076344,
      422.6430830950685,
      0.0,
      685.933750149816,
      0.0,
      234.9292477994686,
      526.5683555139725,
      592.164481452758,
      786.5089570126827,
      0.0,
      631.9796043599093,
      340.9290048065674,
      660.7975494786314,
      152.39777354814652,
      162.13213210688536,
      0.0,
      0.0,
      413.6327010994222,
      68.10713800952306,
      78.74190771567271,
      168.8044940686408,
      495.16898061489894
    ],
    "tw_late_s": [
      1009.7813956016042,
      574.8513268579904,
      950.6155545696665,
      604.3912185168908,
      831.5855436138366,
      931.6686576355305,
      1208.2376615173246,
      1380.393668959193,
      872.0538386811712,
      501.5914675576803,
      1508.9593049279615,
      1302.9344993676875,
      481.82493070666396,
      1412.183279662925,
      677.3804124568957,
      401.1193171022063,
      489.8904978953241,
      596.4456381863522,
      1114.789268076344,
      1022.6430830950685,
      314.9268392059435,
      1285.933750149816,
      422.67331275191077,
      834.9292477994686,
      1126.5683555139726,
      1192.164481452758,
      1386.5089570126827,
      324.61743230359065,
      1231.9796043599094,
      940.9290048065674,
      1260.7975494786315,
      752.3977735481465,
      762.1321321068854,
      350.2926350680884,
      408.31205244427275,
      1013.6327010994222,
      668.107138009523,
      678.7419077156727,
      768.8044940686408,
      1095.1689806148988
    ],
    "bs_xy": [
      [
        674.7932944874545,
        752.5864683948018
      ],
      [
        942.2965549325095,
        807.9755012541154
      ],
      [
        471.26106196451525,
        522.6898392676128
      ],
      [
        264.78555779799353,
        359.30344470018514
      ]
    ],
    "speed_mps": 10.0,
    "capacity_kg": 6.0,
    "altitude_m": 100.0
  }
}