{
  "spec": {
    "run_id": "seed4_N10_M3_D2_B4_K10_lo0.0_lt0.0_twA",
    "seed": 4,
    "n_clients": 10,
    "num_uavs": 3,
    "delta_min": 2,
    "bs_count": 4,
    "edge_samples": 10,
    "lambda_out": 0.0,
    "lambda_tw": 0.0,
    "tw_family": "A",
    "tw_mode": "soft"
  },
  "scenario": {
    "depot_xy": [
      500.0,
      500.0
    ],
    "client_xy": [
      [
        469.70338657415147,
        926.4986200181005
      ],
      [
        333.2735332533623,
        268.3328533591224
      ],
      [
        416.8937602141899,
        46.97166634971695
      ],
      [
        84.18362299922511,
        490.4445358550557
      ],
      [
        337.57997776654923,
        335.315683613132
      ],
      [
        691.264469867573,
        916.3969799898722
      ],
      [
        811.1840728559238,
        7.719250046464121
      ],
      [
        486.5600342588001,
        671.4510856415295
      ],
      [
        505.46928635935427,
        306.8690708429839
      ],
      [
        99.94407792127735,
        671.993940756391
      ]
    ],
    "delivery": [
      0.0,
      0.0,
      0.0,
      0.0,
      0.819556355753265,
      1.556803602180688,
      0.0,
      1.4313580376575628,
      0.0,
      0.0
    ],
    "pickup": [
      0.6614107382697292,
      1.1634892525331961,
      1.5564172074037552,
      0.8256578008134452,
      0.0,
      0.0,
      0.852953792269963,
      0.0,
      1.6888559619612646,
      1.702757866035793
    ],
    "service_duration_s": [
      60.0,
      60.0,
      60.0,
      60.0,
      60.0,
      60.0,
      60.0,
      60.0,
      60.0,
      60.0
    ],
    "tw_early_s": [
      102.2246363775671,
      0.0,
      37.033053919226916,
      0.0,
      0.0,
      188.20210910320827,
      22.977584320168006,
      156.86403206381732,
      0.0,
      312.1859079524547
    ],
    "tw_late_s": [
      342.2246363775671,
      148.54249140256394,
      277.0330539192269,
      161.59261548364998,
      143.1303237517603,
      428.2021091032083,
      262.97758432016803,
      396.8640320638173,
      220.15854436281208,
      552.1859079524547
    ],
    "bs_xy": [
      [
        525.26020584886,
        498.53755487417516
      ],
      [
        449.9472371758754,
        762.7343523389972
      ],
      [
        245.4399043634161,
        445.8809097824702
      ],
      [
        129.15429335464,
        377.08243336647905
      ]
    ],
    "speed_mps": 10.0,
    "capacity_kg": 6.0,
    "altitude_m": 100.0
  }
}