{
  "spec": {
    "run_id": "seed3_N20_M3_D10_B4_K10_lo0.5_lt1.0_twA",
    "seed": 3,
    "n_clients": 20,
    "num_uavs": 3,
    "delta_min": 10,
    "bs_count": 4,
    "edge_samples": 10,
    "lambda_out": 0.5,
    "lambda_tw": 1.0,
    "tw_family": "A",
    "tw_mode": "soft"
  },
  "scenario": {
    "depot_xy": [
      500.0,
      500.0
    ],
    "client_xy": [
      [
        776.9605975744362,
        438.2942513266117
      ],
      [
        121.06626994148606,
        199.19316802393027
      ],
      [
        565.5880041137242,
        930.0232232403421
      ],
      [
        348.36065699406385,
        12.256423843650666
      ],
      [
        498.2047322805957,
        329.79097717401675
      ],
      [
        897.2366873791622,
        366.4992711124456
      ],
      [
        974.5595278123309,
        122.81598484905332
      ],
      [
        60.29693325875307,
        334.2121512760243
      ],
      [
        249.49008408674288,
        566.8919031094663
      ],
      [
        814.1197252667389,
        344.6513864125579
      ],
      [
        898.9080043174323,
        397.3800592610197
      ],
      [
        618.9770216644769,
        920.7826182194891
      ],
      [
        894.0731971794319,
        159.5082333053188
      ],
      [
        676.6512393474736,
        235.7904326161192
      ],
      [
        603.8837219635009,
        739.3098241577885
      ],
      [
        376.82710803586485,
        598.8475839197897
      ],
      [
        940.5830779294191,
        74.36137838495993
      ],
      [
        132.45615097383768,
        940.7164781699707
      ],
      [
        178.7931635983432,
        726.4675503585306
      ],
      [
        943.5003733905746,
        453.2275850235996
      ]
    ],
    "delivery": [
      1.1176119416030426,
      0.7541765569639391,
      0.0,
      0.0,
      1.9892876000205781,
      1.3679519145337413,
      0.0,
      0.0,
      0.8553632276702741,
      0.8742328842927569,
      1.5446571817283976,
      0.0,
      0.978051035039796,
      1.7374019836368275,
      1.412327296082756,
      0.699858581078938,
      0.6347269583334709,
      0.0,
      0.0,
      1.4016194027712177
    ],
    "pickup": [
      0.0,
      0.0,
      0.9975477261360374,
      1.9214690518333568,
      0.0,
      0.0,
      1.477556642750611,
      0.71519931544117,
      0.0,
      0.0,
      0.0,
      1.93421321088492,
      0.0,
      0.0,
      0.0,
      0.0,
      0.0,
      1.8444720221952307,
      0.6297774957825699,
      0.0
    ],
    "service_duration_s": [
      60.0,
      60.0,
      60.0,
      60.0,
      60.0,
      60.0,
      60.0,
      60.0,
      60.0,
      60.0,
      60.0,
      60.0,
      60.0,
      60.0,
      60.0,
      60.0,
      60.0,
      60.0,
      60.0,
      60.0
    ],
    "tw_early_s": [
      0.0,
      0.0,
      0.0,
      0.0,
      0.0,
      0.0,
      0.0,
      0.0,
      59.9987736659416,
      0.0,
      0.0,
      0.0,
      0.0,
      0.0,
      0.0,
      0.0,
      0.0,
      0.0,
      28.95877788994403,
      0.0
    ],
    "tw_late_s": [
      930.5400222334454,
      648.3813519798215,
      1125.2500647297873,
      651.07722451632,
      750.7849681951396,
      934.5803466277777,
      855.9212924386219,
      646.9919565123843,
      1259.9987736659416,
      860.4654071439422,
      944.4008612494025,
      1041.309484949162,
      853.878825571895,
      764.0602544479452,
      1049.562270804554,
      1141.593321283341,
      770.6242161478972,
      1160.8271315738564,
      1228.958777889944,
      1004.4099595790765
    ],
    "bs_xy": [
      [
        690.5513959169876,
        401.264338421392
      ],
      [
        338.91830836250267,
        59.094685340075785
      ],
      [
        812.9678119067065,
        634.9637358880054
      ],
      [
        234.1484373651894,
        402.7555452801851
      ]
    ],
    "speed_mps": 10.0,
    "capacity_kg": 6.0,
    "altitude_m": 100.0
  }
}