{
  "spec": {
    "run_id": "seed2_N10_M3_D2_B10_K10_lo0.0_lt5.0_twA",
    "seed": 2,
    "n_clients": 10,
    "num_uavs": 3,
    "delta_min": 2,
    "bs_count": 10,
    "edge_samples": 10,
    "lambda_out": 0.0,
    "lambda_tw": 5.0,
    "tw_family": "A",
    "tw_mode": "soft"
  },
  "scenario": {
    "depot_xy": [
      500.0,
      500.0
    ],
    "client_xy": [
      [
        710.3679542029915,
        675.0458080113663
      ],
      [
        345.39858680753576,
        492.0403856276265
      ],
      [
        84.55668260178572,
        524.0083710478679
      ],
      [
        675.3448497359794,
        544.0583558197332
      ],
      [
        257.33149091318785,
        640.5618858849667
      ],
      [
        683.4832538219746,
        870.0315148470412
      ],
      [
        183.43914346765555,
        690.3137126944438
      ],
      [
        268.87698588933586,
        229.71817035810983
      ],
      [
        153.67881355473224,
        986.6171386909181
      ],
      [
        252.77106809952576,
        965.567995536335
      ]
    ],
    "delivery": [
      0.0,
      0.0,
      0.0,
      0.0,
      0.0,
      0.0,
      1.304724504552238,
      1.2072540845495947,
      0.0,
      0.0
    ],
    "pickup": [
      0.5582164511537965,
      1.5315979975373364,
      0.6675861255098305,
      0.5817274620449329,
      1.9739944982005548,
      1.5826664212442352,
      0.0,
      0.0,
      1.836664120526489,
      1.0428525154810713
    ],
    "service_duration_s": [
      60.0,
      60.0,
      60.0,
      60.0,
      60.0,
      60.0,
      60.0,
      60.0,
      60.0,
      60.0
    ],
    "tw_early_s": [
      0.0,
      0.0,
      226.87812373320867,
      0.0,
      110.26910292277418,
      51.844976806799,
      164.98089692780587,
      0.0,
      120.10369258886462,
      17.765292566608764
    ],
    "tw_late_s": [
      236.30874816400254,
      135.4806176950611,
      466.87812373320867,
      138.0795340223335,
      350.2691029227742,
      291.84497680679897,
      404.9808969278059,
      155.5626370065784,
      360.10369258886465,
      257.76529256660876
    ],
    "bs_xy": [
      [
        801.5599679832935,
        392.15357236269034
      ],
      [
        72.54569264472643,
        354.1898422827566
      ],
      [
        447.1192680129374,
        668.3347023750639
      ],
      [
        133.16257936611288,
        22.329144172869462
      ],
      [
        111.8777175655431,
        945.4641584081058
      ],
      [
        216.06743610391487,
        732.0594686186025
      ],
      [
        524.8145699084611,
        755.7774098013293
      ],
      [
        47.45196769737448,
        277.8340980766457
      ],
      [
        222.66807261373688,
        99.19749510555587
      ],
      [
        893.7404491946262,
        360.6204734013794
      ]
    ],
    "speed_mps": 10.0,
    "capacity_kg": 6.0,
    "altitude_m": 100.0
  }
}