{
  "spec": {
    "run_id": "seed4_N40_M3_D5_B10_K10_lo1.0_lt1.0_twA",
    "seed": 4,
    "n_clients": 40,
    "num_uavs": 3,
    "delta_min": 5,
    "bs_count": 10,
    "edge_samples": 10,
    "lambda_out": 1.0,
    "lambda_tw": 1.0,
    "tw_family": "A",
    "tw_mode": "soft"
  },
  "scenario": {
    "depot_xy": [
      500.0,
      500.0
    ],
    "client_xy": [
      [
        808.4952213144724,
        214.29216083975723
      ],
      [
        728.4522242882489,
        723.7715074931488
      ],
      [
        459.36602882828134,
        854.0143845661571
      ],
      [
        901.0173774560234,
        724.357656121062
      ],
      [
        51.52265537750511,
        56.95832602394524
      ],
      [
        232.79031845334774,
        145.5276202583665
      ],
      [
        624.640094366878,
        387.2329504105981
      ],
      [
        905.0521813097653,
        365.1342999020779
      ],
      [
        250.13095651997097,
        482.6985345571224
      ],
      [
        685.3045545094094,
        290.369337403061
      ],
      [
        644.9543684026404,
        426.5475075102878
      ],
      [
        247.72557192259714,
        49.558428178363535
      ],
      [
        911.5926876909148,
        743.761725722834
      ],
      [
        561.8360699433625,
        874.153889575855
      ],
      [
        911.82187843759,
        860.4410878874656
      ],
      [
        628.7203444942639,
        168.13398844321603
      ],
      [
        609.0387254136117,
        800.6658427071553
      ],
      [
        772.5553908557202,
        177.59108731126972
      ],
      [
        3.669542986388774,
        114.14146135562542
      ],
      [
        886.0995293446579,
        994.0916638708935
      ],
      [
        410.78259633647394,
        495.2334613299306
      ],
      [
        310.08905074339964,
        580.4686057949298
      ],
      [
        972.4563658556715,
        133.25554748761525
      ],
      [
        315.07205583309826,
        714.9631291475164
      ],
      [
        10.340393743367482,
        839.8180641047967
      ],
      [
        550.6739703944608,
        485.85794808562434
      ],
      [
        746.8207357615349,
        383.54492798156406
      ],
      [
        566.074766484287,
        157.58695079546635
      ],
      [
        388.9525806647979,
        470.13327518263935
      ],
      [
        653.3804148056236,
        752.5384802112698
      ],
      [
        182.31994445570365,
        357.7854162979854
      ],
      [
        385.35517632944806,
        832.880758960196
      ],
      [
        569.7784175169376,
        680.2896911728321
      ],
      [
        108.438144161364,
        34.37766452519253
      ],
      [
        264.0648055528996,
        687.9801892181155
      ],
      [
        14.206396596712857,
        883.947109108258
      ],
      [
        263.60179802494986,
        736.0080958979685
      ],
      [
        964.2660937082585,
        284.9138682253114
      ],
      [
        142.73812420412767,
        178.90274601391985
      ],
      [
        963.6976481068024,
        160.91152967407763
      ]
    ],
    "delivery": [
      0.0,
      1.4272200436564848,
      0.0,
      0.0,
      0.857443177956662,
      0.0,
      0.0,
      0.0,
      0.0,
      0.0,
      1.0883108121174794,
      0.0,
      0.0,
      1.2709021586936526,
      0.930492347789072,
      0.0,
      1.8707719430110457,
      0.0,
      0.0,
      0.0,
      1.3755372834728343,
      0.0,
      1.909857232817989,
      0.7923273661739677,
      1.4283859211004122,
      0.0,
      0.0,
      0.0,
      1.5898356848382043,
      1.8525872814535527,
      0.0,
      0.9307782092657029,
      0.0,
      0.0,
      0.0,
      0.0,
      1.788903140534769,
      1.1197579896590288,
      0.0,
      1.5831107046911543
    ],
    "pickup": [
      1.9707633648073548,
      0.0,
      1.6967538590764026,
      1.5799874258410078,
      0.0,
      1.5570269817708258,
      0.6134410792712277,
      1.2398704603806947,
      0.746375905894965,
      0.9503949619459329,
      0.0,
      0.6353038635500545,
      0.8467712527506005,
      0.0,
      0.0,
      1.5748163354709899,
      0.0,
      1.3333796821500559,
      1.1298101102506177,
      1.7565747534359386,
      0.0,
      0.5361981253349638,
      0.0,
      0.0,
      0.0,
      1.7099450290502036,
      1.4348640417732819,
      0.9957612282039433,
      0.0,
      0.0,
      1.0309568837593617,
      0.0,
      1.48474834277972,
      1.9908387791761322,
      0.7723027203212651,
      0.8893426861657912,
      0.0,
      0.0,
      0.8049047549329095,
      0.0
    ],
    "service_duration_s": [
      60.0,
      60.0,
      60.0,
      60.0,
      60.0,
      60.0,
      60.0,
      60.0,
      60.0,
      60.0,
      60.0,
      60.0,
      60.0,
      60.0,
      60.0,
      60.0,
      60.0,
      60.0,
      60.0,
      60.0,
      60.0,
      60.0,
      60.0,
      60.0,
      60.0,
      60.0,
      60.0,
      60.0,
      60.0,
      60.0,
      60.0,
      60.0,
      60.0,
      60.0,
      60.0,
      60.0,
      60.0,
      60.0,
      60.0,
      60.0
    ],
    "tw_early_s": [
      57.45743046882899,
      387.92420350623877,
      544.9608299836474,
      310.66758864177837,
      0.0,
      0.0,
      167.71325089648457,
      318.8635036815134,
      0.0,
      87.79038609521325,
      232.13852391579633,
      0.0,
      416.7318949607022,
      631.6044758145548,
      468.3763164185931,
      0.0,
      595.6843373106238,
      82.05615719919695,
      0.0,
      501.8943628555012,
      0.0,
      828.8747758382133,
      180.5227715477027,
      720.9701320928611,
      715.1900210096655,
      356.343601699127,
      274.2208740990367,
      9.944685059466735,
      0.0,
      556.3825590918893,
      0.0,
      678.2834813121293,
      464.37657272948843,
      0.0,
      757.1799172603955,
      815.4774835402147,
      627.8188960057893,
      206.27037669916638,
      0.0,
      133.87001255266784
    ],
    "tw_late_s": [
      657.457430468829,
      987.9242035062388,
      1144.9608299836473,
      910.6675886417784,
      488.3998185581121,
      479.23934380979017,
      767.7132508964846,
      918.8635036815134,
      325.04673224117187,
      687.7903860952133,
      832.1385239157963,
      568.0340598087755,
      1016.7318949607022,
      1231.604475814555,
      1068.376316418593,
      578.8968315521156,
      1195.684337310624,
      682.056157199197,
      429.38379851396724,
      1101.8943628555012,
      308.93446417383484,
      1428.8747758382133,
      780.5227715477026,
      1320.9701320928611,
      1315.1900210096655,
      956.343601699127,
      874.2208740990367,
      609.9446850594668,
      311.49936980548244,
      1156.3825590918893,
      395.59663745125124,
      1278.2834813121294,
      1064.3765727294885,
      502.55145702904406,
      1357.1799172603955,
      1415.4774835402147,
      1227.8188960057892,
      806.2703766991664,
      409.63554419281655,
      733.8700125526678
    ],
    "bs_xy": [
      [
        996.0446073693406,
        630.1499065012245
      ],
      [
        458.44316951409235,
        48.06754992937734
      ],
      [
        64.4762633433832,
        28.529069419091613
      ],
      [
        404.80337239457907,
        183.19082451861578
      ],
      [
        97.78126840459645,
        401.9924790228266
      ],
      [
        603.49990160579,
        637.9133604827331
      ],
      [
        840.4023863805601,
        800.2905341629055
      ],
      [
        497.1360208387392,
        920.385015653174
      ],
      [
        103.31453858563489,
        180.35076512249614
      ],
      [
        49.66251291992274,
        878.3262418045483
      ]
    ],
    "speed_mps": 10.0,
    "capacity_kg": 6.0,
    "altitude_m": 100.0
  }
}