{
  "spec": {
    "run_id": "seed6_N40_M3_D10_B4_K10_lo0.5_lt1.0_twA",
    "seed": 6,
    "n_clients": 40,
    "num_uavs": 3,
    "delta_min": 10,
    "bs_count": 4,
    "edge_samples": 10,
    "lambda_out": 0.5,
    "lambda_tw": 1.0,
    "tw_family": "A",
    "tw_mode": "soft"
  },
  "scenario": {
    "depot_xy": [
      500.0,
      500.0
    ],
    "client_xy": [
      [
        224.5212762859381,
        928.8424738618274
      ],
      [
        776.5728979112009,
        217.59590150692088
      ],
      [
        59.60733744037417,
        616.5876127410743
      ],
      [
        704.6791485969965,
        203.05931619912099
      ],
      [
        413.651390183568,
        617.3447053755851
      ],
      [
        847.3986996812796,
        418.292981610759
      ],
      [
        407.493058186985,
        524.9003044198138
      ],
      [
        932.5129275205327,
        269.70294337268297
      ],
      [
        982.6250205749129,
        433.9954999737933
      ],
      [
        870.7665807983512,
        825.9917016877638
      ],
      [
        809.2443508077305,
        437.6579546083861
      ],
      [
        915.3981101543042,
        23.099693563465195
      ],
      [
        796.2193956285514,
        544.3121608050155
      ],
      [
        280.7613440917042,
        257.6202143014469
      ],
      [
        574.1599885730028,
        81.37291137884772
      ],
      [
        806.1230478338015,
        841.0878682611009
      ],
      [
        448.4243070676129,
        700.252900596725
      ],
      [
        941.2039355612249,
        3.393348995421097
      ],
      [
        268.27333092608274,
        238.55255017807153
      ],
      [
        583.9356487704216,
        974.9820704672719
      ],
      [
        670.98638013339,
        396.5332037946196
      ],
      [
        787.4772223092752,
        751.5882384393121
      ],
      [
        294.4041577167659,
        30.06399774982671
      ],
      [
        75.95109448122372,
        52.13579284596137
      ],
      [
        12.965206405663011,
        648.8854278226428
      ],
      [
        146.85691032150928,
        698.9464661829784
      ],
      [
        497.2960547410099,
        527.521053420399
      ],
      [
        562.5769079214065,
        459.3484927389804
      ],
      [
        779.8097431400603,
        612.0978378242504
      ],
      [
        365.92276487221034,
        983.4673939436973
      ],
      [
        611.3151322881648,
        228.5319192996409
      ],
      [
        445.26314444556016,
        679.0589308919027
      ],
      [
        246.83378949595536,
        907.7631994538104
      ],
      [
        326.8327991885226,
        909.9603355280155
      ],
      [
        318.18231794536024,
        306.0597607064166
      ],
      [
        495.6871408704675,
        89.5773785402133
      ],
      [
        846.0245738134464,
        403.93634904555154
      ],
      [
        671.5710574758109,
        535.3679901409599
      ],
      [
        78.75775373460236,
        604.792592944617
      ],
      [
        272.80744870996585,
        478.37899898839555
      ]
    ],
    "delivery": [
      1.038208143628085,
      0.0,
      0.6053941192077705,
      1.3142518394540135,
      1.6565532302763408,
      0.9565975395563464,
      0.8041921037602773,
      1.3141031955143752,
      0.0,
      0.0,
      0.0,
      0.0,
      1.6811742829801513,
      0.0,
      0.0,
      0.0,
      1.9679526686515936,
      0.0,
      1.3540029637886442,
      0.8772508624780208,
      0.0,
      0.0,
      1.1746734803963963,
      0.0,
      1.8857368355044095,
      1.738627106859334,
      1.0695233802215445,
      0.0,
      1.6838093430074144,
      0.7864617176396538,
      0.0,
      1.4493009309860423,
      0.6288673774321084,
      1.3899056458486687,
      0.0,
      1.7819068085132033,
      0.0,
      1.5655096281235572,
      0.0,
      0.0
    ],
    "pickup": [
      0.0,
      1.5229295503395814,
      0.0,
      0.0,
      0.0,
      0.0,
      0.0,
      0.0,
      1.8869661554806278,
      0.6635658191259405,
      1.168702708081685,
      1.2360428677086344,
      0.0,
      1.5410645760258541,
      1.8449602753779255,
      0.6238378235439929,
      0.0,
      0.979472368719289,
      0.0,
      0.0,
      1.545007326965138,
      0.8965830799872737,
      0.0,
      1.2323627747832597,
      0.0,
      0.0,
      0.0,
      1.147835725357507,
      0.0,
      0.0,
      1.374737792474709,
      0.0,
      0.0,
      0.0,
      1.633620480876712,
      0.0,
      0.693019241429784,
      0.0,
      0.9883016879525176,
      0.7504630786610527
    ],
    "service_duration_s": [
      60.0,
      60.0,
      60.0,
      60.0,
      60.0,
      60.0,
      60.0,
      60.0,
      60.0,
      60.0,
      60.0,
      60.0,
      60.0,
      60.0,
      60.0,
      60.0,
      60.0,
      60.0,
      60.0,
      60.0,
      60.0,
      60.0,
      60.0,
      60.0,
      60.0,
      60.0,
      60.0,
      60.0,
      60.0,
      60.0,
      60.0,
      60.0,
      60.0,
      60.0,
      60.0,
      60.0,
      60.0,
      60.0,
      60.0,
      60.0
    ],
    "tw_early_s": [
      349.8668635928451,
      0.0,
      452.7456975472471,
      0.0,
      459.69103346586803,
      0.0,
      528.9559632125265,
      0.0,
      16.44407358947558,
      72.70169070234374,
      0.0,
      0.0,
      0.0,
      0.0,
      0.0,
      186.48533323232255,
      284.9278718143079,
      0.0,
      0.0,
      141.66670658417058,
      0.0,
      51.44519498286104,
      0.0,
      0.0,
      444.95702151927435,
      380.7475857340469,
      180.51015875045084,
      0.0,
      103.43564255253784,
      223.48450167444366,
      0.0,
      256.53237834150093,
      297.5959541579865,
      369.1686851368373,
      0.0,
      0.0,
      0.0,
      0.0,
      512.8771461215842,
      0.0
    ],
    "tw_late_s": [
      1549.8668635928452,
      943.3105705124374,
      1652.7456975472471,
      875.9757061627274,
      1659.691033465868,
      1097.097632337016,
      1728.9559632125265,
      1019.7521144322035,
      1216.4440735894755,
      1272.7016907023437,
      1100.5857477696666,
      937.4692190503621,
      1170.6991597101148,
      704.9121051140792,
      842.8514167609483,
      1386.4853332323225,
      1484.9278718143078,
      911.6177318330479,
      748.4607078151504,
      1341.6667065841707,
      1019.3227077467752,
      1251.445194982861,
      714.2857372653968,
      661.676561376376,
      1644.9570215192743,
      1580.7475857340469,
      1380.510158750451,
      1053.5758867046745,
      1303.435642552538,
      1423.4845016744437,
      811.6785282401419,
      1456.532378341501,
      1497.5959541579864,
      1569.1686851368372,
      626.5839210661209,
      792.1942408024125,
      1142.4572102491984,
      1177.4680422643833,
      1712.8771461215842,
      622.8219024286799
    ],
    "bs_xy": [
      [
        666.875518817459,
        293.33010775507364
      ],
      [
        911.8076847858887,
        373.5784190789922
      ],
      [
        530.665550240952,
        160.53391092016244
      ],
      [
        574.989426611327,
        124.23865360057307
      ]
    ],
    "speed_mps": 10.0,
    "capacity_kg": 6.0,
    "altitude_m": 100.0
  }
}