{
  "spec": {
    "run_id": "seed3_N40_M3_D5_B7_K10_lo0.5_lt1.0_twA",
    "seed": 3,
    "n_clients": 40,
    "num_uavs": 3,
    "delta_min": 5,
    "bs_count": 7,
    "edge_samples": 10,
    "lambda_out": 0.5,
    "lambda_tw": 1.0,
    "tw_family": "A",
    "tw_mode": "soft"
  },
  "scenario": {
    "depot_xy": [
      500.0,
      500.0
    ],
    "client_xy": [
      [
        402.0595314243546,
        297.6477404115888
      ],
      [
        695.4892918226636,
        291.80469516700344
      ],
      [
        279.95950617623686,
        685.2760994247074
      ],
      [
        193.8048146697362,
        895.5900414404575
      ],
      [
        575.9988950535262,
        345.4855443674302
      ],
      [
        913.0500140085962,
        653.4525457809838
      ],
      [
        141.5909124842545,
        692.3847763392047
      ],
      [
        6.674415956010482,
        223.56909342523602
      ],
      [
        73.46834849734086,
        950.2658474338119
      ],
      [
        818.9184421034109,
        360.12871386464826
      ],
      [
        304.9705690473096,
        679.2773491842024
      ],
      [
        448.0752365129075,
        474.627261073048
      ],
      [
        693.2638326575704,
        344.4150491826907
      ],
      [
        835.9880547810031,
        250.5598026039656
      ],
      [
        135.69612435061816,
        99.20072857138906
      ],
      [
        5.5559315331970005,
        620.293415538622
      ],
      [
        173.89000616038965,
        330.2034384172939
      ],
      [
        981.0872597466757,
        157.45991287587057
      ],
      [
        773.9475645182071,
        5.782858351423337
      ],
      [
        576.769008618401,
        777.9301764242814
      ],
      [
        466.75678042279435,
        939.2202835876361
      ],
      [
        432.5931496227551,
        316.03382576961747
      ],
      [
        935.3802889162077,
        191.67654487882336
      ],
      [
        398.33609115953004,
        270.19595000379957
      ],
      [
        518.6740486428408,
        304.16985399704356
      ],
      [
        236.49507698467397,
        291.30523957803587
      ],
      [
        30.688828755381593,
        848.4598843408749
      ],
      [
        302.82823371101165,
        716.2593338528781
      ],
      [
        621.6019742073066,
        350.2921778699768
      ],
      [
        828.5326684797806,
        253.28932215348888
      ],
      [
        848.2486934834885,
        330.6763342287636
      ],
      [
        346.3971158726594,
        768.4967610433117
      ],
      [
        245.3737329247506,
        549.9229696165718
      ],
      [
        93.72530301664173,
        750.7134509899888
      ],
      [
        340.1375884813901,
        590.1357938264505
      ],
      [
        708.847471545262,
        247.9369938704693
      ],
      [
        658.9266723490178,
        341.9955871153204
      ],
      [
        441.47483751709905,
        186.00244504191676
      ],
      [
        18.743571336700903,
        330.75703009293323
      ],
      [
        730.0329129116508,
        357.29052121347206
      ]
    ],
    "delivery": [
      1.0615379477421627,
      0.0,
      0.0,
      0.0,
      0.0,
      0.0,
      0.0,
      0.0,
      1.381739418497756,
      1.5678834772183343,
      0.0,
      0.8764556924892528,
      0.0,
      0.0,
      0.0,
      1.8348730666229243,
      1.9598116661745801,
      1.8434171617321775,
      1.8729680920352414,
      0.0,
      0.0,
      1.9719000093853705,
      0.0,
      0.0,
      0.0,
      1.498568673238833,
      0.0,
      0.7064184536652338,
      0.6736972900226106,
      0.6636878676205928,
      0.0,
      1.338736833362193,
      1.5672892411797315,
      1.8368447342471161,
      0.0,
      1.1475022013677418,
      0.8516623267472109,
      0.671778204123605,
      0.0,
      1.6794002604481586
    ],
    "pickup": [
      0.0,
      0.9626236016754508,
      1.9112464517239804,
      1.4035998202863678,
      1.3503448295589693,
      0.6554915036464065,
      1.7318938934586714,
      1.3558247331729287,
      0.0,
      0.0,
      0.9509750351978046,
      0.0,
      1.658490871026499,
      0.8895920465928446,
      0.8512590396995583,
      0.0,
      0.0,
      0.0,
      0.0,
      1.318589657736148,
      1.7585726154131418,
      0.0,
      1.4835378163253212,
      1.50927665693598,
      0.9048420295981308,
      0.0,
      1.436700801676346,
      0.0,
      0.0,
      0.0,
      0.8108807795466485,
      0.0,
      0.0,
      0.0,
      1.5377468042752616,
      0.0,
      0.0,
      0.0,
      0.5604900915397164,
      0.0
    ],
    "service_duration_s": [
      60.0,
      60.0,
      60.0,
      60.0,
      60.0,
      60.0,
      60.0,
      60.0,
      60.0,
      60.0,
      60.0,
      60.0,
      60.0,
      60.0,
      60.0,
      60.0,
      60.0,
      60.0,
      60.0,
      60.0,
      60.0,
      60.0,
      60.0,
      60.0,
      60.0,
      60.0,
      60.0,
      60.0,
      60.0,
      60.0,
      60.0,
      60.0,
      60.0,
      60.0,
      60.0,
      60.0,
      60.0,
      60.0,
      60.0,
      60.0
    ],
    "tw_early_s": [
      0.0,
      181.34405001592614,
      687.3089224606177,
      526.372751141547,
      0.0,
      327.4840656791948,
      688.2865397526909,
      0.0,
      538.0971851694804,
      408.0077228690402,
      610.6933197569155,
      0.0,
      137.83962797130073,
      157.62997925060426,
      0.0,
      768.7357119515025,
      0.0,
      232.16083834809535,
      91.68529217111296,
      426.3096237446032,
      535.7841850134962,
      0.0,
      327.5285883660696,
      0.0,
      0.0,
      0.0,
      609.1400749319625,
      623.4580270911085,
      13.878733987895544,
      255.19467239569576,
      313.989721350476,
      445.3054007062574,
      828.8606988573367,
      692.9930235804137,
      758.5663996821163,
      68.06677528755989,
      77.70230105219571,
      0.0,
      0.0,
      232.66924066313925
    ],
    "tw_late_s": [
      522.0278112662761,
      781.3440500159261,
      1287.3089224606179,
      1126.372751141547,
      591.585129744733,
      927.4840656791948,
      1288.286539752691,
      421.80132304355834,
      1138.0971851694803,
      1008.0077228690402,
      1210.6933197569156,
      305.7792360601084,
      737.8396279713007,
      757.6299792506043,
      420.1805325606563,
      1368.7357119515025,
      336.7666425455712,
      832.1608383480954,
      691.6852921711129,
      1026.3096237446032,
      1135.7841850134962,
      516.94524875105,
      927.5285883660696,
      470.09562443223365,
      542.5998037990682,
      393.77443698294707,
      1209.1400749319625,
      1223.4580270911085,
      613.8787339878955,
      855.1946723956958,
      913.989721350476,
      1045.3054007062574,
      1428.8606988573367,
      1292.9930235804136,
      1358.5663996821163,
      668.06677528756,
      677.7023010521957,
      593.8676754262087,
      351.01479520616715,
      832.6692406631392
    ],
    "bs_xy": [
      [
        617.7574867555944,
        514.6984775647893
      ],
      [
        36.82456485091423,
        0.6780574822647933
      ],
      [
        50.038851911382466,
        500.06548189066893
      ],
      [
        711.1262409831078,
        625.5481814967638
      ],
      [
        440.43893354616324,
        889.6684384167925
      ],
      [
        171.89836983229256,
        991.3246824443305
      ],
      [
        552.0769100245561,
        30.722864200791623
      ]
    ],
    "speed_mps": 10.0,
    "capacity_kg": 6.0,
    "altitude_m": 100.0
  }
}