{
  "spec": {
    "run_id": "seed9_N10_M3_D5_B4_K10_lo1.0_lt0.0_twA",
    "seed": 9,
    "n_clients": 10,
    "num_uavs": 3,
    "delta_min": 5,
    "bs_count": 4,
    "edge_samples": 10,
    "lambda_out": 1.0,
    "lambda_tw": 0.0,
    "tw_family": "A",
    "tw_mode": "soft"
  },
  "scenario": {
    "depot_xy": [
      500.0,
      500.0
    ],
    "client_xy": [
      [
        503.4338899536627,
        978.6237783097027
      ],
      [
        651.8237191658242,
        867.1260177604776
      ],
      [
        466.68464894311256,
        836.1280026243971
      ],
      [
        639.5923512714729,
        583.4395909388685
      ],
      [
        375.34138527283324,
        675.6273547552224
      ],
      [
        824.2928417870083,
        69.67103335306535
      ],
      [
        958.4824944723908,
        993.357808656828
      ],
      [
        68.31649314231115,
        454.53452656103985
      ],
      [
        85.43500887566124,
        299.37566760626135
      ],
      [
        467.84258452407,
        210.4170625404851
      ]
    ],
    "delivery": [
      1.3685995408800051,
      0.7036911341943299,
      0.0,
      0.0,
      1.3069772883866386,
      0.0,
      1.3745856858802352,
      0.0,
      0.0,
      1.468553841207418
    ],
    "pickup": [
      0.0,
      0.0,
      1.7220701639970157,
      1.2992226510635367,
      0.0,
      0.7955464325774078,
      0.0,
      1.9765152441860678,
      1.5504358889001446,
      0.0
    ],
    "service_duration_s": [
      60.0,
      60.0,
      60.0,
      60.0,
      60.0,
      60.0,
      60.0,
      60.0,
      60.0,
      60.0
    ],
    "tw_early_s": [
      0.0,
      29.82676041689888,
      0.0,
      0.0,
      123.45921778886554,
      0.0,
      0.0,
      0.0,
      0.0,
      0.0
    ],
    "tw_late_s": [
      570.1263476609056,
      629.8267604168989,
      593.1654671747106,
      468.32806198596666,
      723.4592177888655,
      488.23754235385167,
      481.53346810705534,
      343.40711455141667,
      346.05586331992447,
      329.13629644237113
    ],
    "bs_xy": [
      [
        113.94862875290379,
        705.6119986084577
      ],
      [
        774.9250984162409,
        781.9918396290626
      ],
      [
        273.6819800053575,
        986.2371817286066
      ],
      [
        68.53633252865488,
        935.4964457695232
      ]
    ],
    "speed_mps": 10.0,
    "capacity_kg": 6.0,
    "altitude_m": 100.0
  }
}