{
  "spec": {
    "run_id": "seed1_N40_M3_D2_B7_K10_lo1.0_lt5.0_twA",
    "seed": 1,
    "n_clients": 40,
    "num_uavs": 3,
    "delta_min": 2,
    "bs_count": 7,
    "edge_samples": 10,
    "lambda_out": 1.0,
    "lambda_tw": 5.0,
    "tw_family": "A",
    "tw_mode": "soft"
  },
  "scenario": {
    "depot_xy": [
      500.0,
      500.0
    ],
    "client_xy": [
      [
        509.20914193877087,
        288.7410149573102
      ],
      [
        786.4738973599425,
        218.7544375077697
      ],
      [
        432.1181214363123,
        443.25845341856854
      ],
      [
        475.25480524997676,
        598.1635186631028
      ],
      [
        674.5916738208562,
        709.278548719593
      ],
      [
        488.94883171381855,
        473.9909000861825
      ],
      [
        202.45636012861644,
        809.9867151893197
      ],
      [
        224.3565245366317,
        442.793330941578
      ],
      [
        194.274447737793,
        543.9581705608008
      ],
      [
        524.2227784145784,
        856.6199067548533
      ],
      [
        843.8406836954658,
        754.3586947671558
      ],
      [
        621.7346048176593,
        116.95317691085283
      ],
      [
        803.4523338327047,
        385.9880943405738
      ],
      [
        409.468952934533,
        706.4405842163311
      ],
      [
        15.990585157000915,
        997.6118350288351
      ],
      [
        551.058233277151,
        999.4335189913863
      ],
      [
        789.7234070330064,
        485.93282734807474
      ],
      [
        804.6928176330323,
        854.1620504280799
      ],
      [
        959.1640902158649,
        149.93279143093363
      ],
      [
        128.78470563048262,
        962.5074733827836
      ],
      [
        425.50866000698215,
        279.4445374410799
      ],
      [
        997.1364740634198,
        862.1595189911543
      ],
      [
        179.92137845767985,
        204.23261227290467
      ],
      [
        1.606033176659305,
        821.4748369909958
      ],
      [
        479.38860840872735,
        515.5039528441881
      ],
      [
        712.0690142732099,
        915.2763993782388
      ],
      [
        331.39263740390743,
        567.7776907624187
      ],
      [
        480.73592795755616,
        720.2935866386147
      ],
      [
        489.57926022410635,
        911.7537606946563
      ],
      [
        163.04744945257522,
        829.8708151296951
      ],
      [
        712.9390790770321,
        138.56031209448494
      ],
      [
        846.9517025199383,
        954.180090295905
      ],
      [
        430.99440701498025,
        156.92009414951147
      ],
      [
        513.0294933801625,
        106.94129690364352
      ],
      [
        720.0177368060126,
        88.16522508291169
      ],
      [
        829.3326919629408,
        292.5940003622737
      ],
      [
        102.89115601572574,
        601.7990721073774
      ],
      [
        280.84698699723697,
        567.1496570846601
      ],
      [
        205.32272299991007,
        860.4509543832934
      ],
      [
        259.5136828491822,
        640.0592807512786
      ]
    ],
    "delivery": [
      1.67640297014836,
      1.5091753749087984,
      0.0,
      0.7084478728025752,
      1.5184334347191502,
      0.0,
      1.322015661057765,
      0.881832751822716,
      0.0,
      0.0,
      0.0,
      0.8493869675501752,
      1.0427804238535803,
      1.8200011907644236,
      0.6080097217340669,
      0.0,
      0.0,
      1.527937685198038,
      0.0,
      0.0,
      0.8331536607109595,
      1.9386028578817465,
      0.0,
      1.9524355075248403,
      1.4328071657047963,
      1.803429936265562,
      1.7903581075937576,
      1.5931442563724518,
      0.0,
      0.9933181826754836,
      1.5506557123713458,
      0.0,
      0.0,
      1.4584666525173835,
      0.0,
      0.0,
      0.0,
      1.1370971894629034,
      1.1547112857458253,
      0.0
    ],
    "pickup": [
      0.0,
      0.0,
      1.2027602113789495,
      0.0,
      0.0,
      1.4482784629192968,
      0.0,
      0.0,
      0.5222294526971545,
      1.1034030268444694,
      0.8188512680160285,
      0.0,
      0.0,
      0.0,
      0.0,
      0.6990213523427173,
      1.4859323554629236,
      0.0,
      0.8577974343731862,
      0.6234446957429541,
      0.0,
      0.0,
      0.9067153638836043,
      0.0,
      0.0,
      0.0,
      0.0,
      0.0,
      1.8526828824755703,
      0.0,
      0.0,
      1.0158329603705396,
      1.8693849119664188,
      0.0,
      1.7964825473060946,
      1.7416729628381524,
      0.9565218727043174,
      0.0,
      0.0,
      1.2951010521684685
    ],
    "service_duration_s": [
      60.0,
      60.0,
      60.0,
      60.0,
      60.0,
      60.0,
      60.0,
      60.0,
      60.0,
      60.0,
      60.0,
      60.0,
      60.0,
      60.0,
      60.0,
      60.0,
      60.0,
      60.0,
      60.0,
      60.0,
      60.0,
      60.0,
      60.0,
      60.0,
      60.0,
      60.0,
      60.0,
      60.0,
      60.0,
      60.0,
      60.0,
      60.0,
      60.0,
      60.0,
      60.0,
      60.0,
      60.0,
      60.0,
      60.0,
      60.0
    ],
    "tw_early_s": [
      33.663582754514806,
      167.9838198015924,
      0.0,
      601.8562224521069,
      413.3513580190639,
      0.0,
      770.0793107466122,
      0.0,
      1020.1163319510847,
      515.5507920353122,
      341.85096015259575,
      88.61824953721515,
      244.7931515202336,
      686.9328175306402,
      768.2107153073152,
      504.8871183089302,
      354.6919445328732,
      451.54528142165657,
      257.0613493669987,
      696.3976590474124,
      0.0,
      317.6571373055241,
      0.0,
      845.883054545078,
      870.5035073936572,
      522.6421875654612,
      946.1991600113738,
      593.6732831211056,
      604.893951459617,
      764.7113158172554,
      118.9736856382907,
      421.8355213309611,
      9.13000242995409,
      91.57810451541573,
      172.36191402896162,
      198.2801224514401,
      922.1259315065465,
      943.6529906616531,
      699.4937074855851,
      846.0031341446828
    ],
    "tw_late_s": [
      273.6635827545148,
      407.9838198015924,
      128.84734567301854,
      841.8562224521069,
      653.3513580190639,
      234.79423720068817,
      1010.0793107466122,
      148.15171905058097,
      1260.1163319510847,
      755.5507920353122,
      581.8509601525957,
      328.61824953721515,
      484.7931515202336,
      926.9328175306402,
      1008.2107153073152,
      744.8871183089302,
      594.6919445328732,
      691.5452814216566,
      497.0613493669987,
      936.3976590474124,
      205.24206556945637,
      557.6571373055241,
      163.58080674004805,
      1085.883054545078,
      1110.5035073936572,
      762.6421875654612,
      1186.1991600113738,
      833.6732831211056,
      844.893951459617,
      1004.7113158172554,
      358.9736856382907,
      661.8355213309611,
      249.1300024299541,
      331.5781045154157,
      412.3619140289616,
      438.2801224514401,
      1162.1259315065465,
      1183.6529906616531,
      939.4937074855851,
      1086.003134144683
    ],
    "bs_xy": [
      [
        100.17492684715468,
        528.3919127152675
      ],
      [
        508.2512960995583,
        812.2634953815002
      ],
      [
        899.9536050000761,
        150.54149137034045
      ],
      [
        449.91711084167787,
        13.24958809619936
      ],
      [
        12.769897799283836,
        983.1934669110195
      ],
      [
        614.6526603982603,
        628.4700334568379
      ],
      [
        874.041017571936,
        20.169666023369892
      ]
    ],
    "speed_mps": 10.0,
    "capacity_kg": 6.0,
    "altitude_m": 100.0
  }
}