{
  "spec": {
    "run_id": "seed2_N40_M3_D2_B7_K10_lo0.5_lt1.0_twA",
    "seed": 2,
    "n_clients": 40,
    "num_uavs": 3,
    "delta_min": 2,
    "bs_count": 7,
    "edge_samples": 10,
    "lambda_out": 0.5,
    "lambda_tw": 1.0,
    "tw_family": "A",
    "tw_mode": "soft"
  },
  "scenario": {
    "depot_xy": [
      500.0,
      500.0
    ],
    "client_xy": [
      [
        10.354907068754859,
        534.4232857785925
      ],
      [
        953.6717711749789,
        974.7918675959118
      ],
      [
        977.5475668065775,
        407.37552896234564
      ],
      [
        734.4061241084381,
        551.2708632251394
      ],
      [
        392.59305463205817,
        610.8489522699805
      ],
      [
        79.98080728420831,
        141.0521209575317
      ],
      [
        742.3206485329476,
        893.2734252100421
      ],
      [
        93.55428244229236,
        863.4134763826643
      ],
      [
        252.75615791853267,
        115.91801479265851
      ],
      [
        145.80759365156192,
        685.5978018933746
      ],
      [
        905.2319262989533,
        429.9406698012257
      ],
      [
        743.7668502563432,
        381.1964469912936
      ],
      [
        407.2020592860286,
        899.2341348628129
      ],
      [
        784.0513801661504,
        230.92661129515713
      ],
      [
        913.1298142961208,
        83.27407630141093
      ],
      [
        350.69768378429956,
        367.29651679974984
      ],
      [
        329.61650188777213,
        874.7241512198445
      ],
      [
        74.46475884582371,
        19.193050155786207
      ],
      [
        8.779699140573527,
        455.016303197477
      ],
      [
        29.084547259023097,
        649.3805085525183
      ],
      [
        716.2623235392831,
        538.7955046495157
      ],
      [
        803.4465287380033,
        684.3949711458235
      ],
      [
        438.46216220826483,
        7.269540842413491
      ],
      [
        981.5669699605161,
        717.2225685437518
      ],
      [
        680.7548367025645,
        340.66259867311453
      ],
      [
        34.50959793775332,
        62.756726383024876
      ],
      [
        301.8359916294306,
        732.5195406932212
      ],
      [
        523.0567453677852,
        96.2839601369787
      ],
      [
        402.1259416965771,
        362.6299312843638
      ],
      [
        471.2870452581357,
        543.0096714276692
      ],
      [
        207.87754102669575,
        469.55122735486464
      ],
      [
        985.7942087706065,
        198.69058297802556
      ],
      [
        327.371871918732,
        450.8948033910857
      ],
      [
        559.5783880175134,
        54.83330672729125
      ],
      [
        485.0192225967195,
        298.16097002147
      ],
      [
        925.5544191143432,
        136.96612604963
      ],
      [
        486.6753883936703,
        321.1203936705246
      ],
      [
        864.3132153644897,
        801.6400676489584
      ],
      [
        519.8350066353182,
        623.4690445798407
      ],
      [
        107.37421155451365,
        750.1875990686597
      ]
    ],
    "delivery": [
      0.0,
      1.5733019062893856,
      0.0,
      0.0,
      0.0,
      0.0,
      1.2260954018046377,
      1.6159888261471087,
      0.8798152619234068,
      0.0,
      0.0,
      0.0,
      1.8043637778960218,
      0.0,
      0.0,
      1.0110004847779732,
      1.7127896248694334,
      0.9718378605017581,
      0.0,
      0.6352043353729955,
      0.0,
      1.6366376082141547,
      1.5376942403413436,
      0.0,
      0.0,
      0.0,
      1.8843900930296709,
      1.8661667222057818,
      0.692563264130045,
      0.7736047969271997,
      1.9965362941506992,
      1.7563874134377313,
      1.1373571788317396,
      0.0,
      0.0,
      0.6922780887553739,
      0.51797759359494,
      1.3233613817912113,
      0.0,
      1.3414626172433453
    ],
    "pickup": [
      1.1810128540537448,
      0.0,
      1.8299819096184957,
      0.8393589432065185,
      1.2700606146028819,
      1.2496290532494205,
      0.0,
      0.0,
      0.0,
      0.7705133329725056,
      1.0006097298040082,
      0.5454435208983996,
      0.0,
      0.5663656255640713,
      1.8889988337699073,
      0.0,
      0.0,
      0.0,
      1.8803667715254142,
      0.0,
      1.9457601829552829,
      0.0,
      0.0,
      1.4932397596234561,
      0.9761870049756156,
      1.175248796110457,
      0.0,
      0.0,
      0.0,
      0.0,
      0.0,
      0.0,
      0.0,
      1.0177331128517992,
      0.5444763504956586,
      0.0,
      0.0,
      0.0,
      1.3803285417080344,
      0.0
    ],
    "service_duration_s": [
      60.0,
      60.0,
      60.0,
      60.0,
      60.0,
      60.0,
      60.0,
      60.0,
      60.0,
      60.0,
      60.0,
      60.0,
      60.0,
      60.0,
      60.0,
      60.0,
      60.0,
      60.0,
      60.0,
      60.0,
      60.0,
      60.0,
      60.0,
      60.0,
      60.0,
      60.0,
      60.0,
      60.0,
      60.0,
      60.0,
      60.0,
      60.0,
      60.0,
      60.0,
      60.0,
      60.0,
      60.0,
      60.0,
      60.0,
      60.0
    ],
    "tw_early_s": [
      1050.4100931586104,
      692.3376176823725,
      439.5048653380436,
      527.7579409900737,
      790.8383569556042,
      21.521219376239202,
      602.3976643650734,
      893.6761831605492,
      89.03341751407032,
      876.6240999682415,
      516.705011715096,
      367.6650381287346,
      807.5044661502485,
      351.7866693122843,
      286.4575244736454,
      0.0,
      703.709743497415,
      93.71960448535896,
      0.0,
      976.0293614743327,
      443.66315113142616,
      520.6337994042948,
      190.13886858129393,
      606.4300732349523,
      300.17270423896247,
      6.57062972430208,
      887.2264752067687,
      262.4188565056698,
      52.09965829327169,
      784.1443107616453,
      0.0,
      432.2168749928421,
      0.0,
      209.12723502843653,
      178.55605729174505,
      351.9686105835281,
      121.51860231566579,
      615.9644279890646,
      714.7471754098901,
      966.7527508876717
    ],
    "tw_late_s": [
      1290.4100931586104,
      932.3376176823725,
      679.5048653380436,
      767.7579409900737,
      1030.8383569556042,
      261.5212193762392,
      842.3976643650734,
      1133.676183160549,
      329.0334175140703,
      1116.6240999682414,
      756.705011715096,
      607.6650381287345,
      1047.5044661502484,
      591.7866693122843,
      526.4575244736454,
      226.93570367276604,
      943.709743497415,
      333.71960448535896,
      169.32757007540982,
      1216.0293614743327,
      683.6631511314262,
      760.6337994042948,
      430.13886858129393,
      846.4300732349523,
      540.1727042389625,
      246.57062972430208,
      1127.2264752067686,
      502.4188565056698,
      292.09965829327166,
      1024.1443107616453,
      149.37050540801178,
      672.2168749928421,
      137.94764356088086,
      449.12723502843653,
      418.55605729174505,
      591.9686105835281,
      361.5186023156658,
      855.9644279890646,
      954.7471754098901,
      1206.7527508876717
    ],
    "bs_xy": [
      [
        235.1843309969035,
        709.5136733985419
      ],
      [
        698.0771995195795,
        287.23167011260995
      ],
      [
        453.0272976506463,
        711.0540999769582
      ],
      [
        865.11293865972,
        291.184822550237
      ],
      [
        464.17597645753597,
        142.36410542223877
      ],
      [
        401.00640251854594,
        173.12673263356737
      ],
      [
        829.9246786473192,
        216.0293607012709
      ]
    ],
    "speed_mps": 10.0,
    "capacity_kg": 6.0,
    "altitude_m": 100.0
  }
}