{
  "spec": {
    "run_id": "seed3_N40_M3_D2_B7_K10_lo0.0_lt5.0_twA",
    "seed": 3,
    "n_clients": 40,
    "num_uavs": 3,
    "delta_min": 2,
    "bs_count": 7,
    "edge_samples": 10,
    "lambda_out": 0.0,
    "lambda_tw": 5.0,
    "tw_family": "A",
    "tw_mode": "soft"
  },
  "scenario": {
    "depot_xy": [
      500.0,
      500.0
    ],
    "client_xy": [
      [
        520.5153015889591,
        938.0808605548167
      ],
      [
        700.6943675138115,
        74.55069954429561
      ],
      [
        992.012124639702,
        176.52108282853862
      ],
      [
        605.1841724029979,
        712.8696385725356
      ],
      [
        777.8579918087316,
        569.1987068417615
      ],
      [
        791.3361386409834,
        47.64559530652468
      ],
      [
        37.72740828300891,
        323.918538634825
      ],
      [
        638.4645156048906,
        164.32008752529202
      ],
      [
        137.9518444674116,
        589.1891550936883
      ],
      [
        698.3894826824685,
        675.1278641202882
      ],
      [
        382.06337019871773,
        385.9293677612683
      ],
      [
        754.3581777482043,
        545.3977747504059
      ],
      [
        631.825291965097,
        332.5781969055127
      ],
      [
        8.0667185432588,
        139.28551205979278
      ],
      [
        622.2590950578152,
        915.3560116236519
      ],
      [
        596.1580809342688,
        747.1764527203101
      ],
      [
        747.6669039048293,
        534.6508765094159
      ],
      [
        679.8051338041884,
        395.61295243164227
      ],
      [
        527.9964930806135,
        290.9349619178505
      ],
      [
        661.7982485478459,
        540.7694146788496
      ],
      [
        216.49134294686178,
        208.97422624578644
      ],
      [
        904.5649753883091,
        132.85820640783353
      ],
      [
        832.4425066584731,
        910.2182487304311
      ],
      [
        363.2845040325527,
        303.5089467619754
      ],
      [
        398.4481044355125,
        549.8801350872034
      ],
      [
        416.52971700976246,
        479.74029702528463
      ],
      [
        423.67956158715725,
        859.315854115408
      ],
      [
        814.3813185634426,
        289.53427935510814
      ],
      [
        444.1238410440236,
        766.995496647005
      ],
      [
        141.09214706417893,
        369.0007216417579
      ],
      [
        974.8210307985673,
        282.14460754379434
      ],
      [
        932.8130244346347,
        202.59706318657578
      ],
      [
        121.02253589119594,
        325.73989294164284
      ],
      [
        39.41721981453872,
        825.7582659303627
      ],
      [
        726.3729617861906,
        785.2970750107536
      ],
      [
        267.5343429507286,
        386.69122098114286
      ],
      [
        561.8504787320775,
        340.9377766101388
      ],
      [
        831.0652221549466,
        490.56336142027743
      ],
      [
        491.71266956825275,
        97.06021275251841
      ],
      [
        145.99114287175453,
        136.83632324474982
      ]
    ],
    "delivery": [
      0.0,
      1.5597845987623349,
      0.0,
      0.0,
      0.0,
      0.0,
      0.7466174037877746,
      0.0,
      0.0,
      0.0,
      0.0,
      0.0,
      1.3635975891905088,
      0.0,
      0.0,
      1.81525984323003,
      1.9357801820583158,
      0.0,
      0.0,
      0.0,
      0.0,
      0.0,
      0.0,
      0.0,
      0.693309256371297,
      0.0,
      0.0,
      0.822864719884767,
      0.0,
      1.1900113934781316,
      1.7340266319587236,
      0.892768904366938,
      0.0,
      0.0,
      0.0,
      0.8948796261478489,
      1.9041950360717632,
      0.0,
      1.7036350840211034,
      0.0
    ],
    "pickup": [
      0.9107517419161062,
      0.0,
      1.746976222521171,
      1.1212929719401856,
      0.9396722019350008,
      0.9666997601970034,
      0.0,
      1.2584936538206153,
      1.787189848291824,
      0.6531165780694639,
      1.5918370369486536,
      0.7019226338967363,
      0.0,
      0.9877878553371935,
      0.5130274638212327,
      0.0,
      0.0,
      1.2887563282771521,
      0.6203591418583465,
      1.5924085046407674,
      1.4176698969061743,
      1.4618498242020346,
      0.9532310982102228,
      0.5433711058440797,
      0.0,
      1.9814742482668246,
      0.8426977582979827,
      0.0,
      0.5617344776336137,
      0.0,
      0.0,
      0.0,
      1.917155276846785,
      0.5777574032525603,
      1.69746950122571,
      0.0,
      0.0,
      1.07718582199094,
      0.0,
      1.4489190420475286
    ],
    "service_duration_s": [
      60.0,
      60.0,
      60.0,
      60.0,
      60.0,
      60.0,
      60.0,
      60.0,
      60.0,
      60.0,
      60.0,
      60.0,
      60.0,
      60.0,
      60.0,
      60.0,
      60.0,
      60.0,
      60.0,
      60.0,
      60.0,
      60.0,
      60.0,
      60.0,
      60.0,
      60.0,
      60.0,
      60.0,
      60.0,
      60.0,
      60.0,
      60.0,
      60.0,
      60.0,
      60.0,
      60.0,
      60.0,
      60.0,
      60.0,
      60.0
    ],
    "tw_early_s": [
      803.9405521867545,
      270.03976722386955,
      421.01842106055017,
      719.8804374339782,
      585.8012138930295,
      314.60098486847653,
      0.0,
      249.702387723757,
      973.3908274240075,
      649.8247567493618,
      68.70114417382575,
      575.6959242019504,
      326.541292279204,
      8.16725419567365,
      793.4369587272682,
      769.044909644331,
      562.8774429134812,
      487.40593226550345,
      182.35462593170848,
      631.4860795547545,
      90.14391020669592,
      351.24424555080765,
      680.3372526368316,
      137.15441076857326,
      926.5637563786806,
      0.0,
      874.0705067418422,
      405.2974863722128,
      844.3769690628087,
      0.0,
      481.3584665762877,
      395.5832789785238,
      0.0,
      913.3441684056302,
      716.7771195209579,
      0.0,
      217.36068791508768,
      516.3067276453849,
      173.55927926546735,
      78.75906188292103
    ],
    "tw_late_s": [
      1043.9405521867545,
      510.03976722386955,
      661.0184210605502,
      959.8804374339782,
      825.8012138930295,
      554.6009848684765,
      169.4672245117148,
      489.702387723757,
      1213.3908274240075,
      889.8247567493618,
      308.70114417382575,
      815.6959242019504,
      566.5412922792041,
      248.16725419567365,
      1033.4369587272681,
      1009.044909644331,
      802.8774429134812,
      727.4059322655035,
      422.3546259317085,
      871.4860795547545,
      330.1439102066959,
      591.2442455508076,
      920.3372526368316,
      377.15441076857326,
      1166.5637563786806,
      128.58937931814285,
      1114.070506741842,
      645.2974863722128,
      1084.3769690628087,
      158.2067608976973,
      721.3584665762877,
      635.5832789785238,
      221.91213708975687,
      1153.3441684056302,
      956.7771195209579,
      230.97413442066176,
      457.3606879150877,
      756.3067276453849,
      413.55927926546735,
      318.75906188292106
    ],
    "bs_xy": [
      [
        195.60232880681662,
        688.4556333782136
      ],
      [
        927.4474133699414,
        25.984594325313527
      ],
      [
        194.92119545551466,
        491.89735258541015
      ],
      [
        48.23873701286552,
        908.4532378046154
      ],
      [
        388.2632750634452,
        114.31230284966088
      ],
      [
        331.2625683560384,
        915.6062653037663
      ],
      [
        516.5063034811724,
        442.46491001155175
      ]
    ],
    "speed_mps": 10.0,
    "capacity_kg": 6.0,
    "altitude_m": 100.0
  }
}