{
  "spec": {
    "run_id": "seed9_N40_M3_D10_B4_K10_lo1.0_lt5.0_twA",
    "seed": 9,
    "n_clients": 40,
    "num_uavs": 3,
    "delta_min": 10,
    "bs_count": 4,
    "edge_samples": 10,
    "lambda_out": 1.0,
    "lambda_tw": 5.0,
    "tw_family": "A",
    "tw_mode": "soft"
  },
  "scenario": {
    "depot_xy": [
      500.0,
      500.0
    ],
    "client_xy": [
      [
        239.46856218733183,
        618.0424850495942
      ],
      [
        856.527811855884,
        710.6161502350997
      ],
      [
        862.1954944009286,
        262.3276134902899
      ],
      [
        690.5906179944478,
        174.8692888066934
      ],
      [
        744.9093899337854,
        518.8603322525021
      ],
      [
        38.656245703010185,
        713.1492498965865
      ],
      [
        223.467495776294,
        292.5244935747115
      ],
      [
        167.80951712796622,
        823.6915651857524
      ],
      [
        422.4305220961785,
        687.055238758582
      ],
      [
        650.1047504917091,
        999.7632435065232
      ],
      [
        598.4596906965519,
        981.013167616911
      ],
      [
        919.7655317544369,
        601.2282466998879
      ],
      [
        522.1725867485313,
        401.1701178936484
      ],
      [
        125.28664006177902,
        156.80868353333565
      ],
      [
        881.3823939526615,
        637.8619812584417
      ],
      [
        730.0170178465121,
        329.14530132391815
      ],
      [
        941.6436431840822,
        729.6238090670979
      ],
      [
        744.942575766248,
        88.81940442069225
      ],
      [
        506.33969348925325,
        283.07371991429096
      ],
      [
        622.1387519578253,
        703.703672418983
      ],
      [
        584.2401823261102,
        309.30591237051743
      ],
      [
        208.60026177599843,
        588.5044487670617
      ],
      [
        242.3743444268659,
        59.74410022888754
      ],
      [
        266.576752218202,
        217.1310569899204
      ],
      [
        128.40323391811637,
        470.3996701772289
      ],
      [
        530.9044433101222,
        74.19577124001908
      ],
      [
        680.5185977547956,
        904.9684159567935
      ],
      [
        811.5438906464734,
        561.3651532784394
      ],
      [
        0.4203229397344854,
        344.94772571892696
      ],
      [
        213.21749079739783,
        72.3926584891179
      ],
      [
        894.5027926734274,
        78.68853463022296
      ],
      [
        726.3492891791251,
        675.5141579116284
      ],
      [
        839.1804862630459,
        572.867683411285
      ],
      [
        203.23290207170953,
        395.77560802769995
      ],
      [
        199.69189767543548,
        295.09131843840373
      ],
      [
        119.1063520857294,
        263.96937131084684
      ],
      [
        593.9757233795103,
        973.2613583654061
      ],
      [
        476.63953494965403,
        167.94337138507697
      ],
      [
        78.27649625193833,
        165.1052402129255
      ],
      [
        51.467724027778104,
        752.4798337148521
      ]
    ],
    "delivery": [
      0.0,
      0.0,
      0.7041375635063493,
      0.7649114089205122,
      0.0,
      0.0,
      0.0,
      1.1487379900304615,
      0.7391563946583155,
      0.0,
      0.8528985146380541,
      0.0,
      0.0,
      1.5809017575079185,
      0.0,
      0.0,
      0.0,
      0.0,
      0.9015000481304192,
      1.992197994458528,
      1.3124648106356762,
      0.0,
      0.5713389142787646,
      0.0,
      0.0,
      1.4469777413367726,
      1.8548091636585555,
      1.9728554406330976,
      1.0607191562434755,
      1.332044567843529,
      0.0,
      0.0,
      1.2790386283411976,
      1.8699279239654887,
      0.0,
      0.5450498358401645,
      1.3470865053658096,
      1.6587286692827252,
      0.6988950129373903,
      0.6350478464627939
    ],
    "pickup": [
      1.9389622615083089,
      0.9127901637632305,
      0.0,
      0.0,
      1.613684320005084,
      1.8380810434204642,
      1.979956868248329,
      0.0,
      0.0,
      0.7936922047925531,
      0.0,
      0.9621767405519958,
      1.0850648440667994,
      0.0,
      1.3219303889950136,
      1.8234527670624796,
      0.7044980231448322,
      1.1613843583932608,
      0.0,
      0.0,
      0.0,
      0.5762793359946545,
      0.0,
      0.8790164127875549,
      1.7726857263240658,
      0.0,
      0.0,
      0.0,
      0.0,
      0.0,
      1.2777328117525457,
      1.6840795766227603,
      0.0,
      0.0,
      1.3935538148497806,
      0.0,
      0.0,
      0.0,
      0.0,
      0.0
    ],
    "service_duration_s": [
      60.0,
      60.0,
      60.0,
      60.0,
      60.0,
      60.0,
      60.0,
      60.0,
      60.0,
      60.0,
      60.0,
      60.0,
      60.0,
      60.0,
      60.0,
      60.0,
      60.0,
      60.0,
      60.0,
      60.0,
      60.0,
      60.0,
      60.0,
      60.0,
      60.0,
      60.0,
      60.0,
      60.0,
      60.0,
      60.0,
      60.0,
      60.0,
      60.0,
      60.0,
      60.0,
      60.0,
      60.0,
      60.0,
      60.0,
      60.0
    ],
    "tw_early_s": [
      452.6839998077803,
      186.43957176590789,
      0.0,
      0.0,
      34.47589984910246,
      448.8317663165499,
      0.0,
      370.9063592331755,
      350.36573030575596,
      251.68474653996498,
      265.0577323632069,
      113.80441341399296,
      0.0,
      0.0,
      82.42150299681725,
      0.0,
      85.1704139156584,
      0.0,
      0.0,
      177.2258703936684,
      0.0,
      544.9667054526994,
      0.0,
      0.0,
      0.0,
      0.0,
      272.660183246123,
      12.063326885623496,
      0.0,
      0.0,
      0.0,
      158.37548368580053,
      6.443112599973347,
      0.0,
      0.0,
      0.0,
      343.6845177330489,
      0.0,
      0.0,
      462.2557914931135
    ],
    "tw_late_s": [
      1652.6839998077803,
      1386.4395717659079,
      1115.3039370126005,
      1051.5283875385817,
      1234.4758998491025,
      1648.8317663165499,
      701.9752024058504,
      1570.9063592331754,
      1550.365730305756,
      1451.684746539965,
      1465.057732363207,
      1313.804413413993,
      935.9974711378977,
      808.5531178003056,
      1282.4215029968173,
      1127.4518070970528,
      1285.1704139156584,
      1034.3627466111716,
      961.107908765515,
      1377.2258703936684,
      1029.3277713447083,
      1744.9667054526994,
      883.7620177755017,
      770.6600042291732,
      637.2773840402101,
      972.6511971955883,
      1472.6601832461229,
      1212.0633268856236,
      652.3088005493695,
      865.0098291276504,
      1127.9861808173366,
      1358.3754836858006,
      1206.4431125999733,
      631.4536856814548,
      732.8501787515661,
      717.9413382363143,
      1543.6845177330488,
      852.2344801449497,
      788.637689738184,
      1662.2557914931135
    ],
    "bs_xy": [
      [
        19.744626289887933,
        937.1746122545209
      ],
      [
        598.7644238647707,
        757.8354187218561
      ],
      [
        766.4693376257815,
        14.849200653287763
      ],
      [
        445.24049152962095,
        880.6379809172167
      ]
    ],
    "speed_mps": 10.0,
    "capacity_kg": 6.0,
    "altitude_m": 100.0
  }
}