{
  "spec": {
    "run_id": "seed8_N10_M3_D5_B10_K10_lo0.5_lt1.0_twA",
    "seed": 8,
    "n_clients": 10,
    "num_uavs": 3,
    "delta_min": 5,
    "bs_count": 10,
    "edge_samples": 10,
    "lambda_out": 0.5,
    "lambda_tw": 1.0,
    "tw_family": "A",
    "tw_mode": "soft"
  },
  "scenario": {
    "depot_xy": [
      500.0,
      500.0
    ],
    "client_xy": [
      [
        233.57203163504158,
        400.11785699129354
      ],
      [
        851.1471548909066,
        405.2493177766058
      ],
      [
        857.9386715672248,
        198.51375903356129
      ],
      [
        263.16792719877316,
        186.7481425873553
      ],
      [
        409.8244659538759,
        323.2908096030488
      ],
      [
        620.7666027818841,
        242.99303140540297
      ],
      [
        457.0502466793411,
        526.0503488162902
      ],
      [
        827.2385436667332,
        182.8236180896763
      ],
      [
        378.01966534759725,
        305.65569501773393
      ],
      [
        164.3553032849636,
        4.739372904521866
      ]
    ],
    "delivery": [
      0.0,
      1.9921549311550877,
      0.7884696464623384,
      0.0,
      0.0,
      0.9799261997926929,
      0.0,
      0.0,
      0.0,
      0.0
    ],
    "pickup": [
      1.0832631161748252,
      0.0,
      0.0,
      1.1563459477091693,
      0.776772623068126,
      0.0,
      0.8914085746486635,
      1.697745745202619,
      1.8056431828251522,
      1.8035578300040753
    ],
    "service_duration_s": [
      60.0,
      60.0,
      60.0,
      60.0,
      60.0,
      60.0,
      60.0,
      60.0,
      60.0,
      60.0
    ],
    "tw_early_s": [
      0.0,
      0.0,
      0.0,
      0.0,
      0.0,
      0.0,
      22.76580867600461,
      0.0,
      0.0,
      0.0
    ],
    "tw_late_s": [
      328.45352435447865,
      559.4920784301472,
      525.8245355315223,
      339.2703650199228,
      419.3083390381177,
      471.3136644831147,
      622.7658086760046,
      512.2837362233304,
      405.7127882234493,
      359.8281247561659
    ],
    "bs_xy": [
      [
        818.2059273352805,
        477.3780216737664
      ],
      [
        486.689670006858,
        597.2393637875325
      ],
      [
        716.6194368285564,
        834.2656878686661
      ],
      [
        606.0770279193197,
        675.7522938955805
      ],
      [
        543.4877106483563,
        976.9937502955664
      ],
      [
        458.32506504891535,
        868.9444088928697
      ],
      [
        209.9495958780594,
        341.6184640453956
      ],
      [
        593.5923951021017,
        881.3871992544836
      ],
      [
        388.6882984396073,
        743.1914721480235
      ],
      [
        20.124137520214248,
        89.4989792294093
      ]
    ],
    "speed_mps": 10.0,
    "capacity_kg": 6.0,
    "altitude_m": 100.0
  }
}