{
  "spec": {
    "run_id": "seed2_N10_M3_D10_B10_K10_lo0.0_lt0.0_twA",
    "seed": 2,
    "n_clients": 10,
    "num_uavs": 3,
    "delta_min": 10,
    "bs_count": 10,
    "edge_samples": 10,
    "lambda_out": 0.0,
    "lambda_tw": 0.0,
    "tw_family": "A",
    "tw_mode": "soft"
  },
  "scenario": {
    "depot_xy": [
      500.0,
      500.0
    ],
    "client_xy": [
      [
        959.0712037688502,
        43.35908678469136
      ],
      [
        493.25103787349525,
        687.9475290766967
      ],
      [
        501.85971135576744,
        931.3643454340282
      ],
      [
        602.8392765405694,
        809.5472714818337
      ],
      [
        378.7185025149684,
        76.16870582518199
      ],
      [
        724.8431060653259,
        329.9586940644286
      ],
      [
        689.5718514307125,
        841.8527513274786
      ],
      [
        581.1041895022753,
        457.7060717808656
      ],
      [
        6.196469779719993,
        824.5442574167558
      ],
      [
        904.9938970321621,
        419.60581199626836
      ]
    ],
    "delivery": [
      0.0,
      0.0,
      0.0,
      1.5317634522860626,
      1.212134689356323,
      0.7896380331036137,
      0.0,
      0.6770559479247865,
      0.0,
      0.0
    ],
    "pickup": [
      1.0008781061373175,
      0.5462604653070678,
      1.0887839900345597,
      0.0,
      0.0,
      0.0,
      1.0416097960554762,
      0.0,
      1.9196443979216715,
      0.6057396431278921
    ],
    "service_duration_s": [
      60.0,
      60.0,
      60.0,
      60.0,
      60.0,
      60.0,
      60.0,
      60.0,
      60.0,
      60.0
    ],
    "tw_early_s": [
      0.0,
      0.0,
      0.0,
      0.0,
      0.0,
      0.0,
      0.0,
      0.0,
      0.0,
      0.0
    ],
    "tw_late_s": [
      664.750852793758,
      824.4466063815198,
      887.9092227211825,
      842.5246504126725,
      644.0842565497154,
      628.1901521935192,
      739.5009295472805,
      747.2734598206401,
      962.2077760384803,
      762.7621607607736
    ],
    "bs_xy": [
      [
        863.3421317966436,
        563.0939908487104
      ],
      [
        282.789372665274,
        989.4602122824836
      ],
      [
        670.5098062592904,
        165.911805724154
      ],
      [
        691.7519977036909,
        237.00336568694868
      ],
      [
        945.6240436236977,
        460.7808509054867
      ],
      [
        513.1910997152743,
        997.3898945196732
      ],
      [
        909.4044241861786,
        156.39950659522518
      ],
      [
        28.425560716221266,
        923.5931030432018
      ],
      [
        794.435775304529,
        601.8576040837953
      ],
      [
        762.3800323388327,
        555.0112106348784
      ]
    ],
    "speed_mps": 10.0,
    "capacity_kg": 6.0,
    "altitude_m": 100.0
  }
}