{
  "spec": {
    "run_id": "seed7_N10_M3_D5_B7_K10_lo1.0_lt0.0_twA",
    "seed": 7,
    "n_clients": 10,
    "num_uavs": 3,
    "delta_min": 5,
    "bs_count": 7,
    "edge_samples": 10,
    "lambda_out": 1.0,
    "lambda_tw": 0.0,
    "tw_family": "A",
    "tw_mode": "soft"
  },
  "scenario": {
    "depot_xy": [
      500.0,
      500.0
    ],
    "client_xy": [
      [
        815.392470154376,
        619.1729755154754
      ],
      [
        202.8767862166414,
        864.2147037249663
      ],
      [
        34.01171626109745,
        256.46510027842714
      ],
      [
        183.33613828652696,
        267.7952329082735
      ],
      [
        82.81972335675614,
        438.40016444414056
      ],
      [
        529.666588825156,
        662.1742254731547
      ],
      [
        570.7493659885276,
        454.1910704535618
      ],
      [
        230.1555454280506,
        430.46137762064376
      ],
      [
        920.629971453868,
        788.2844130528044
      ],
      [
        986.9516904534855,
        760.2702413340741
      ]
    ],
    "delivery": [
      1.3588048945893925,
      1.4526364854249538,
      0.0,
      1.5932303629973916,
      0.0,
      1.2653268389165733,
      1.435169914301448,
      0.0,
      0.6442028317897741,
      0.0
    ],
    "pickup": [
      0.0,
      0.0,
      1.5826925066790314,
      0.0,
      0.9904395917483142,
      0.0,
      0.0,
      1.3873687330206166,
      0.0,
      1.2380998354386805
    ],
    "service_duration_s": [
      60.0,
      60.0,
      60.0,
      60.0,
      60.0,
      60.0,
      60.0,
      60.0,
      60.0,
      60.0
    ],
    "tw_early_s": [
      0.0,
      115.31649302145013,
      0.0,
      0.0,
      0.0,
      0.0,
      0.0,
      0.0,
      0.0,
      0.0
    ],
    "tw_late_s": [
      498.7248983885223,
      715.3164930214501,
      352.5789242914235,
      421.9717717650129,
      342.1703596096408,
      587.6192554084116,
      422.0079917714074,
      327.8660455869956,
      530.3851350985954,
      576.2230099324024
    ],
    "bs_xy": [
      [
        888.44701429571,
        145.08686224289323
      ],
      [
        573.4317577974141,
        397.4773661300696
      ],
      [
        715.069780522447,
        293.9751094922074
      ],
      [
        102.49670144108968,
        4.246150630102696
      ],
      [
        380.6200643984776,
        641.6309149797095
      ],
      [
        539.6843049260256,
        555.2566955938269
      ],
      [
        122.00124601921425,
        139.46574509892474
      ]
    ],
    "speed_mps": 10.0,
    "capacity_kg": 6.0,
    "altitude_m": 100.0
  }
}