{
  "spec": {
    "run_id": "seed10_N40_M3_D5_B7_K10_lo1.0_lt5.0_twA",
    "seed": 10,
    "n_clients": 40,
    "num_uavs": 3,
    "delta_min": 5,
    "bs_count": 7,
    "edge_samples": 10,
    "lambda_out": 1.0,
    "lambda_tw": 5.0,
    "tw_family": "A",
    "tw_mode": "soft"
  },
  "scenario": {
    "depot_xy": [
      500.0,
      500.0
    ],
    "client_xy": [
      [
        486.6349464865719,
        88.94019565264134
      ],
      [
        650.670606687735,
        910.9388862410798
      ],
      [
        388.1809129150656,
        509.97873247357086
      ],
      [
        536.3389518701213,
        590.6726983829304
      ],
      [
        18.66491184408037,
        149.03103397419082
      ],
      [
        80.7373758062292,
        840.2494356275969
      ],
      [
        485.54412258718907,
        702.4906729210853
      ],
      [
        488.7726893646456,
        853.699705058246
      ],
      [
        485.44849571695715,
        593.8831174933615
      ],
      [
        461.2706518345554,
        448.11629649789296
      ],
      [
        153.58699324553592,
        180.62491676521896
      ],
      [
        493.2371118043851,
        344.0716415459639
      ],
      [
        554.6137733387967,
        810.7349633577658
      ],
      [
        536.2337763046175,
        899.0461948730556
      ],
      [
        488.7792960933883,
        243.34033233041453
      ],
      [
        155.49391581727855,
        289.573120690787
      ],
      [
        161.63952173362196,
        337.1686437701693
      ],
      [
        348.3107057688627,
        777.8972411966112
      ],
      [
        618.1029311549877,
        292.9227175616909
      ],
      [
        327.88532166512573,
        112.22650285993463
      ],
      [
        587.797420494783,
        246.06690701207168
      ],
      [
        136.4946274116382,
        440.38674923745725
      ],
      [
        748.6719536168315,
        970.873805346589
      ],
      [
        191.59638025959634,
        920.3698484271513
      ],
      [
        692.4385487895611,
        152.0114183996848
      ],
      [
        757.4728836252712,
        249.92043153174203
      ],
      [
        548.4051042251751,
        455.864524712006
      ],
      [
        644.927332819137,
        686.6339025592456
      ],
      [
        95.11224983597243,
        556.2530176613573
      ],
      [
        191.5856407386769,
        377.1677241754243
      ],
      [
        448.22996044660243,
        410.1086085762673
      ],
      [
        906.9202768840015,
        295.9009395262759
      ],
      [
        228.14805589747712,
        377.56209544047294
      ],
      [
        16.125599507866852,
        302.7961300246235
      ],
      [
        642.4116611194621,
        581.4062720636952
      ],
      [
        22.96373077495617,
        426.5459596952068
      ],
      [
        230.86109210239624,
        391.12929365785544
      ],
      [
        121.57684559079851,
        355.15317380988154
      ],
      [
        523.933035194213,
        709.0371294415625
      ],
      [
        0.6384647375073937,
        734.2955701726387
      ]
    ],
    "delivery": [
      1.3158802824147897,
      0.0,
      0.5960670915913124,
      0.0,
      0.0,
      0.7606473068003416,
      0.0,
      0.793984233317659,
      0.0,
      0.6403356643741634,
      0.0,
      1.1072884369527902,
      0.0,
      1.721864723932493,
      0.0,
      1.1392707894228198,
      1.573032462511231,
      0.0,
      1.9810409455508942,
      0.0,
      1.0412236415204688,
      0.0,
      1.5361977843124044,
      1.9593696638993239,
      0.8512020353216583,
      1.275991420212245,
      0.0,
      1.4996461276389548,
      1.7577566758066665,
      1.8177733548825492,
      0.0,
      0.0,
      0.0,
      0.0,
      1.7624798747832517,
      1.2223299807503243,
      1.0415491126934053,
      1.176653178232072,
      0.0,
      1.2593557815111627
    ],
    "pickup": [
      0.0,
      1.8111821370504155,
      0.0,
      0.9024498777132501,
      1.667312094118719,
      0.0,
      1.746758459964123,
      0.0,
      0.7108610335060669,
      0.0,
      1.9450787058106365,
      0.0,
      0.7396570988362198,
      0.0,
      0.5341763397486665,
      0.0,
      0.0,
      0.8005140424870058,
      0.0,
      0.8041133595204901,
      0.0,
      1.9835006336456595,
      0.0,
      0.0,
      0.0,
      0.0,
      0.737886930973559,
      0.0,
      0.0,
      0.0,
      1.391470834142166,
      1.782146807762709,
      1.0175785326721198,
      1.6319356797407916,
      0.0,
      0.0,
      0.0,
      0.0,
      1.5881873269766933,
      0.0
    ],
    "service_duration_s": [
      60.0,
      60.0,
      60.0,
      60.0,
      60.0,
      60.0,
      60.0,
      60.0,
      60.0,
      60.0,
      60.0,
      60.0,
      60.0,
      60.0,
      60.0,
      60.0,
      60.0,
      60.0,
      60.0,
      60.0,
      60.0,
      60.0,
      60.0,
      60.0,
      60.0,
      60.0,
      60.0,
      60.0,
      60.0,
      60.0,
      60.0,
      60.0,
      60.0,
      60.0,
      60.0,
      60.0,
      60.0,
      60.0,
      60.0,
      60.0
    ],
    "tw_early_s": [
      106.70162893841677,
      507.50303841512255,
      882.4465514561955,
      374.0114160450088,
      0.0,
      777.3244653040852,
      509.8070050894004,
      562.2023032596725,
      669.9443583719121,
      0.0,
      0.0,
      158.7537667944501,
      494.3403586094729,
      579.0083520814724,
      61.39752219511041,
      0.0,
      0.0,
      638.1633753925702,
      190.96944718339932,
      30.65678693723072,
      131.3030878879241,
      0.0,
      409.18026599312043,
      606.3961578998567,
      246.4247519254419,
      208.27500953509457,
      340.05098325884126,
      425.06518849601537,
      704.0644806486239,
      0.0,
      90.76219330238752,
      279.8527172545016,
      0.0,
      0.0,
      303.3637466736276,
      0.0,
      0.0,
      0.0,
      445.912695517571,
      733.2029377328518
    ],
    "tw_late_s": [
      706.7016289384168,
      1107.5030384151225,
      1482.4465514561955,
      974.0114160450088,
      580.4941486874445,
      1377.3244653040852,
      1109.8070050894003,
      1162.2023032596726,
      1269.9443583719121,
      580.7359828019095,
      551.9329384240052,
      758.75376679445,
      1094.3403586094728,
      1179.0083520814724,
      661.3975221951105,
      486.2924999808615,
      476.2578685103966,
      1238.1633753925703,
      790.9694471833993,
      630.6567869372307,
      731.3030878879241,
      336.83610939921334,
      1009.1802659931204,
      1206.3961578998567,
      846.4247519254419,
      808.2750095350946,
      940.0509832588413,
      1025.0651884960153,
      1304.0644806486239,
      425.8361407052214,
      690.7621933023875,
      879.8527172545016,
      489.4925949042223,
      412.2930801476102,
      903.3637466736276,
      348.2658365920706,
      407.4809798016225,
      340.5197096300505,
      1045.9126955175711,
      1333.2029377328518
    ],
    "bs_xy": [
      [
        465.81197408353836,
        195.55855131066957
      ],
      [
        209.33672056973762,
        516.186085163432
      ],
      [
        293.3131008433381,
        360.3582049439719
      ],
      [
        546.2343436448842,
        896.0762804549408
      ],
      [
        247.81001436850113,
        969.3938251225827
      ],
      [
        350.0648269387483,
        236.72575926675864
      ],
      [
        625.5218565511633,
        649.5154901910811
      ]
    ],
    "speed_mps": 10.0,
    "capacity_kg": 6.0,
    "altitude_m": 100.0
  }
}