{
  "spec": {
    "run_id": "seed8_N40_M3_D5_B10_K10_lo0.5_lt0.0_twA",
    "seed": 8,
    "n_clients": 40,
    "num_uavs": 3,
    "delta_min": 5,
    "bs_count": 10,
    "edge_samples": 10,
    "lambda_out": 0.5,
    "lambda_tw": 0.0,
    "tw_family": "A",
    "tw_mode": "soft"
  },
  "scenario": {
    "depot_xy": [
      500.0,
      500.0
    ],
    "client_xy": [
      [
        255.46097854937943,
        298.3923192872735
      ],
      [
        646.4244973279582,
        591.6398663112632
      ],
      [
        41.13139658733833,
        661.089518361539
      ],
      [
        184.99423432609098,
        210.24567415829242
      ],
      [
        314.7234478240395,
        508.08628554430004
      ],
      [
        9.965324379672126,
        520.3484868616254
      ],
      [
        896.7699101188884,
        120.19032393741946
      ],
      [
        915.0303283520203,
        910.7563916961676
      ],
      [
        880.4475422321433,
        124.41872207243298
      ],
      [
        781.1620313408635,
        331.5733161712533
      ],
      [
        444.03499272992144,
        768.8878175407442
      ],
      [
        989.6830903477212,
        584.905381685428
      ],
      [
        622.2554014261357,
        818.041901846286
      ],
      [
        430.68055693556875,
        859.3585431196416
      ],
      [
        361.7311324478535,
        295.9750269089335
      ],
      [
        697.7683780453431,
        143.1706875030486
      ],
      [
        171.96404361531248,
        281.7396363900078
      ],
      [
        997.3284077409102,
        458.6990726884235
      ],
      [
        775.0457833474474,
        512.5645330149152
      ],
      [
        0.8973581572685463,
        658.2409217270732
      ],
      [
        679.6460785006147,
        901.1363361816443
      ],
      [
        396.52540789826395,
        825.5229756877197
      ],
      [
        185.04715735935574,
        230.38249669604483
      ],
      [
        677.0208244728033,
        462.23876251134897
      ],
      [
        185.30051017292436,
        669.9508634613255
      ],
      [
        440.81141676614357,
        163.7354714016639
      ],
      [
        39.47244562092067,
        122.38595323553237
      ],
      [
        309.83045895380326,
        852.1254755503812
      ],
      [
        375.4382861345803,
        165.78090698469316
      ],
      [
        826.9475070521215,
        285.446900287832
      ],
      [
        184.8095271593725,
        656.0638512993606
      ],
      [
        639.9728548800999,
        678.4292185920478
      ],
      [
        310.0844355742738,
        519.6604463533305
      ],
      [
        585.0353136948539,
        509.49145185853814
      ],
      [
        21.1701717104813,
        116.42843070538589
      ],
      [
        384.57962904044894,
        489.90386492365843
      ],
      [
        983.5634140822568,
        522.3444214152107
      ],
      [
        60.46118692259705,
        883.3389218460101
      ],
      [
        773.3656012849531,
        637.3429631159587
      ],
      [
        581.2206949216134,
        595.1147169924446
      ]
    ],
    "delivery": [
      0.0,
      0.0,
      0.6679909729399044,
      1.52927154669,
      0.0,
      0.0,
      0.0,
      1.9777674186125789,
      0.0,
      0.7002315287378391,
      0.0,
      0.5159038427584779,
      0.6464386682780867,
      0.0,
      0.0,
      0.8056223743134601,
      0.5079331423134379,
      1.1400384553173804,
      0.0,
      1.363198763757797,
      0.0,
      0.0,
      0.5455924756753889,
      0.0,
      0.0,
      1.4517630619330595,
      0.0,
      0.0,
      1.5619192535492934,
      1.9597933679434414,
      0.0,
      1.23859434640862,
      0.0,
      0.0,
      1.433068309721894,
      0.0,
      1.0125961733947542,
      0.0,
      0.8344987669742692,
      0.0
    ],
    "pickup": [
      1.1412267335249047,
      1.39921734023816,
      0.0,
      0.0,
      1.7365468871927137,
      1.8156139679035557,
      0.7748617344458341,
      0.0,
      0.6854015027741933,
      0.0,
      0.650977088220201,
      0.0,
      0.0,
      0.7470100317914113,
      1.7075140354810612,
      0.0,
      0.0,
      0.0,
      1.1851918693427792,
      0.0,
      0.936038405369747,
      1.781488609279665,
      0.0,
      1.7896793457732991,
      1.5067107664309307,
      0.0,
      1.782744693325947,
      0.5698567732913388,
      0.0,
      0.0,
      0.7525245727249108,
      0.0,
      1.1202607100233335,
      1.9274797021288443,
      0.0,
      1.1711089731526099,
      0.0,
      1.5289570451295442,
      0.0,
      1.997557594924053
    ],
    "service_duration_s": [
      60.0,
      60.0,
      60.0,
      60.0,
      60.0,
      60.0,
      60.0,
      60.0,
      60.0,
      60.0,
      60.0,
      60.0,
      60.0,
      60.0,
      60.0,
      60.0,
      60.0,
      60.0,
      60.0,
      60.0,
      60.0,
      60.0,
      60.0,
      60.0,
      60.0,
      60.0,
      60.0,
      60.0,
      60.0,
      60.0,
      60.0,
      60.0,
      60.0,
      60.0,
      60.0,
      60.0,
      60.0,
      60.0,
      60.0,
      60.0
    ],
    "tw_early_s": [
      0.0,
      310.7725912845733,
      722.1623961353417,
      0.0,
      813.5092619678985,
      850.1132597932508,
      90.8044187056775,
      369.2480708883286,
      32.087414350812026,
      115.05927507849134,
      539.8250754212236,
      275.8187550714283,
      528.9980748249674,
      467.1410992440382,
      0.0,
      0.0,
      0.0,
      138.9763525472979,
      193.168728152526,
      776.2942324741764,
      452.8061460529534,
      611.5834675476796,
      0.0,
      191.45989742296155,
      697.8167745297704,
      0.0,
      0.0,
      539.2477352130693,
      0.0,
      54.676976719707795,
      622.5007767110532,
      379.47547319782086,
      701.020952617138,
      240.51735171436542,
      0.0,
      0.0,
      282.69786302201067,
      639.8535552547384,
      366.65778478692243,
      446.33083483312646
    ],
    "tw_late_s": [
      407.9152996236831,
      910.7725912845733,
      1322.1623961353416,
      499.0000253300435,
      1413.5092619678985,
      1450.1132597932508,
      690.8044187056776,
      969.2480708883286,
      632.087414350812,
      715.0592750784913,
      1139.8250754212236,
      875.8187550714283,
      1128.9980748249673,
      1067.1410992440383,
      478.54506392589025,
      575.459857243748,
      339.40116432345405,
      738.9763525472979,
      793.168728152526,
      1376.2942324741764,
      1052.8061460529534,
      1211.5834675476794,
      441.312125988024,
      791.4598974229616,
      1297.8167745297706,
      585.0011079598169,
      422.0012249169033,
      1139.2477352130693,
      521.4173858245787,
      654.6769767197078,
      1222.5007767110533,
      979.4754731978209,
      1301.020952617138,
      840.5173517143654,
      361.35186657559024,
      311.5861097767629,
      882.6978630220107,
      1239.8535552547382,
      966.6577847869224,
      1046.3308348331266
    ],
    "bs_xy": [
      [
        568.5091215307762,
        573.6725639597332
      ],
      [
        706.6657110829246,
        586.5416560736124
      ],
      [
        921.2721077333839,
        923.6074533297108
      ],
      [
        693.5239337086613,
        551.9258504607225
      ],
      [
        635.2859599514427,
        832.6666356087522
      ],
      [
        894.2550391892993,
        126.05972794718012
      ],
      [
        756.8555488812917,
        952.4367554851248
      ],
      [
        129.31063777882247,
        333.8350642285828
      ],
      [
        908.8043205400512,
        387.06766098206623
      ],
      [
        423.4192003726448,
        735.1238670466271
      ]
    ],
    "speed_mps": 10.0,
    "capacity_kg": 6.0,
    "altitude_m": 100.0
  }
}