{
  "spec": {
    "run_id": "seed10_N10_M3_D5_B10_K10_lo0.0_lt5.0_twA",
    "seed": 10,
    "n_clients": 10,
    "num_uavs": 3,
    "delta_min": 5,
    "bs_count": 10,
    "edge_samples": 10,
    "lambda_out": 0.0,
    "lambda_tw": 5.0,
    "tw_family": "A",
    "tw_mode": "soft"
  },
  "scenario": {
    "depot_xy": [
      500.0,
      500.0
    ],
    "client_xy": [
      [
        885.056719552871,
        608.3359358073864
      ],
      [
        346.6446764048271,
        146.63680980395267
      ],
      [
        824.4568788150474,
        656.4096123697908
      ],
      [
        166.44277906659565,
        136.6836248932084
      ],
      [
        100.5173352124935,
        995.0969300647364
      ],
      [
        539.3993408712471,
        451.0958699883674
      ],
      [
        699.7172625314341,
        663.013624055866
      ],
      [
        933.0141519183571,
        558.9376976188389
      ],
      [
        611.5332784353336,
        198.08157971203332
      ],
      [
        710.360310669319,
        185.5481989290283
      ]
    ],
    "delivery": [
      1.7938895209331462,
      0.0,
      1.2078970279575678,
      0.0,
      0.0,
      1.600172661709082,
      0.0,
      0.0,
      1.007443918094319,
      0.0
    ],
    "pickup": [
      0.0,
      1.551838416451028,
      0.0,
      1.0627808350393446,
      1.4201835481044867,
      0.0,
      1.0207457538840061,
      1.6250396903415738,
      0.0,
      0.5482462805162758
    ],
    "service_duration_s": [
      60.0,
      60.0,
      60.0,
      60.0,
      60.0,
      60.0,
      60.0,
      60.0,
      60.0,
      60.0
    ],
    "tw_early_s": [
      0.0,
      0.0,
      0.0,
      0.0,
      117.14717589504642,
      0.0,
      0.0,
      0.0,
      0.0,
      0.0
    ],
    "tw_late_s": [
      569.6779749006328,
      338.5205658655877,
      529.6852045763744,
      349.3213146679562,
      717.1471758950464,
      434.55522695764455,
      526.0607514235501,
      440.5148638755827,
      332.1860846807615,
      463.9321220031807
    ],
    "bs_xy": [
      [
        493.5788090474229,
        871.6947257223649
      ],
      [
        766.0754453610336,
        82.74747875560284
      ],
      [
        292.14844089378045,
        998.9297975159976
      ],
      [
        822.9661393384584,
        402.44577962804294
      ],
      [
        80.95029910271056,
        158.67542792453594
      ],
      [
        913.7250041865307,
        734.7433742981498
      ],
      [
        205.98201831389918,
        420.86000180516004
      ],
      [
        808.3332881265156,
        234.7261948482069
      ],
      [
        499.23336386351593,
        558.285359260841
      ],
      [
        293.13650767173317,
        861.466475863903
      ]
    ],
    "speed_mps": 10.0,
    "capacity_kg": 6.0,
    "altitude_m": 100.0
  }
}