{
  "spec": {
    "run_id": "seed10_N20_M3_D5_B7_K10_lo0.5_lt0.0_twA",
    "seed": 10,
    "n_clients": 20,
    "num_uavs": 3,
    "delta_min": 5,
    "bs_count": 7,
    "edge_samples": 10,
    "lambda_out": 0.5,
    "lambda_tw": 0.0,
    "tw_family": "A",
    "tw_mode": "soft"
  },
  "scenario": {
    "depot_xy": [
      500.0,
      500.0
    ],
    "client_xy": [
      [
        195.61593306671023,
        807.7143203475497
      ],
      [
        421.8475831769005,
        732.0630989962171
      ],
      [
        775.8851633089229,
        622.1052405867088
      ],
      [
        355.7682028229716,
        561.6687263379741
      ],
      [
        591.4769359317197,
        793.3179212608768
      ],
      [
        676.2017246761666,
        588.0929222112867
      ],
      [
        60.9497510287006,
        612.2977418556529
      ],
      [
        476.53297197123743,
        41.31099915134151
      ],
      [
        839.7717537897599,
        447.20757816968336
      ],
      [
        708.4944438537658,
        940.5715565699
      ],
      [
        153.6126991066855,
        595.692792137347
      ],
      [
        685.3013243747679,
        414.8638299489207
      ],
      [
        62.37998551308554,
        181.64610571004968
      ],
      [
        506.125949053825,
        66.8492971789606
      ],
      [
        485.82739125737186,
        785.4863792468947
      ],
      [
        649.6607490579429,
        488.8341266573751
      ],
      [
        727.6106393054295,
        924.6321447801254
      ],
      [
        797.2745530173486,
        392.9748940945542
      ],
      [
        931.6841529850544,
        923.3547463951236
      ],
      [
        245.28951447993506,
        244.03949865089737
      ]
    ],
    "delivery": [
      0.0,
      0.0,
      0.0,
      0.5500427851037061,
      0.0,
      0.0,
      0.0,
      0.0,
      0.0,
      0.0,
      0.6085510968730571,
      0.0,
      1.710534221702407,
      0.0,
      1.6381423407370255,
      1.5068746532511434,
      0.0,
      0.0,
      1.914405664409966,
      0.0
    ],
    "pickup": [
      1.796145350090872,
      0.9920943435151752,
      1.761674104462825,
      0.0,
      1.7899049519753745,
      1.3883690821255383,
      0.5953496285682669,
      1.6795289953005068,
      0.5579769441316915,
      1.4625452361715305,
      0.0,
      1.057223857709329,
      0.0,
      0.9430616492210089,
      0.0,
      0.0,
      1.6595205266998732,
      1.1890623164596437,
      0.0,
      1.662474793942737
    ],
    "service_duration_s": [
      60.0,
      60.0,
      60.0,
      60.0,
      60.0,
      60.0,
      60.0,
      60.0,
      60.0,
      60.0,
      60.0,
      60.0,
      60.0,
      60.0,
      60.0,
      60.0,
      60.0,
      60.0,
      60.0,
      60.0
    ],
    "tw_early_s": [
      219.3572104057488,
      242.97712087215382,
      0.0,
      200.95606889729845,
      119.74494085502067,
      52.13559644209914,
      303.08959750316774,
      0.0,
      0.0,
      147.53107742360248,
      333.0681184669402,
      0.0,
      0.0,
      0.0,
      115.06983042009347,
      0.0,
      27.173471678763576,
      0.0,
      23.323720882843816,
      0.0
    ],
    "tw_late_s": [
      819.3572104057488,
      842.9771208721538,
      536.5380416297801,
      800.9560688972985,
      719.7449408550207,
      652.1355964420991,
      903.0895975031677,
      345.9288907882657,
      570.5476751457022,
      747.5310774236025,
      933.0681184669402,
      443.3107780230654,
      354.1165851739653,
      459.95202860016366,
      715.0698304200935,
      511.5216582463125,
      627.1734716787636,
      453.5253882243785,
      623.3237208828439,
      336.1099999563488
    ],
    "bs_xy": [
      [
        737.4212506915512,
        732.70128317506
      ],
      [
        345.20424829530225,
        366.06308976494773
      ],
      [
        391.0413405697963,
        932.3218715231002
      ],
      [
        965.7138696346356,
        546.5379830830597
      ],
      [
        684.8380873235532,
        56.178232706985185
      ],
      [
        74.78874603674512,
        92.53631811875485
      ],
      [
        792.5597667886829,
        911.4689925555421
      ]
    ],
    "speed_mps": 10.0,
    "capacity_kg": 6.0,
    "altitude_m": 100.0
  }
}