{
  "spec": {
    "run_id": "seed3_N40_M3_D10_B7_K10_lo1.0_lt0.0_twA",
    "seed": 3,
    "n_clients": 40,
    "num_uavs": 3,
    "delta_min": 10,
    "bs_count": 7,
    "edge_samples": 10,
    "lambda_out": 1.0,
    "lambda_tw": 0.0,
    "tw_family": "A",
    "tw_mode": "soft"
  },
  "scenario": {
    "depot_xy": [
      500.0,
      500.0
    ],
    "client_xy": [
      [
        659.4726953435953,
        281.01121491990534
      ],
      [
        709.0014438673384,
        978.9341471502793
      ],
      [
        444.06290153558245,
        642.1693174570579
      ],
      [
        788.5825143286742,
        439.3284494606051
      ],
      [
        122.3640459147508,
        637.8865325950113
      ],
      [
        385.19861733670035,
        460.50996916593454
      ],
      [
        932.9974246136385,
        164.09948979164335
      ],
      [
        712.5152400368877,
        781.9092673354402
      ],
      [
        370.40663075997924,
        306.5827518504913
      ],
      [
        213.5816099417077,
        323.77097496281624
      ],
      [
        325.068112889116,
        496.9149629904696
      ],
      [
        757.2229485036903,
        502.7880880746512
      ],
      [
        220.13822093157188,
        310.5106069609034
      ],
      [
        113.05968076019445,
        277.1047956075664
      ],
      [
        685.4074796120028,
        455.5847822054457
      ],
      [
        515.3572234145786,
        720.9121249538822
      ],
      [
        366.6669051663504,
        140.36387503266124
      ],
      [
        321.00912207134866,
        494.5885992812186
      ],
      [
        528.6311334390891,
        764.5790500974199
      ],
      [
        737.9076061099731,
        425.1813106207378
      ],
      [
        607.5681433920614,
        149.45743687185796
      ],
      [
        828.8153511501824,
        521.3022440353117
      ],
      [
        853.0215251322561,
        603.4446940186875
      ],
      [
        163.11514349895774,
        463.7989142996646
      ],
      [
        396.31844742890974,
        80.52278725176198
      ],
      [
        140.26311556291492,
        645.6064799365738
      ],
      [
        723.6934965869547,
        514.0149760504196
      ],
      [
        111.80264388989691,
        287.1465515922411
      ],
      [
        676.6354338283281,
        953.3695823381679
      ],
      [
        442.0871208554512,
        110.37140756308872
      ],
      [
        549.6674506452496,
        998.3539103459178
      ],
      [
        430.00441160597956,
        13.345700879663358
      ],
      [
        652.7421998715279,
        349.9341882313597
      ],
      [
        343.7465787056544,
        825.9649767726505
      ],
      [
        308.6949283725158,
        494.2037870145639
      ],
      [
        410.39116745795155,
        124.99786973058092
      ],
      [
        396.00516784436223,
        780.4696508109462
      ],
      [
        201.69975380020955,
        949.640151308861
      ],
      [
        662.2437107789983,
        261.5763827198663
      ],
      [
        453.57818361366776,
        335.65448920621634
      ]
    ],
    "delivery": [
      1.9909205391213212,
      0.0,
      0.0,
      1.9219766298596492,
      1.5019924051114046,
      1.9740377799072226,
      1.5089499584690587,
      0.0,
      0.0,
      0.5011742634798417,
      0.0,
      1.5719346702586052,
      0.9195484485910517,
      0.0,
      0.7243574636179784,
      1.7095119930615783,
      0.0,
      0.5924918879447372,
      0.9466481786673875,
      1.0504577792638523,
      0.0,
      0.9054231547720883,
      0.9261138533928903,
      0.0,
      1.7569023702476587,
      0.0,
      0.896025233988544,
      1.15451288482581,
      0.0,
      1.6502272111819907,
      0.0,
      0.0,
      0.0,
      0.0,
      0.0,
      0.0,
      0.962314245937302,
      1.0060441852604076,
      0.0,
      0.0
    ],
    "pickup": [
      0.0,
      1.2786419792429597,
      1.4024669458066297,
      0.0,
      0.0,
      0.0,
      0.0,
      1.6298108625871495,
      1.6910389251146731,
      0.0,
      1.1603990547092473,
      0.0,
      0.0,
      1.257596016381411,
      0.0,
      0.0,
      1.4725445889089603,
      0.0,
      0.0,
      0.0,
      0.7159543844215068,
      0.0,
      0.0,
      0.9495189063570371,
      0.0,
      0.7624149053619974,
      0.0,
      0.0,
      1.639714803894229,
      0.0,
      0.7907100428477929,
      1.0684913282436386,
      0.5187263730173668,
      0.8117282138467888,
      1.8192186395745522,
      0.8202973652461776,
      0.0,
      0.0,
      1.083829557938546,
      0.9389624580440474
    ],
    "service_duration_s": [
      60.0,
      60.0,
      60.0,
      60.0,
      60.0,
      60.0,
      60.0,
      60.0,
      60.0,
      60.0,
      60.0,
      60.0,
      60.0,
      60.0,
      60.0,
      60.0,
      60.0,
      60.0,
      60.0,
      60.0,
      60.0,
      60.0,
      60.0,
      60.0,
      60.0,
      60.0,
      60.0,
      60.0,
      60.0,
      60.0,
      60.0,
      60.0,
      60.0,
      60.0,
      60.0,
      60.0,
      60.0,
      60.0,
      60.0,
      60.0
    ],
    "tw_early_s": [
      0.0,
      187.8344770540001,
      361.0367990939749,
      11.397364528038565,
      479.73839907320394,
      0.0,
      0.0,
      100.91848610876366,
      0.0,
      0.0,
      0.0,
      49.19331673321187,
      0.0,
      0.0,
      0.0,
      310.5683103584787,
      0.0,
      0.0,
      179.38838082659777,
      0.0,
      0.0,
      80.52883985006747,
      123.08904255240975,
      0.0,
      0.0,
      451.4187220158292,
      14.105745718679941,
      0.0,
      222.27570873759043,
      0.0,
      263.88578497537253,
      0.0,
      0.0,
      390.68952181620875,
      0.0,
      0.0,
      252.7458349032437,
      338.50884174747375,
      0.0,
      0.0
    ],
    "tw_late_s": [
      1104.7833721741804,
      1387.8344770540002,
      1561.0367990939749,
      1211.3973645280385,
      1679.738399073204,
      685.1747582534496,
      1120.3157547638912,
      1300.9184861087638,
      859.2580875830824,
      767.1178550638119,
      617.4959088307882,
      1249.1933167332118,
      778.7945059104342,
      773.3551142830053,
      1147.1201128564637,
      1510.5683103584788,
      851.0078680229558,
      617.9072660223186,
      1379.3883808265978,
      1181.1958831707698,
      995.5112668603051,
      1280.5288398500675,
      1323.0890425524099,
      694.0263162592762,
      942.0121047751,
      1651.4187220158292,
      1214.1057457186798,
      707.711872497647,
      1422.2757087375903,
      944.8311198975955,
      1463.8857849753726,
      1009.527093208879,
      1076.0616009730318,
      1590.6895218162088,
      619.1392859102343,
      915.6424394507021,
      1452.7458349032436,
      1538.5088417474738,
      1031.5391465186185,
      862.273524414491
    ],
    "bs_xy": [
      [
        650.1264174807359,
        540.7931481353987
      ],
      [
        300.1545222962253,
        747.1910732216804
      ],
      [
        275.5580875320166,
        322.20022614784716
      ],
      [
        693.4348149925216,
        152.61994691014613
      ],
      [
        475.39193047225206,
        60.42477650513578
      ],
      [
        232.30524919681307,
        474.22633400420665
      ],
      [
        691.6282603063114,
        63.793569436846774
      ]
    ],
    "speed_mps": 10.0,
    "capacity_kg": 6.0,
    "altitude_m": 100.0
  }
}