{
  "spec": {
    "run_id": "seed6_N40_M3_D2_B7_K10_lo1.0_lt5.0_twA",
    "seed": 6,
    "n_clients": 40,
    "num_uavs": 3,
    "delta_min": 2,
    "bs_count": 7,
    "edge_samples": 10,
    "lambda_out": 1.0,
    "lambda_tw": 5.0,
    "tw_family": "A",
    "tw_mode": "soft"
  },
  "scenario": {
    "depot_xy": [
      500.0,
      500.0
    ],
    "client_xy": [
      [
        500.3076342446903,
        35.74142377119893
      ],
      [
        263.5745887150195,
        533.0205096200962
      ],
      [
        401.048338251908,
        433.76420958204085
      ],
      [
        337.44820047447,
        153.81601984021276
      ],
      [
        554.1830707406288,
        225.38926742910627
      ],
      [
        843.4725802268533,
        77.04541220330985
      ],
      [
        233.49600204117914,
        26.498687198467373
      ],
      [
        980.9406908759235,
        310.079100002392
      ],
      [
        797.070129256752,
        440.9709478991626
      ],
      [
        280.42456518769956,
        900.288290393402
      ],
      [
        69.57540370187398,
        175.40636549594646
      ],
      [
        66.15118857668934,
        567.2563591949603
      ],
      [
        765.205977025338,
        793.2278235177893
      ],
      [
        289.4631082655948,
        222.91000800897197
      ],
      [
        46.86868222015317,
        940.1327282341958
      ],
      [
        197.26482300354965,
        176.28594114510477
      ],
      [
        638.3823187326952,
        555.4462061620363
      ],
      [
        115.81628337331418,
        672.8158570743732
      ],
      [
        897.7870431735175,
        820.0340420036487
      ],
      [
        80.19845903800082,
        593.3385414287142
      ],
      [
        896.0133168289407,
        955.5385212259512
      ],
      [
        414.3019314006059,
        521.6751925195975
      ],
      [
        546.6624411295929,
        556.8568808544154
      ],
      [
        636.8781881899848,
        625.9624050564972
      ],
      [
        937.2429083651859,
        741.2404440932588
      ],
      [
        533.3994165430769,
        54.710573055820944
      ],
      [
        635.46490251067,
        304.4207937185036
      ],
      [
        374.43817444701256,
        742.263646475674
      ],
      [
        71.07761354741915,
        179.28322982996914
      ],
      [
        865.6521070351446,
        539.0182447833815
      ],
      [
        47.27634934565661,
        588.8658464625194
      ],
      [
        497.9950373485344,
        822.9185407227753
      ],
      [
        770.1116252241386,
        772.1860334899351
      ],
      [
        730.3433664500463,
        116.65307756108146
      ],
      [
        309.0057257846183,
        808.8360180818153
      ],
      [
        11.00744291044009,
        428.9260479060668
      ],
      [
        160.81724645594565,
        134.99215208022719
      ],
      [
        754.6397186280586,
        519.3881288289982
      ],
      [
        856.7231159702673,
        650.4425087090906
      ],
      [
        105.61833597864178,
        162.32697172681176
      ]
    ],
    "delivery": [
      0.0,
      0.0,
      0.0,
      0.577268317964648,
      0.0,
      0.0,
      0.0,
      0.0,
      1.4860933411742687,
      1.7031753928456874,
      1.686729421422694,
      1.720551021254811,
      0.0,
      1.7718568919681186,
      1.1352373597623306,
      0.0,
      0.870658596977655,
      0.0,
      0.0,
      0.0,
      0.8868062354289894,
      0.0,
      0.0,
      0.0,
      0.0,
      0.0,
      0.0,
      0.0,
      1.3410218553944415,
      0.0,
      0.0,
      0.0,
      0.0,
      1.3949248802752447,
      0.0,
      1.4667945063066197,
      0.0,
      1.3247305586119476,
      1.0701634338484158,
      0.0
    ],
    "pickup": [
      0.5472278598759537,
      1.529551707531654,
      1.6335071480887051,
      0.0,
      1.35343400224357,
      1.9023490775193377,
      1.974892761609994,
      1.7170084866217858,
      0.0,
      0.0,
      0.0,
      0.0,
      1.9474464640963078,
      0.0,
      0.0,
      0.7882915409133491,
      0.0,
      0.7548673120224756,
      1.0373153016746177,
      1.9881808520410278,
      0.0,
      1.2004765190429532,
      1.3101821133689542,
      1.4013492751661545,
      1.8923357341862663,
      0.6178876698538645,
      0.566435765064442,
      1.101252038084454,
      0.0,
      1.5193149096550957,
      1.0342745468659957,
      0.5635876773166449,
      1.8453644234520488,
      0.0,
      1.8743860344054166,
      0.0,
      1.268210258407018,
      0.0,
      0.0,
      1.213712522439621
    ],
    "service_duration_s": [
      60.0,
      60.0,
      60.0,
      60.0,
      60.0,
      60.0,
      60.0,
      60.0,
      60.0,
      60.0,
      60.0,
      60.0,
      60.0,
      60.0,
      60.0,
      60.0,
      60.0,
      60.0,
      60.0,
      60.0,
      60.0,
      60.0,
      60.0,
      60.0,
      60.0,
      60.0,
      60.0,
      60.0,
      60.0,
      60.0,
      60.0,
      60.0,
      60.0,
      60.0,
      60.0,
      60.0,
      60.0,
      60.0,
      60.0,
      60.0
    ],
    "tw_early_s": [
      159.5773417312319,
      1093.0476612960372,
      0.0,
      163.1750560214105,
      245.99976494829713,
      338.51042776559945,
      81.58981859245597,
      335.61878646320656,
      339.8460292602294,
      774.186890922823,
      15.432769639508138,
      941.5277856869984,
      589.9930097208311,
      71.38381533581239,
      918.904284729952,
      6.179134058882781,
      419.41294162863096,
      862.2652801860917,
      516.4666234885443,
      1013.7434985593143,
      704.2854664325022,
      846.4155965663621,
      670.732577023742,
      602.3603628257048,
      502.7037466504232,
      171.71256224796076,
      258.6889515039762,
      820.6349829655192,
      0.0,
      421.2516929657987,
      933.1028660972834,
      676.8785495091832,
      579.7009509227383,
      243.96240556347726,
      755.8298759348813,
      0.0,
      85.41193920173626,
      443.62786965359044,
      520.2399948935117,
      0.0
    ],
    "tw_late_s": [
      399.5773417312319,
      1333.0476612960372,
      131.90739740455513,
      403.1750560214105,
      485.9997649482971,
      578.5104277655994,
      321.58981859245597,
      575.6187864632066,
      579.8460292602294,
      1014.186890922823,
      255.43276963950814,
      1181.5277856869984,
      829.9930097208311,
      311.3838153358124,
      1158.904284729952,
      246.17913405888277,
      659.412941628631,
      1102.2652801860918,
      756.4666234885443,
      1253.7434985593143,
      944.2854664325022,
      1086.4155965663622,
      910.732577023742,
      842.3603628257048,
      742.7037466504232,
      411.71256224796076,
      498.6889515039762,
      1060.6349829655192,
      173.55685392818305,
      661.2516929657987,
      1173.1028660972834,
      916.8785495091832,
      819.7009509227383,
      483.96240556347726,
      995.8298759348813,
      169.41307798095937,
      325.41193920173623,
      683.6278696535904,
      760.2399948935117,
      232.02685158051048
    ],
    "bs_xy": [
      [
        637.3243253275126,
        240.66678233480775
      ],
      [
        35.49463960135135,
        292.1652961766903
      ],
      [
        605.8261762524804,
        617.5283846792942
      ],
      [
        139.05991616019287,
        96.08029177100086
      ],
      [
        791.023755315405,
        954.8679573720423
      ],
      [
        755.4620832138669,
        187.10231843677104
      ],
      [
        147.0725749823153,
        597.0845665154949
      ]
    ],
    "speed_mps": 10.0,
    "capacity_kg": 6.0,
    "altitude_m": 100.0
  }
}