{
  "spec": {
    "run_id": "seed8_N10_M3_D5_B7_K10_lo0.5_lt0.0_twA",
    "seed": 8,
    "n_clients": 10,
    "num_uavs": 3,
    "delta_min": 5,
    "bs_count": 7,
    "edge_samples": 10,
    "lambda_out": 0.5,
    "lambda_tw": 0.0,
    "tw_family": "A",
    "tw_mode": "soft"
  },
  "scenario": {
    "depot_xy": [
      500.0,
      500.0
    ],
    "client_xy": [
      [
        674.8232171045356,
        611.3909974024743
      ],
      [
        786.8202064127636,
        387.6893054053029
      ],
      [
        675.897618008421,
        100.55502141172434
      ],
      [
        819.0902363097496,
        470.44371517741865
      ],
      [
        301.99875542784827,
        164.77311213242362
      ],
      [
        259.9099918242059,
        537.8648932379634
      ],
      [
        401.66709129761034,
        210.24141527276564
      ],
      [
        490.7919844833921,
        431.9168511011492
      ],
      [
        896.3963523643147,
        84.78086384187577
      ],
      [
        49.20772954732466,
        877.0323354586066
      ]
    ],
    "delivery": [
      1.3947903155798889,
      0.0,
      0.0,
      0.0,
      0.0,
      1.8328333016339735,
      1.2660164043373754,
      0.0,
      1.0708096015225421,
      1.8718630216605103
    ],
    "pickup": [
      0.0,
      1.828072171780998,
      1.207775230856336,
      0.5555396190279036,
      1.6569444192243106,
      0.0,
      0.0,
      1.4216969480185737,
      0.0,
      0.0
    ],
    "service_duration_s": [
      60.0,
      60.0,
      60.0,
      60.0,
      60.0,
      60.0,
      60.0,
      60.0,
      60.0,
      60.0
    ],
    "tw_early_s": [
      0.0,
      0.0,
      0.0,
      0.0,
      0.0,
      52.85765577063012,
      0.0,
      0.0,
      0.0,
      0.0
    ],
    "tw_late_s": [
      558.7704216425661,
      396.8016858977326,
      436.87083573594026,
      536.534644392155,
      338.93347649536344,
      652.8576557706301,
      330.5989212811502,
      306.8703003673327,
      441.6378663839783,
      545.3188462164705
    ],
    "bs_xy": [
      [
        236.439235289318,
        575.4511099915327
      ],
      [
        805.976424857213,
        4.591902841431739
      ],
      [
        868.3958419202861,
        851.2623024347795
      ],
      [
        186.90132417753603,
        996.920544197379
      ],
      [
        118.13450181658891,
        892.1748362028011
      ],
      [
        608.4421678500177,
        160.82435043459807
      ],
      [
        57.18311353456429,
        389.92713122588776
      ]
    ],
    "speed_mps": 10.0,
    "capacity_kg": 6.0,
    "altitude_m": 100.0
  }
}