{
  "spec": {
    "run_id": "seed5_N20_M3_D5_B4_K10_lo0.0_lt1.0_twA",
    "seed": 5,
    "n_clients": 20,
    "num_uavs": 3,
    "delta_min": 5,
    "bs_count": 4,
    "edge_samples": 10,
    "lambda_out": 0.0,
    "lambda_tw": 1.0,
    "tw_family": "A",
    "tw_mode": "soft"
  },
  "scenario": {
    "depot_xy": [
      500.0,
      500.0
    ],
    "client_xy": [
      [
        832.6285628973696,
        380.5016356336739
      ],
      [
        952.8441468884143,
        110.81676841882692
      ],
      [
        781.8204649722952,
        972.7362600659654
      ],
      [
        480.33937057353336,
        176.31834396817436
      ],
      [
        368.08629311135564,
        472.754333610529
      ],
      [
        289.5446685448366,
        295.90570944846775
      ],
      [
        379.62763630131434,
        741.313986241365
      ],
      [
        897.4589293270113,
        218.89869383957006
      ],
      [
        989.3788250947521,
        16.01638401176031
      ],
      [
        121.30010422301807,
        461.70336366796437
      ],
      [
        386.79520195254736,
        706.8215746274276
      ],
      [
        315.34182983802,
        867.1251526858749
      ],
      [
        926.8230315129758,
        789.2716356756204
      ],
      [
        511.61927174789037,
        884.5886718173791
      ],
      [
        753.1023277025296,
        454.7625247888546
      ],
      [
        928.9603379986112,
        675.8456139352351
      ],
      [
        907.0963910914978,
        416.3124128190432
      ],
      [
        759.4977371331668,
        805.2861820664436
      ],
      [
        108.2038002352027,
        418.76037292065536
      ],
      [
        96.40351941462855,
        788.7103761511978
      ]
    ],
    "delivery": [
      1.2633519205740027,
      0.9716586705715947,
      1.9420781926194408,
      0.0,
      0.0,
      1.6086060076095992,
      0.8670164629760789,
      1.7455514985410132,
      1.9553617693375112,
      0.7509177845785884,
      0.0,
      0.514857243739821,
      0.0,
      1.2874222462639084,
      0.0,
      0.6359434550102789,
      1.0311489057148875,
      0.0,
      0.6182293226030104,
      0.0
    ],
    "pickup": [
      0.0,
      0.0,
      0.0,
      0.790879916779587,
      1.5976279469722265,
      0.0,
      0.0,
      0.0,
      0.0,
      0.0,
      0.6861133955333476,
      0.0,
      1.2153808085433901,
      0.0,
      1.8004654397819888,
      0.0,
      0.0,
      0.7837959350772303,
      0.0,
      0.7986009114757746
    ],
    "service_duration_s": [
      60.0,
      60.0,
      60.0,
      60.0,
      60.0,
      60.0,
      60.0,
      60.0,
      60.0,
      60.0,
      60.0,
      60.0,
      60.0,
      60.0,
      60.0,
      60.0,
      60.0,
      60.0,
      60.0,
      60.0
    ],
    "tw_early_s": [
      0.0,
      0.0,
      180.7752411521838,
      0.0,
      0.0,
      0.0,
      188.32974725408172,
      0.0,
      0.0,
      0.0,
      323.1081825258665,
      288.6036869808729,
      138.78631022511053,
      241.38672096279151,
      0.0,
      87.64003359373885,
      41.43825508751331,
      89.80783980589274,
      0.0,
      277.0460001716766
    ],
    "tw_late_s": [
      596.5743167320359,
      550.5480550383136,
      780.7752411521838,
      405.16759995116735,
      313.4698004447392,
      421.6841229648155,
      788.3297472540817,
      507.0963266775857,
      496.89810933404516,
      338.0631374712917,
      923.1081825258665,
      888.6036869808729,
      738.7863102251106,
      841.3867209627915,
      594.7496402552823,
      687.6400335937388,
      641.4382550875133,
      689.8078398058927,
      340.01301527729794,
      877.0460001716766
    ],
    "bs_xy": [
      [
        314.76972438993147,
        385.3940807395417
      ],
      [
        733.5157054991474,
        298.51391234813786
      ],
      [
        879.5442663836998,
        342.51231029927686
      ],
      [
        805.3956018857042,
        392.10360353079574
      ]
    ],
    "speed_mps": 10.0,
    "capacity_kg": 6.0,
    "altitude_m": 100.0
  }
}