{
  "spec": {
    "run_id": "seed2_N20_M3_D2_B4_K10_lo1.0_lt1.0_twA",
    "seed": 2,
    "n_clients": 20,
    "num_uavs": 3,
    "delta_min": 2,
    "bs_count": 4,
    "edge_samples": 10,
    "lambda_out": 1.0,
    "lambda_tw": 1.0,
    "tw_family": "A",
    "tw_mode": "soft"
  },
  "scenario": {
    "depot_xy": [
      500.0,
      500.0
    ],
    "client_xy": [
      [
        348.37691213116364,
        946.5024018688279
      ],
      [
        10.741795482821171,
        347.4743114754458
      ],
      [
        815.5738593097035,
        368.40507959248004
      ],
      [
        388.7446717392238,
        61.99447653094647
      ],
      [
        935.7087575500525,
        122.09436111010008
      ],
      [
        475.4758701551572,
        344.009888565067
      ],
      [
        321.44296781777206,
        905.2364039972965
      ],
      [
        121.98517922513152,
        802.1330476201663
      ],
      [
        136.08081498634428,
        436.2275218188074
      ],
      [
        323.0021945486473,
        167.8558146845307
      ],
      [
        771.0245956802879,
        503.18616600756405
      ],
      [
        120.7303457150627,
        233.8627285816346
      ],
      [
        66.94150361571982,
        499.9609297614087
      ],
      [
        525.9295143904128,
        33.283683605267456
      ],
      [
        882.1332293495352,
        551.7756817398697
      ],
      [
        68.85914880506994,
        545.3553698863076
      ],
      [
        547.121239997313,
        16.602287115532356
      ],
      [
        351.94472642479315,
        550.0394996743486
      ],
      [
        380.3272857872073,
        623.0036852548002
      ],
      [
        89.67509209094938,
        526.0572097895638
      ]
    ],
    "delivery": [
      1.3454546112976908,
      0.0,
      0.0,
      0.0,
      0.0,
      1.623524614687382,
      1.2338458319157488,
      1.8261684645129008,
      0.5001623370773385,
      1.7200697827176863,
      0.8419547042540333,
      0.7969897204741443,
      0.0,
      1.732234114133535,
      0.0,
      0.0,
      1.1226662602999375,
      1.836346982855339,
      0.0,
      0.0
    ],
    "pickup": [
      0.0,
      1.9965272435968058,
      0.7700244059425555,
      0.9256689502207143,
      0.7088468515503021,
      0.0,
      0.0,
      0.0,
      0.0,
      0.0,
      0.0,
      0.0,
      1.7246920248407451,
      0.0,
      0.6010759279282359,
      1.9515401029938346,
      0.0,
      0.0,
      0.8843227054569793,
      0.8518692271396603
    ],
    "service_duration_s": [
      60.0,
      60.0,
      60.0,
      60.0,
      60.0,
      60.0,
      60.0,
      60.0,
      60.0,
      60.0,
      60.0,
      60.0,
      60.0,
      60.0,
      60.0,
      60.0,
      60.0,
      60.0,
      60.0,
      60.0
    ],
    "tw_early_s": [
      332.62380427283694,
      0.0,
      198.29551211729023,
      38.61747232130216,
      218.69320532218273,
      107.59909490175772,
      348.9686971487699,
      419.4744517835343,
      0.0,
      9.651656153513898,
      228.65551169325693,
      10.45386856475804,
      0.0,
      94.00102074509547,
      321.9940568750226,
      524.7777502606258,
      115.09278361825008,
      444.6191106272594,
      432.67764726473365,
      507.27046048343357
    ],
    "tw_late_s": [
      572.6238042728369,
      171.24818790428233,
      438.29551211729023,
      278.61747232130216,
      458.69320532218273,
      347.5990949017577,
      588.9686971487699,
      659.4744517835343,
      156.94646156188358,
      249.6516561535139,
      468.6555116932569,
      250.45386856475804,
      163.3058498146725,
      334.0010207450955,
      561.9940568750226,
      764.7777502606258,
      355.0927836182501,
      684.6191106272594,
      672.6776472647337,
      747.2704604834336
    ],
    "bs_xy": [
      [
        765.944454765814,
        966.0617057563935
      ],
      [
        496.0046822602055,
        700.8339227372576
      ],
      [
        799.0584642846791,
        244.85080297641858
      ],
      [
        472.68511580501183,
        93.51698779450746
      ]
    ],
    "speed_mps": 10.0,
    "capacity_kg": 6.0,
    "altitude_m": 100.0
  }
}