{
  "spec": {
    "run_id": "seed10_N10_M3_D5_B7_K10_lo0.5_lt1.0_twA",
    "seed": 10,
    "n_clients": 10,
    "num_uavs": 3,
    "delta_min": 5,
    "bs_count": 7,
    "edge_samples": 10,
    "lambda_out": 0.5,
    "lambda_tw": 1.0,
    "tw_family": "A",
    "tw_mode": "soft"
  },
  "scenario": {
    "depot_xy": [
      500.0,
      500.0
    ],
    "client_xy": [
      [
        75.82007029739168,
        906.2593209058155
      ],
      [
        354.2441671036757,
        305.474360597641
      ],
      [
        515.0791515217566,
        667.2332096032875
      ],
      [
        344.3359622513691,
        511.2947843859806
      ],
      [
        856.2894900927031,
        128.4629254761863
      ],
      [
        824.5981439495367,
        445.6050702937239
      ],
      [
        213.79513329561672,
        698.7083393471911
      ],
      [
        200.10489809075727,
        494.11610086079094
      ],
      [
        255.17521851476243,
        949.5440405886318
      ],
      [
        70.79271380985853,
        872.2905013158238
      ]
    ],
    "delivery": [
      1.9529907904929502,
      0.0,
      1.2796654694656744,
      1.1619059677187231,
      0.0,
      0.0,
      0.7168364224461976,
      0.0,
      1.4097334254733365,
      0.0
    ],
    "pickup": [
      0.0,
      0.6418717932729592,
      0.0,
      0.0,
      0.8408215089746482,
      1.099070253187916,
      0.0,
      1.4779004700810727,
      0.0,
      1.9390183168969801
    ],
    "service_duration_s": [
      60.0,
      60.0,
      60.0,
      60.0,
      60.0,
      60.0,
      60.0,
      60.0,
      60.0,
      60.0
    ],
    "tw_early_s": [
      0.5458200618506339,
      0.0,
      0.0,
      108.3054022773776,
      0.0,
      0.0,
      0.0,
      0.0,
      0.0,
      0.0
    ],
    "tw_late_s": [
      600.5458200618507,
      324.30740364748937,
      423.8974727364231,
      708.3054022773777,
      351.4764022146296,
      452.63274127437984,
      598.6591403173718,
      329.9952816986665,
      513.2365400432005,
      532.8299702834734
    ],
    "bs_xy": [
      [
        846.9587216300149,
        290.19332605186065
      ],
      [
        259.5405119695698,
        415.9968721592008
      ],
      [
        931.7059083787551,
        552.1035028728344
      ],
      [
        315.63761912211066,
        129.90398251075186
      ],
      [
        358.8054683669136,
        677.6809995861685
      ],
      [
        631.4189555250625,
        135.3996822763457
      ],
      [
        156.37795611060113,
        10.225103519474255
      ]
    ],
    "speed_mps": 10.0,
    "capacity_kg": 6.0,
    "altitude_m": 100.0
  }
}