{
  "spec": {
    "run_id": "seed5_N20_M3_D5_B10_K10_lo0.0_lt1.0_twA",
    "seed": 5,
    "n_clients": 20,
    "num_uavs": 3,
    "delta_min": 5,
    "bs_count": 10,
    "edge_samples": 10,
    "lambda_out": 0.0,
    "lambda_tw": 1.0,
    "tw_family": "A",
    "tw_mode": "soft"
  },
  "scenario": {
    "depot_xy": [
      500.0,
      500.0
    ],
    "client_xy": [
      [
        977.3910214811782,
        725.4035467328929
      ],
      [
        826.0636716642681,
        889.9370991872363
      ],
      [
        526.7891433034348,
        29.696319290985706
      ],
      [
        385.42207850746115,
        595.7616767726226
      ],
      [
        635.0923169127913,
        582.3053332310649
      ],
      [
        664.8669856748953,
        630.1207546709073
      ],
      [
        326.6958929808721,
        867.0639617394769
      ],
      [
        481.5715892952156,
        900.9463681627598
      ],
      [
        849.1983809514124,
        217.22897148701293
      ],
      [
        851.1213103861063,
        582.8282540255042
      ],
      [
        303.2908235637495,
        435.42400226569066
      ],
      [
        149.00365434885032,
        28.897676375259863
      ],
      [
        694.8777765601415,
        683.0864322839002
      ],
      [
        566.8389918536433,
        17.322938194859972
      ],
      [
        131.63669710306968,
        127.50637258432573
      ],
      [
        773.2599530445584,
        24.6176398194724
      ],
      [
        2.064365932608281,
        312.03569444527244
      ],
      [
        845.9171674320596,
        870.3091574779049
      ],
      [
        278.0347771579892,
        551.4973797323652
      ],
      [
        662.0347327059495,
        920.462895149142
      ]
    ],
    "delivery": [
      0.9057282533818503,
      0.0,
      1.7793697953915704,
      0.0,
      0.0,
      0.676497918246076,
      0.0,
      0.8219288111179825,
      0.0,
      0.0,
      0.0,
      0.8303107403265486,
      0.0,
      1.3057965692518398,
      0.6583325815566001,
      0.0,
      1.5798998181565156,
      1.9772016397462813,
      1.3609923863223987,
      0.7437103446262177
    ],
    "pickup": [
      0.0,
      1.9972763913463314,
      0.0,
      1.931734422325527,
      0.8811069227950428,
      0.0,
      1.1889720313724037,
      0.0,
      1.9611554991892852,
      0.9218988360968892,
      0.6239691480182747,
      0.0,
      1.95385255839673,
      0.0,
      0.0,
      1.2486578727045357,
      0.0,
      0.0,
      0.0,
      0.0
    ],
    "service_duration_s": [
      60.0,
      60.0,
      60.0,
      60.0,
      60.0,
      60.0,
      60.0,
      60.0,
      60.0,
      60.0,
      60.0,
      60.0,
      60.0,
      60.0,
      60.0,
      60.0,
      60.0,
      60.0,
      60.0,
      60.0
    ],
    "tw_early_s": [
      79.60394797599247,
      150.36706900294507,
      0.0,
      354.789282471526,
      72.43047903570931,
      59.79111367007215,
      260.35620370278696,
      264.6858224226313,
      0.0,
      0.0,
      0.0,
      0.0,
      168.17044438894146,
      0.0,
      0.0,
      0.0,
      0.0,
      168.12267991731323,
      365.1261277392348,
      252.13421926937747
    ],
    "tw_late_s": [
      679.6039479759925,
      750.3670690029451,
      472.809367676228,
      954.789282471526,
      672.4304790357094,
      659.7911136700721,
      860.356203702787,
      864.6858224226313,
      570.1076534492265,
      580.5746483106662,
      320.70375801095287,
      424.1857294734245,
      768.1704443889414,
      457.28067554367135,
      352.3873100460811,
      546.612826568691,
      353.22315998104267,
      768.1226799173132,
      965.1261277392348,
      852.1342192693775
    ],
    "bs_xy": [
      [
        195.5325741348517,
        794.4623084538704
      ],
      [
        305.52297542862806,
        50.70143851709285
      ],
      [
        578.2202234777553,
        387.58370232165976
      ],
      [
        532.8060093514089,
        937.8121775613737
      ],
      [
        679.4488804098672,
        104.47196529291635
      ],
      [
        448.9033096670102,
        375.64201908843063
      ],
      [
        321.7632246642078,
        468.8515595526384
      ],
      [
        66.44108528189585,
        165.30109660213765
      ],
      [
        10.11359518751731,
        220.23320212162278
      ],
      [
        588.7763427078404,
        986.6836306632964
      ]
    ],
    "speed_mps": 10.0,
    "capacity_kg": 6.0,
    "altitude_m": 100.0
  }
}