{
  "spec": {
    "run_id": "seed2_N20_M3_D2_B7_K10_lo0.0_lt0.0_twA",
    "seed": 2,
    "n_clients": 20,
    "num_uavs": 3,
    "delta_min": 2,
    "bs_count": 7,
    "edge_samples": 10,
    "lambda_out": 0.0,
    "lambda_tw": 0.0,
    "tw_family": "A",
    "tw_mode": "soft"
  },
  "scenario": {
    "depot_xy": [
      500.0,
      500.0
    ],
    "client_xy": [
      [
        863.6409091220735,
        753.1769065559159
      ],
      [
        898.0338100028983,
        563.2466804788584
      ],
      [
        548.3188697857809,
        122.71267508270844
      ],
      [
        668.1193624486359,
        40.393352658669166
      ],
      [
        343.80383181867404,
        104.42780367397286
      ],
      [
        349.7486888953372,
        434.3522943803847
      ],
      [
        682.9060245388829,
        696.0242236004874
      ],
      [
        517.4943889740848,
        492.60737830213384
      ],
      [
        395.18613403636493,
        856.810300976221
      ],
      [
        214.85951068194785,
        581.6218536595038
      ],
      [
        110.76475655657991,
        898.9571051991628
      ],
      [
        746.1372029110267,
        164.61358851033404
      ],
      [
        101.75910338928995,
        321.74011300691205
      ],
      [
        995.9049962270689,
        306.78828892000945
      ],
      [
        677.3914292865205,
        533.7005060136103
      ],
      [
        789.7288306420089,
        269.3088918491864
      ],
      [
        804.1647966919901,
        721.4539704876333
      ],
      [
        759.881266128946,
        626.3689401331815
      ],
      [
        888.7926146537742,
        631.1823171614551
      ],
      [
        143.44342790439535,
        372.724240419083
      ]
    ],
    "delivery": [
      0.0,
      1.731284514502174,
      1.158723562577511,
      1.8309065039901766,
      0.0,
      0.8360938390744321,
      1.8471716076999685,
      0.0,
      0.0,
      1.7036969162772126,
      1.1721735910813795,
      0.0,
      0.0,
      0.0,
      1.1774993450832811,
      1.1411302773565661,
      1.3063013677146542,
      0.0,
      1.503174552644194,
      0.0
    ],
    "pickup": [
      0.599652295641611,
      0.0,
      0.0,
      0.0,
      1.9443302800266635,
      0.0,
      0.0,
      1.0882467724105114,
      1.9207927386935653,
      0.0,
      0.0,
      0.943062818827842,
      1.4228458597198834,
      1.593045937250769,
      0.0,
      0.0,
      0.0,
      1.9341404688782047,
      0.0,
      1.7200957917296416
    ],
    "service_duration_s": [
      60.0,
      60.0,
      60.0,
      60.0,
      60.0,
      60.0,
      60.0,
      60.0,
      60.0,
      60.0,
      60.0,
      60.0,
      60.0,
      60.0,
      60.0,
      60.0,
      60.0,
      60.0,
      60.0,
      60.0
    ],
    "tw_early_s": [
      319.8293803004364,
      172.91831328803607,
      0.0,
      46.870909418048285,
      11.344584498445897,
      0.0,
      318.4885597641894,
      154.53487983836442,
      427.8074749624461,
      426.6710712576497,
      498.87704065744924,
      112.0255960629222,
      0.0,
      200.7653935595202,
      231.04418286598747,
      81.59270201884229,
      367.3011383933347,
      248.10730438116406,
      294.92744089937014,
      0.0
    ],
    "tw_late_s": [
      559.8293803004365,
      412.9183132880361,
      233.34925676674004,
      286.8709094180483,
      251.3445844984459,
      136.3966697050925,
      558.4885597641894,
      394.5348798383644,
      667.8074749624461,
      666.6710712576497,
      738.8770406574492,
      352.0255960629222,
      163.63168562456542,
      440.7653935595202,
      471.04418286598747,
      321.59270201884226,
      607.3011383933347,
      488.10730438116406,
      534.9274408993701,
      157.85917432822163
    ],
    "bs_xy": [
      [
        851.8714191661109,
        558.2738089594623
      ],
      [
        510.6231067403656,
        284.8917996987157
      ],
      [
        23.433279053189814,
        760.6708121263929
      ],
      [
        530.989439676097,
        215.86278172442374
      ],
      [
        944.0273278992777,
        976.9950964713375
      ],
      [
        585.52215651148,
        965.4735765232655
      ],
      [
        882.7204232186428,
        550.0494355857805
      ]
    ],
    "speed_mps": 10.0,
    "capacity_kg": 6.0,
    "altitude_m": 100.0
  }
}