{
  "spec": {
    "run_id": "seed6_N40_M3_D2_B10_K10_lo0.0_lt1.0_twA",
    "seed": 6,
    "n_clients": 40,
    "num_uavs": 3,
    "delta_min": 2,
    "bs_count": 10,
    "edge_samples": 10,
    "lambda_out": 0.0,
    "lambda_tw": 1.0,
    "tw_family": "A",
    "tw_mode": "soft"
  },
  "scenario": {
    "depot_xy": [
      500.0,
      500.0
    ],
    "client_xy": [
      [
        295.1204411252106,
        0.1628720046455978
      ],
      [
        77.50157077891828,
        370.83879396985
      ],
      [
        318.6537355735409,
        36.29257802935959
      ],
      [
        40.69859252120245,
        350.07097292613577
      ],
      [
        59.580767720077255,
        553.4415371136565
      ],
      [
        514.8242937080978,
        607.6951544803719
      ],
      [
        546.3983537398256,
        672.1125997546958
      ],
      [
        701.8148233901234,
        630.0475586309686
      ],
      [
        37.67834338764131,
        421.07584570872245
      ],
      [
        25.94538674046165,
        473.830776001663
      ],
      [
        793.509038869774,
        440.1821487620735
      ],
      [
        140.5621765569699,
        155.02348863269978
      ],
      [
        577.5730033440037,
        380.2512313906675
      ],
      [
        887.0483009989532,
        820.2847530742187
      ],
      [
        911.4010046446026,
        232.14360740039996
      ],
      [
        584.197976140453,
        533.6446591672697
      ],
      [
        918.7341883958552,
        782.2354909979442
      ],
      [
        507.4993095516951,
        294.9267535161898
      ],
      [
        590.8973487745194,
        698.06252083336
      ],
      [
        835.5414776401918,
        649.1305453217723
      ],
      [
        21.389193973426423,
        824.2747970829394
      ],
      [
        273.2137500166961,
        776.7646519951205
      ],
      [
        417.6654911669958,
        209.21994199707282
      ],
      [
        815.9402845232614,
        840.1784860495844
      ],
      [
        85.06994489135711,
        161.0749207467236
      ],
      [
        505.3242742258432,
        106.35742843887618
      ],
      [
        308.59546316349815,
        813.7942211207219
      ],
      [
        699.6849579553516,
        221.33302008172473
      ],
      [
        370.3221630510165,
        51.147838396808034
      ],
      [
        239.7306441444459,
        622.6248045352168
      ],
      [
        878.698966031517,
        428.85577900151674
      ],
      [
        342.1221649313607,
        78.44381240366116
      ],
      [
        227.84515239974291,
        342.8615745158484
      ],
      [
        908.2159884663032,
        530.4218067593768
      ],
      [
        652.5320246855869,
        427.21182161164404
      ],
      [
        258.9558552608645,
        934.6366486099253
      ],
      [
        78.2739829607314,
        666.7065781766157
      ],
      [
        529.1834026843036,
        446.0484335514556
      ],
      [
        95.75011987401739,
        141.2691763560028
      ],
      [
        848.2964327538766,
        739.0259651326544
      ]
    ],
    "delivery": [
      1.582531156544949,
      0.0,
      1.7216488209114116,
      1.874593117885316,
      0.0,
      0.842342550567865,
      0.8771110458903977,
      0.7973225873463535,
      1.3566827281582214,
      1.4499137249990803,
      0.0,
      0.0,
      1.5498804139745952,
      0.0,
      0.0,
      0.0,
      0.6194782548426871,
      0.0,
      0.0,
      1.2438981812688326,
      0.0,
      0.0,
      0.0,
      0.0,
      0.0,
      0.0,
      1.0098273776865248,
      1.8344470212360755,
      0.0,
      0.7883286053147098,
      0.0,
      0.0,
      1.2192658691499214,
      0.6912552138054393,
      0.0,
      0.0,
      0.0,
      1.3937152062649742,
      0.0,
      0.0
    ],
    "pickup": [
      0.0,
      0.9150925878067213,
      0.0,
      0.0,
      1.9383551311992397,
      0.0,
      0.0,
      0.0,
      0.0,
      0.0,
      1.858301470733925,
      1.60373847772784,
      0.0,
      0.6785132200130936,
      0.9528550238503486,
      1.0304486845664436,
      0.0,
      1.5388208379698824,
      1.899291504507799,
      0.0,
      1.8445204119410497,
      1.3549508803506662,
      0.995464902639724,
      0.6859762743918705,
      1.413557509855793,
      1.2014288242530697,
      0.0,
      0.0,
      1.17350310745876,
      0.0,
      1.762663554978245,
      0.6064214437700095,
      0.0,
      0.0,
      0.6801251442011143,
      1.8038637832591717,
      0.7537662969124942,
      0.0,
      1.8528509419932162,
      1.401795681764254
    ],
    "service_duration_s": [
      60.0,
      60.0,
      60.0,
      60.0,
      60.0,
      60.0,
      60.0,
      60.0,
      60.0,
      60.0,
      60.0,
      60.0,
      60.0,
      60.0,
      60.0,
      60.0,
      60.0,
      60.0,
      60.0,
      60.0,
      60.0,
      60.0,
      60.0,
      60.0,
      60.0,
      60.0,
      60.0,
      60.0,
      60.0,
      60.0,
      60.0,
      60.0,
      60.0,
      60.0,
      60.0,
      60.0,
      60.0,
      60.0,
      60.0,
      60.0
    ],
    "tw_early_s": [
      91.63020986167959,
      0.0,
      166.17356916894926,
      0.0,
      1027.9164265879613,
      767.5227248740075,
      757.6583814609364,
      573.9582404249813,
      0.0,
      0.0,
      413.0789890570393,
      88.17598087058056,
      334.6211860471785,
      660.5103837239129,
      436.077499380233,
      496.0019822804644,
      597.6807393373223,
      248.68822205796812,
      753.6083697317267,
      598.4649667761622,
      940.5651467256157,
      857.0117312683817,
      246.1002349599239,
      669.4807297394042,
      5.1700703309701765,
      246.29492717760945,
      845.3394032266449,
      329.26766837052884,
      160.71578401999022,
      925.6588788931499,
      516.0186883581949,
      169.73772377898877,
      7.463312191674092,
      491.03952942702506,
      403.46660967433763,
      854.3701745309893,
      939.3979530113363,
      332.2773201683856,
      81.5349596123703,
      667.5445457217559
    ],
    "tw_late_s": [
      331.6302098616796,
      164.18003393360448,
      406.17356916894926,
      239.9412427218503,
      1267.9164265879613,
      1007.5227248740075,
      997.6583814609364,
      813.9582404249813,
      166.90099533095105,
      167.47763732930753,
      653.0789890570393,
      328.1759808705806,
      574.6211860471785,
      900.5103837239129,
      676.077499380233,
      736.0019822804644,
      837.6807393373223,
      488.6882220579681,
      993.6083697317267,
      838.4649667761622,
      1180.5651467256157,
      1097.0117312683817,
      486.1002349599239,
      909.4807297394042,
      245.1700703309702,
      486.29492717760945,
      1085.339403226645,
      569.2676683705288,
      400.7157840199902,
      1165.65887889315,
      756.0186883581949,
      409.73772377898877,
      247.4633121916741,
      731.0395294270251,
      643.4666096743376,
      1094.3701745309893,
      1179.3979530113363,
      572.2773201683856,
      321.5349596123703,
      907.5445457217559
    ],
    "bs_xy": [
      [
        222.59372334534478,
        181.497541612736
      ],
      [
        638.001641142647,
        999.875764980281
      ],
      [
        411.43918703922463,
        143.48331943961833
      ],
      [
        121.34299498985557,
        222.6310827611664
      ],
      [
        197.5120202695314,
        78.15104485486168
      ],
      [
        704.8834463056165,
        825.1531152289132
      ],
      [
        880.8951315073281,
        26.90013308529393
      ],
      [
        58.62601610482643,
        12.18757463729714
      ],
      [
        534.3670410658154,
        60.257898447998556
      ],
      [
        457.37916505056995,
        705.050716251814
      ]
    ],
    "speed_mps": 10.0,
    "capacity_kg": 6.0,