{
  "spec": {
    "run_id": "seed10_N10_M3_D2_B10_K10_lo1.0_lt5.0_twA",
    "seed": 10,
    "n_clients": 10,
    "num_uavs": 3,
    "delta_min": 2,
    "bs_count": 10,
    "edge_samples": 10,
    "lambda_out": 1.0,
    "lambda_tw": 5.0,
    "tw_family": "A",
    "tw_mode": "soft"
  },
  "scenario": {
    "depot_xy": [
      500.0,
      500.0
    ],
    "client_xy": [
      [
        838.735099852735,
        209.63817669778305
      ],
      [
        979.814780275053,
        430.0744378171545
      ],
      [
        980.4646785900925,
        833.2563534889831
      ],
      [
        330.6914796813649,
        411.2716608319764
      ],
      [
        415.2713226949332,
        173.34062559825557
      ],
      [
        905.1787612122376,
        110.62366000439982
      ],
      [
        562.7101624747143,
        162.65012582507742
      ],
      [
        488.13685097847184,
        1.935498750206266
      ],
      [
        367.3122295791682,
        977.1773551191649
      ],
      [
        111.66294701433766,
        698.0815079215322
      ]
    ],
    "delivery": [
      0.0,
      0.0,
      0.7136657215589255,
      0.0,
      0.0,
      0.0,
      1.9619759832518198,
      1.6156246992432681,
      0.0,
      1.3235024417332042
    ],
    "pickup": [
      0.8649368778690332,
      1.0982018217868954,
      0.0,
      1.5772715683264933,
      0.5858145383078884,
      1.2970984386156335,
      0.0,
      0.0,
      0.9692174301408906,
      0.0
    ],
    "service_duration_s": [
      60.0,
      60.0,
      60.0,
      60.0,
      60.0,
      60.0,
      60.0,
      60.0,
      60.0,
      60.0
    ],
    "tw_early_s": [
      30.570979251228664,
      102.66875832333463,
      155.7918388138134,
      0.0,
      0.0,
      23.137452913978763,
      0.0,
      0.0,
      180.64627625483217,
      253.52663608965014
    ],
    "tw_late_s": [
      270.57097925122866,
      342.6687583233346,
      395.7918388138134,
      139.11494002711007,
      153.7468955079434,
      263.1374529139788,
      233.1216065550642,
      169.82057624214244,
      420.6462762548322,
      493.52663608965014
    ],
    "bs_xy": [
      [
        455.25616280724404,
        273.7169096229691
      ],
      [
        740.3226453009968,
        322.9860040786772
      ],
      [
        974.6923045036079,
        360.70184456620956
      ],
      [
        617.5609514263791,
        250.82895857163322
      ],
      [
        30.838745939335443,
        727.9419457664491
      ],
      [
        9.874583932501956,
        325.1336619860654
      ],
      [
        903.5059901182201,
        573.9033713943554
      ],
      [
        720.2235061364265,
        473.38691130676636
      ],
      [
        771.9881331786171,
        395.2987992518333
      ],
      [
        619.5849940839536,
        167.37615888324697
      ]
    ],
    "speed_mps": 10.0,
    "capacity_kg": 6.0,
    "altitude_m": 100.0
  }
}