{
  "spec": {
    "run_id": "seed2_N40_M3_D2_B4_K10_lo1.0_lt5.0_twA",
    "seed": 2,
    "n_clients": 40,
    "num_uavs": 3,
    "delta_min": 2,
    "bs_count": 4,
    "edge_samples": 10,
    "lambda_out": 1.0,
    "lambda_tw": 5.0,
    "tw_family": "A",
    "tw_mode": "soft"
  },
  "scenario": {
    "depot_xy": [
      500.0,
      500.0
    ],
    "client_xy": [
      [
        723.9341824779311,
        859.9628420347414
      ],
      [
        767.0732602788707,
        406.7299565929945
      ],
      [
        487.0108916823801,
        851.3712409050197
      ],
      [
        635.6131970504341,
        53.00091774309723
      ],
      [
        995.2273576456553,
        431.6944489849128
      ],
      [
        95.8005850238588,
        266.87311965245743
      ],
      [
        780.320964825183,
        576.5615463387346
      ],
      [
        297.73285131530304,
        750.1819083461214
      ],
      [
        310.4069286775295,
        374.5793933942203
      ],
      [
        504.90452016038347,
        569.3792324590661
      ],
      [
        144.8892080869296,
        830.0590817628398
      ],
      [
        950.010782153241,
        181.80988672193487
      ],
      [
        159.70338009801145,
        867.2384372497253
      ],
      [
        106.43285537597336,
        419.29769461028076
      ],
      [
        978.3540442039258,
        579.7457436707252
      ],
      [
        110.47139661151294,
        224.19439291393462
      ],
      [
        145.24503912044128,
        603.2813468581813
      ],
      [
        788.6125003852811,
        609.5462491228672
      ],
      [
        114.17157917096743,
        288.2239010728286
      ],
      [
        830.3993040835868,
        88.6663578747805
      ],
      [
        818.0252286577962,
        803.8042035252197
      ],
      [
        575.957544143337,
        191.74824540626335
      ],
      [
        193.9475408866631,
        890.9058739739081
      ],
      [
        496.65158856896676,
        499.96841966207097
      ],
      [
        54.73604601693183,
        597.4179195541104
      ],
      [
        846.8735002590213,
        502.9244221105267
      ],
      [
        676.9750112123339,
        887.5729872868889
      ],
      [
        532.5557047192447,
        8.46572673479673
      ],
      [
        345.4700753894637,
        465.7754698818306
      ],
      [
        390.0841637712428,
        405.6902650684896
      ],
      [
        64.83540513104636,
        678.4808132379524
      ],
      [
        538.6763088215596,
        587.0590429767897
      ],
      [
        268.4880050114433,
        814.5191207712085
      ],
      [
        997.1664385370403,
        262.5607738755957
      ],
      [
        373.2044805566864,
        725.7467121110841
      ],
      [
        814.8700589412044,
        852.7587346144036
      ],
      [
        26.84510107356497,
        495.3299958104856
      ],
      [
        407.33115585457955,
        576.237256257232
      ],
      [
        167.3938653599356,
        880.7202437691839
      ],
      [
        242.15495408729225,
        610.1961351377189
      ]
    ],
    "delivery": [
      0.0,
      0.5685158031258788,
      0.0,
      1.233894056454453,
      1.5069865591237195,
      0.0,
      0.0,
      0.0,
      0.0,
      1.5969716432184233,
      0.0,
      0.0,
      0.0,
      0.0,
      0.7565518367752635,
      1.065202100105079,
      1.9741192559351703,
      0.0,
      0.0,
      0.0,
      0.0,
      0.0,
      0.0,
      0.6351736208653804,
      0.0,
      0.8672421011412957,
      0.0,
      1.6902089652349837,
      0.0,
      0.0,
      0.0,
      0.0,
      1.4766119655214558,
      1.6958721766074754,
      0.0,
      1.9676515382983903,
      0.6679235444839713,
      1.2695150132437631,
      0.0,
      0.6282107244877594
    ],
    "pickup": [
      1.0006725531111653,
      0.0,
      1.6896552278890915,
      0.0,
      0.0,
      1.1580877326615422,
      1.2101959915151905,
      1.5148591270759586,
      1.6046818851675149,
      0.0,
      1.3355408512679414,
      1.003575706024554,
      0.9358171594935437,
      1.2598052642335114,
      0.0,
      0.0,
      0.0,
      1.1624378956574033,
      0.6443134470850113,
      1.2649094622631378,
      0.9553520204321244,
      0.5324249739712004,
      1.4929105421657898,
      0.0,
      1.4716793607360128,
      0.0,
      1.4297198351996219,
      0.0,
      1.6171333179382732,
      1.7766688452622068,
      1.6764627655445015,
      1.4107275865744753,
      0.0,
      0.0,
      1.3727874970378924,
      0.0,
      0.0,
      0.0,
      1.1644180516666074,
      0.0
    ],
    "service_duration_s": [
      60.0,
      60.0,
      60.0,
      60.0,
      60.0,
      60.0,
      60.0,
      60.0,
      60.0,
      60.0,
      60.0,
      60.0,
      60.0,
      60.0,
      60.0,
      60.0,
      60.0,
      60.0,
      60.0,
      60.0,
      60.0,
      60.0,
      60.0,
      60.0,
      60.0,
      60.0,
      60.0,
      60.0,
      60.0,
      60.0,
      60.0,
      60.0,
      60.0,
      60.0,
      60.0,
      60.0,
      60.0,
      60.0,
      60.0,
      60.0
    ],
    "tw_early_s": [
      539.1183412366765,
      311.70516529064685,
      642.3080092286425,
      190.9669852221582,
      365.6821669685623,
      0.0,
      451.5995807227989,
      787.2828069745882,
      25.60529794135283,
      635.5069145982371,
      864.5285432906655,
      280.287909122226,
      796.042509302853,
      0.0,
      399.01341170708895,
      76.2078261542064,
      986.7615194545729,
      453.2549008597824,
      9.794192811051232,
      219.27452535654476,
      486.5647315532947,
      182.8693848542872,
      731.879805723192,
      0.0,
      961.822170491005,
      381.1047740696056,
      562.9697225543046,
      128.42927435779967,
      0.0,
      87.99323952785952,
      941.6704751703289,
      637.7593826367269,
      729.5636809563133,
      292.75646712032795,
      719.3499350889508,
      539.4345455540365,
      0.0,
      900.4137462239537,
      801.6478084622905,
      883.0367692720297
    ],
    "tw_late_s": [
      779.1183412366765,
      551.7051652906468,
      882.3080092286425,
      430.9669852221582,
      605.6821669685623,
      235.45510427369604,
      691.5995807227989,
      1027.2828069745883,
      265.60529794135283,
      875.5069145982371,
      1104.5285432906655,
      520.287909122226,
      1036.042509302853,
      160.1756094443787,
      639.013411707089,
      316.2078261542064,
      1226.7615194545729,
      693.2549008597824,
      249.79419281105123,
      459.27452535654476,
      726.5647315532947,
      422.8693848542872,
      971.879805723192,
      120.33485603517359,
      1201.822170491005,
      621.1047740696056,
      802.9697225543046,
      368.42927435779967,
      195.8348585325664,
      327.9932395278595,
      1181.670475170329,
      877.7593826367269,
      969.5636809563133,
      532.7564671203279,
      959.3499350889508,
      779.4345455540365,
      167.3177944664811,
      1140.4137462239537,
      1041.6478084622904,
      1123.0367692720297
    ],
    "bs_xy": [
      [
        90.88713605378041,
        568.829065568242
      ],
      [
        569.8021640341425,
        708.0303367394815
      ],
      [
        437.9870806548152,
        333.2733643199628
      ],
      [
        73.53027366164045,
        545.3303935836839
      ]
    ],
    "speed_mps": 10.0,
    "capacity_kg": 6.0,
    "altitude_m": 100.0
  }
}