{
  "spec": {
    "run_id": "seed9_N20_M3_D2_B10_K10_lo1.0_lt5.0_twA",
    "seed": 9,
    "n_clients": 20,
    "num_uavs": 3,
    "delta_min": 2,
    "bs_count": 10,
    "edge_samples": 10,
    "lambda_out": 1.0,
    "lambda_tw": 5.0,
    "tw_family": "A",
    "tw_mode": "soft"
  },
  "scenario": {
    "depot_xy": [
      500.0,
      500.0
    ],
    "client_xy": [
      [
        995.1136288667924,
        940.0001160344177
      ],
      [
        89.35463870524674,
        88.45889800692864
      ],
      [
        651.3787714834002,
        163.82549775557464
      ],
      [
        870.9716648115005,
        576.3613735052371
      ],
      [
        56.0378544078648,
        145.91992785149966
      ],
      [
        721.4930214714474,
        186.54469586896116
      ],
      [
        935.7265449766144,
        508.7917166365076
      ],
      [
        83.74993064333847,
        245.91840338004843
      ],
      [
        142.72355678436622,
        717.1067551371881
      ],
      [
        553.8925645070967,
        593.383955666427
      ],
      [
        103.86431680645502,
        295.4101791546697
      ],
      [
        726.032454678117,
        53.10072456267023
      ],
      [
        49.57214561802814,
        734.8753474874882
      ],
      [
        52.52171061390109,
        507.1028288038678
      ],
      [
        869.0440246765953,
        135.47975182911654
      ],
      [
        690.4520116304375,
        50.38383730299867
      ],
      [
        761.4952851041617,
        455.289811790225
      ],
      [
        350.5092299412196,
        436.0477740301536
      ],
      [
        75.965199896735,
        727.3643979052862
      ],
      [
        210.30722067595698,
        652.0696044212025
      ]
    ],
    "delivery": [
      1.0098843353604043,
      0.6448143807701284,
      1.230392455260314,
      1.594097090508185,
      0.615628180936161,
      1.220539509601603,
      1.2703457492449997,
      1.1494654425797053,
      1.9498248453664409,
      1.2682457366269548,
      0.5732374057773337,
      0.0,
      0.0,
      0.0,
      1.0497492200752323,
      0.7368723484776938,
      1.8420966099772618,
      0.0,
      1.5853783277828306,
      0.0
    ],
    "pickup": [
      0.0,
      0.0,
      0.0,
      0.0,
      0.0,
      0.0,
      0.0,
      0.0,
      0.0,
      0.0,
      0.0,
      0.9829840370575966,
      1.0724028580983904,
      1.586700221039051,
      0.0,
      0.0,
      0.0,
      0.7397597810454353,
      0.0,
      1.6393012968552574
    ],
    "service_duration_s": [
      60.0,
      60.0,
      60.0,
      60.0,
      60.0,
      60.0,
      60.0,
      60.0,
      60.0,
      60.0,
      60.0,
      60.0,
      60.0,
      60.0,
      60.0,
      60.0,
      60.0,
      60.0,
      60.0,
      60.0
    ],
    "tw_early_s": [
      343.2787863090898,
      5.330734517660545,
      117.15913541601088,
      303.1980364696951,
      0.0,
      126.4757114553961,
      225.17185402632924,
      0.0,
      437.37044166838234,
      324.2810646480346,
      0.0,
      129.09662208940995,
      506.8535362457824,
      579.7716957791756,
      199.1094528988595,
      52.51028138777207,
      229.47157400600793,
      0.0,
      497.6211300950281,
      419.13718231270457
    ],
    "tw_late_s": [
      583.2787863090898,
      245.33073451766055,
      357.1591354160109,
      543.1980364696951,
      237.59812325386497,
      366.4757114553961,
      465.17185402632924,
      168.76695376793276,
      677.3704416683823,
      564.2810646480345,
      164.58480394627088,
      369.09662208940995,
      746.8535362457824,
      819.7716957791756,
      439.1094528988595,
      292.51028138777207,
      469.4715740060079,
      136.2595748835157,
      737.6211300950281,
      659.1371823127046
    ],
    "bs_xy": [
      [
        826.1921828708468,
        929.6426184217021
      ],
      [
        570.3159124893485,
        630.342805215337
      ],
      [
        607.8373743187402,
        161.97472116802203
      ],
      [
        895.8288016966161,
        479.6164541580722
      ],
      [
        828.4432595163959,
        635.9722051676746
      ],
      [
        249.4307547534602,
        945.0392690277806
      ],
      [
        492.3293197331586,
        245.343167453568
      ],
      [
        234.89217174549339,
        940.201898552373
      ],
      [
        441.4886101733663,
        909.9585640641079
      ],
      [
        383.12217032305153,
        445.85882589085315
      ]
    ],
    "speed_mps": 10.0,
    "capacity_kg": 6.0,
    "altitude_m": 100.0
  }
}