{
  "spec": {
    "run_id": "seed2_N20_M3_D5_B4_K10_lo0.0_lt5.0_twA",
    "seed": 2,
    "n_clients": 20,
    "num_uavs": 3,
    "delta_min": 5,
    "bs_count": 4,
    "edge_samples": 10,
    "lambda_out": 0.0,
    "lambda_tw": 5.0,
    "tw_family": "A",
    "tw_mode": "soft"
  },
  "scenario": {
    "depot_xy": [
      500.0,
      500.0
    ],
    "client_xy": [
      [
        456.49085239297307,
        666.5253677604088
      ],
      [
        551.5316211025518,
        937.4674143087739
      ],
      [
        910.5006805831748,
        736.543616129064
      ],
      [
        655.0132117052365,
        288.4777163085092
      ],
      [
        347.46367414226273,
        911.796072165044
      ],
      [
        130.1113311716202,
        871.6014604593807
      ],
      [
        894.530260487001,
        147.04666728351023
      ],
      [
        955.0757276494529,
        756.2649500710714
      ],
      [
        114.20633491220644,
        884.2935614759035
      ],
      [
        200.202414638726,
        765.262553027484
      ],
      [
        812.0705639684477,
        127.82104075611144
      ],
      [
        809.9841275213895,
        725.3772650792611
      ],
      [
        27.127612265715584,
        529.4063728928078
      ],
      [
        723.9745252627438,
        322.81672497008054
      ],
      [
        39.81079913016261,
        832.0521914568263
      ],
      [
        536.9309470032665,
        881.8282404708817
      ],
      [
        86.34286116529732,
        869.3735333829089
      ],
      [
        409.37852674544416,
        571.052539158312
      ],
      [
        938.6178708531158,
        457.3865986421711
      ],
      [
        45.71707920360368,
        243.28251965687585
      ]
    ],
    "delivery": [
      1.3765330888161766,
      0.0,
      1.5208329883290976,
      1.7086095698320745,
      0.0,
      1.7376256490114446,
      0.0,
      0.0,
      0.0,
      0.9533181230726216,
      0.0,
      0.0,
      0.0,
      1.4769658616683157,
      0.0,
      0.0,
      0.0,
      0.0,
      0.0,
      0.0
    ],
    "pickup": [
      0.0,
      1.5414317479394015,
      0.0,
      0.0,
      0.8642405998465825,
      0.0,
      1.8615564950870076,
      0.890355292227462,
      1.2299004264604303,
      0.0,
      1.990734964132565,
      1.975414750141827,
      1.4465808572236565,
      0.0,
      0.6066850299845605,
      0.6720123348660587,
      1.3097183336863618,
      1.9373958426314417,
      1.7134321377388066,
      1.0403478891564166
    ],
    "service_duration_s": [
      60.0,
      60.0,
      60.0,
      60.0,
      60.0,
      60.0,
      60.0,
      60.0,
      60.0,
      60.0,
      60.0,
      60.0,
      60.0,
      60.0,
      60.0,
      60.0,
      60.0,
      60.0,
      60.0,
      60.0
    ],
    "tw_early_s": [
      29.434959936834332,
      123.06320020258505,
      0.0,
      0.0,
      203.63083127280015,
      100.0884720038556,
      0.0,
      18.827221749005844,
      130.0036272924612,
      172.8245323112671,
      0.0,
      0.0,
      262.07910886335173,
      0.0,
      356.0502674041479,
      0.0,
      290.0852733887233,
      233.0439062058474,
      0.0,
      0.0
    ],
    "tw_late_s": [
      629.4349599368343,
      723.063200202585,
      499.3109976443616,
      326.22418202751726,
      803.6308312728002,
      700.0884720038556,
      497.60527554696614,
      618.8272217490058,
      730.0036272924613,
      772.8245323112671,
      348.5700745932564,
      533.5990782846351,
      862.0791088633517,
      393.9279669955939,
      956.0502674041479,
      599.3936582243564,
      890.0852733887233,
      833.0439062058474,
      443.87272007833474,
      352.1801530125226
    ],
    "bs_xy": [
      [
        181.64492022905964,
        230.26057957762725
      ],
      [
        160.78798750703714,
        209.36635970030582
      ],
      [
        497.02471945984774,
        824.3468009276743
      ],
      [
        707.0011430905232,
        83.52931977089595
      ]
    ],
    "speed_mps": 10.0,
    "capacity_kg": 6.0,
    "altitude_m": 100.0
  }
}