{
  "spec": {
    "run_id": "seed5_N10_M3_D2_B7_K10_lo0.0_lt0.0_twA",
    "seed": 5,
    "n_clients": 10,
    "num_uavs": 3,
    "delta_min": 2,
    "bs_count": 7,
    "edge_samples": 10,
    "lambda_out": 0.0,
    "lambda_tw": 0.0,
    "tw_family": "A",
    "tw_mode": "soft"
  },
  "scenario": {
    "depot_xy": [
      500.0,
      500.0
    ],
    "client_xy": [
      [
        269.84618137953373,
        386.8476197716483
      ],
      [
        328.07235010765544,
        437.78888138101536
      ],
      [
        682.478101807998,
        264.185324108531
      ],
      [
        507.86340849296255,
        956.6656239566643
      ],
      [
        800.1490925875548,
        114.57630735371716
      ],
      [
        261.50298901940107,
        859.0414267875702
      ],
      [
        842.0478461342494,
        147.59423737905365
      ],
      [
        286.67176830161014,
        70.26596970365439
      ],
      [
        153.96302987648568,
        469.86449665584064
      ],
      [
        112.60150270587643,
        501.41543330492846
      ]
    ],
    "delivery": [
      0.0,
      1.150346042224992,
      1.241541948000747,
      0.0,
      1.287728422460886,
      0.0,
      0.7488101362302917,
      1.6094333905918952,
      0.0,
      0.0
    ],
    "pickup": [
      1.570982114325818,
      0.0,
      0.0,
      0.810477051887152,
      0.0,
      1.755342050930072,
      0.0,
      0.0,
      0.5725568112966564,
      0.8166399773453707
    ],
    "service_duration_s": [
      60.0,
      60.0,
      60.0,
      60.0,
      60.0,
      60.0,
      60.0,
      60.0,
      60.0,
      60.0
    ],
    "tw_early_s": [
      0.0,
      0.0,
      0.0,
      129.1634390505438,
      25.25796850357449,
      177.1474640372216,
      132.91392685456827,
      16.84055984219384,
      0.0,
      273.98682039041296
    ],
    "tw_late_s": [
      145.64648930690592,
      138.28369220844903,
      237.74780653221734,
      369.1634390505438,
      265.2579685035745,
      417.1474640372216,
      372.9139268545683,
      256.84055984219384,
      154.73467046828972,
      513.986820390413
    ],
    "bs_xy": [
      [
        592.3817014701266,
        978.2882845074198
      ],
      [
        843.0535975769222,
        783.4325918317815
      ],
      [
        495.75485077596073,
        451.1621347820745
      ],
      [
        872.9414081047026,
        376.23257757019144
      ],
      [
        820.1124693424879,
        662.4781945941952
      ],
      [
        401.969745799591,
        421.95358795299995
      ],
      [
        988.9786793493498,
        918.3749085268317
      ]
    ],
    "speed_mps": 10.0,
    "capacity_kg": 6.0,
    "altitude_m": 100.0
  }
}