{
  "spec": {
    "run_id": "seed7_N20_M3_D5_B10_K10_lo0.5_lt5.0_twA",
    "seed": 7,
    "n_clients": 20,
    "num_uavs": 3,
    "delta_min": 5,
    "bs_count": 10,
    "edge_samples": 10,
    "lambda_out": 0.5,
    "lambda_tw": 5.0,
    "tw_family": "A",
    "tw_mode": "soft"
  },
  "scenario": {
    "depot_xy": [
      500.0,
      500.0
    ],
    "client_xy": [
      [
        876.8046530222869,
        182.70143878993716
      ],
      [
        442.6910323522173,
        977.8365420223743
      ],
      [
        501.92745488074553,
        749.8680032193892
      ],
      [
        981.0655607957017,
        617.5005608641641
      ],
      [
        302.3189256375065,
        726.6021151204944
      ],
      [
        571.4013806962964,
        171.52938908186655
      ],
      [
        680.7292648984666,
        305.0787357357031
      ],
      [
        460.10638968232286,
        702.7465801421741
      ],
      [
        680.2541336874793,
        498.6280279888462
      ],
      [
        410.7188748545109,
        725.3189784139068
      ],
      [
        502.73156416722344,
        830.1090302439875
      ],
      [
        686.1832613197914,
        167.76333448465687
      ],
      [
        940.7358608145005,
        750.938739787209
      ],
      [
        641.2393110937027,
        639.9567025109337
      ],
      [
        106.0286850744856,
        680.1112357394856
      ],
      [
        586.8060876907529,
        741.3153967255865
      ],
      [
        873.6557926553713,
        974.8664952972737
      ],
      [
        991.8104675437112,
        697.7608872616038
      ],
      [
        345.50809741372615,
        962.1820624328191
      ],
      [
        824.1741343846028,
        283.46518623653304
      ]
    ],
    "delivery": [
      0.0,
      1.287428552281448,
      0.9836294325445125,
      1.670944571301665,
      1.0574869374252003,
      0.0,
      1.761611953129724,
      1.4588756687652875,
      0.98939677220461,
      0.0,
      1.4667531910263798,
      1.8625166148099421,
      0.0,
      1.7867563680685727,
      0.0,
      1.2320988956218744,
      0.0,
      0.6187040172027125,
      1.6476123705420558,
      0.0
    ],
    "pickup": [
      0.9833540172863615,
      0.0,
      0.0,
      0.0,
      0.0,
      1.4914025392157904,
      0.0,
      0.0,
      0.0,
      1.5867072099607764,
      0.0,
      0.0,
      1.6927141553462548,
      0.0,
      0.9517465019438565,
      0.0,
      1.7622473439392206,
      0.0,
      0.0,
      1.4893361740240834
    ],
    "service_duration_s": [
      60.0,
      60.0,
      60.0,
      60.0,
      60.0,
      60.0,
      60.0,
      60.0,
      60.0,
      60.0,
      60.0,
      60.0,
      60.0,
      60.0,
      60.0,
      60.0,
      60.0,
      60.0,
      60.0,
      60.0
    ],
    "tw_early_s": [
      0.0,
      85.30382598099385,
      114.36157728784048,
      0.0,
      255.85773200339827,
      0.0,
      0.0,
      179.89967123186466,
      0.0,
      170.75718308488382,
      106.46907214031063,
      0.0,
      0.0,
      22.944127145486902,
      297.7347636757801,
      0.0,
      10.90973284574477,
      0.0,
      200.73282586087527,
      0.0
    ],
    "tw_late_s": [
      424.1749035255811,
      685.3038259809939,
      714.3615772878404,
      528.8873865081057,
      855.8577320033983,
      333.6141487178047,
      326.58145339388574,
      779.8996712318647,
      405.93644093750356,
      770.7571830848838,
      706.4690721403106,
      338.0848275181112,
      502.20094499522816,
      622.9441271454868,
      897.7347636757801,
      597.6070028151986,
      610.9097328457448,
      520.7853166351711,
      800.7328258608752,
      416.0927145535193
    ],
    "bs_xy": [
      [
        369.76385741345695,
        712.3283875456541
      ],
      [
        512.3459146250167,
        504.5248568121914
      ],
      [
        970.7069648296562,
        688.663736835439
      ],
      [
        389.70838404584407,
        350.98190865005995
      ],
      [
        950.9834080343599,
        18.034384949939806
      ],
      [
        876.8078814513847,
        695.0100940298274
      ],
      [
        784.4080303341168,
        501.57554374247917
      ],
      [
        731.7014645174987,
        872.9295493105404
      ],
      [
        493.736813214515,
        76.34928338029245
      ],
      [
        601.476742978903,
        382.28557018951915
      ]
    ],
    "speed_mps": 10.0,
    "capacity_kg": 6.0,
    "altitude_m": 100.0
  }
}