{
  "spec": {
    "run_id": "seed3_N40_M3_D10_B4_K10_lo0.0_lt0.0_twA",
    "seed": 3,
    "n_clients": 40,
    "num_uavs": 3,
    "delta_min": 10,
    "bs_count": 4,
    "edge_samples": 10,
    "lambda_out": 0.0,
    "lambda_tw": 0.0,
    "tw_family": "A",
    "tw_mode": "soft"
  },
  "scenario": {
    "depot_xy": [
      500.0,
      500.0
    ],
    "client_xy": [
      [
        389.3879803749435,
        562.252234321694
      ],
      [
        207.43563529221433,
        481.23108589483843
      ],
      [
        702.8694652320011,
        675.6285642313106
      ],
      [
        70.84351277691225,
        87.80175084303488
      ],
      [
        793.2454492559315,
        456.74728446873956
      ],
      [
        186.46548449106615,
        68.1681682640941
      ],
      [
        526.0455219888578,
        595.0743134312019
      ],
      [
        921.544139351472,
        809.0837238193371
      ],
      [
        907.7150119405057,
        387.9007661070658
      ],
      [
        530.0064768006885,
        994.9442402224553
      ],
      [
        569.5290278505961,
        2.1081808153881054
      ],
      [
        1.3954037020332821,
        582.4691518485881
      ],
      [
        574.6378604974059,
        657.4361409202364
      ],
      [
        281.40253753349845,
        476.5258221078241
      ],
      [
        547.3573636973755,
        253.2361795639352
      ],
      [
        50.73448335501829,
        714.2967346342672
      ],
      [
        964.9057556417158,
        433.1049372009733
      ],
      [
        812.7409085822269,
        559.6666902639612
      ],
      [
        201.71954807351977,
        953.3074063637106
      ],
      [
        707.6029806034521,
        895.3154688952518
      ],
      [
        65.06914360766058,
        815.9389935796534
      ],
      [
        723.0570816501601,
        467.9112612099681
      ],
      [
        431.0139699392637,
        895.1613036016814
      ],
      [
        8.01753688287221,
        81.8770224728106
      ],
      [
        8.554949856465544,
        536.4543144371802
      ],
      [
        900.365405063282,
        54.40862718773876
      ],
      [
        945.2728051866234,
        897.8409433918916
      ],
      [
        715.9662015315923,
        333.18356845604933
      ],
      [
        489.62092765413246,
        590.8479502286576
      ],
      [
        230.4835761007745,
        262.3146476548054
      ],
      [
        350.7621976697101,
        754.6624302987138
      ],
      [
        291.10349354032184,
        103.0383609639568
      ],
      [
        98.31343374618284,
        207.3343079079687
      ],
      [
        408.8320573816111,
        521.2191849245502
      ],
      [
        894.0038942648406,
        158.53554052274276
      ],
      [
        198.89032144363594,
        77.65391221169604
      ],
      [
        942.7187274094993,
        233.72718068898502
      ],
      [
        138.3656137101159,
        28.784032332939358
      ],
      [
        341.33728325923454,
        480.6111056504986
      ],
      [
        483.4672028335368,
        749.7933615331602
      ]
    ],
    "delivery": [
      0.968115506420063,
      0.0,
      0.5976590201329468,
      1.9567584818021468,
      1.1267423621627708,
      1.740525959080852,
      0.0,
      0.0,
      1.4596939789121732,
      0.0,
      1.431108122666861,
      0.0,
      0.5613882239739,
      0.0,
      1.202546414606521,
      0.9261635897394135,
      0.0,
      1.6230665347964073,
      1.6778108603277055,
      0.6785737812860633,
      0.0,
      1.9809225746981407,
      0.6464613589166937,
      1.2172268972984521,
      0.0,
      0.0,
      0.9114375537370005,
      0.0,
      0.0,
      0.0,
      0.0,
      1.1521295447639595,
      1.0094633627526055,
      0.0,
      1.057471524994497,
      1.092715746377848,
      0.0,
      0.0,
      1.7369530425497688,
      0.0
    ],
    "pickup": [
      0.0,
      1.3870041132116362,
      0.0,
      0.0,
      0.0,
      0.0,
      1.8812269590119206,
      0.7547509146378887,
      0.0,
      1.7022004457754114,
      0.0,
      1.1814653777415833,
      0.0,
      1.4183535137859162,
      0.0,
      0.0,
      1.848237573479293,
      0.0,
      0.0,
      0.0,
      1.716825568461273,
      0.0,
      0.0,
      0.0,
      0.9784097693592284,
      1.5022051405906363,
      0.0,
      1.2345316408127904,
      0.8581623103385638,
      1.3712726898982202,
      1.0865465198338409,
      0.0,
      0.0,
      1.3374085744583137,
      0.0,
      0.0,
      1.9712448775773517,
      1.4040702560694889,
      0.0,
      1.4615499361228212
    ],
    "service_duration_s": [
      60.0,
      60.0,
      60.0,
      60.0,
      60.0,
      60.0,
      60.0,
      60.0,
      60.0,
      60.0,
      60.0,
      60.0,
      60.0,
      60.0,
      60.0,
      60.0,
      60.0,
      60.0,
      60.0,
      60.0,
      60.0,
      60.0,
      60.0,
      60.0,
      60.0,
      60.0,
      60.0,
      60.0,
      60.0,
      60.0,
      60.0,
      60.0,
      60.0,
      60.0,
      60.0,
      60.0,
      60.0,
      60.0,
      60.0,
      60.0
    ],
    "tw_early_s": [
      318.07310328448204,
      0.0,
      19.239563329816406,
      0.0,
      0.0,
      0.0,
      194.6734232127485,
      58.50534776066036,
      0.0,
      221.93523536020098,
      0.0,
      416.9249968429141,
      92.19113030788469,
      0.0,
      0.0,
      452.89957002497704,
      0.0,
      0.0,
      364.62898620210376,
      141.57193252418415,
      393.43308704487094,
      0.0,
      295.9908928885326,
      0.0,
      531.1771627186861,
      0.0,
      82.96083797519407,
      0.0,
      258.3403200184538,
      0.0,
      238.44821230249,
      0.0,
      0.0,
      498.713624420222,
      0.0,
      0.0,
      0.0,
      0.0,
      0.0,
      165.16878225968503
    ],
    "tw_late_s": [
      1518.073103284482,
      629.3165788647921,
      1219.2395633298165,
      791.0648204355844,
      1116.164187034008,
      780.3747307731285,
      1394.6734232127485,
      1258.5053477606602,
      1058.24529487215,
      1421.935235360201,
      879.2465200544159,
      1616.924996842914,
      1292.1911303078846,
      621.9854241770558,
      962.9299536468172,
      1652.899570024977,
      1160.658250414322,
      1186.6391462337301,
      1564.6289862021038,
      1341.5719325241841,
      1593.433087044871,
      1138.3699639491126,
      1495.9908928885325,
      729.9944893245986,
      1731.177162718686,
      1002.1721642936002,
      1282.960837975194,
      1041.5902122694818,
      1458.340320018454,
      700.4673331911318,
      1438.44821230249,
      881.0522061915401,
      718.7999809517021,
      1698.713624420222,
      975.2678273321309,
      863.9096496826472,
      1080.5974044666732,
      804.0691071647225,
      615.9843007065234,
      1365.168782259685
    ],
    "bs_xy": [
      [
        171.30199163623783,
        456.7882595114299
      ],
      [
        5.843705600644844,
        737.4286638033294
      ],
      [
        768.2433171445676,
        766.7292091869401
      ],
      [
        434.13778496452335,
        726.4427688040747
      ]
    ],
    "speed_mps": 10.0,
    "capacity_kg": 6.0,
    "altitude_m": 100.0
  }
}