{
  "spec": {
    "run_id": "seed6_N10_M3_D2_B7_K10_lo0.5_lt5.0_twA",
    "seed": 6,
    "n_clients": 10,
    "num_uavs": 3,
    "delta_min": 2,
    "bs_count": 7,
    "edge_samples": 10,
    "lambda_out": 0.5,
    "lambda_tw": 5.0,
    "tw_family": "A",
    "tw_mode": "soft"
  },
  "scenario": {
    "depot_xy": [
      500.0,
      500.0
    ],
    "client_xy": [
      [
        810.1324789317109,
        181.56243413452432
      ],
      [
        938.6168111757814,
        306.4938668348975
      ],
      [
        382.92902905911274,
        777.0715136093423
      ],
      [
        65.77841899303094,
        744.7435043858623
      ],
      [
        903.2810205736811,
        822.8820407090019
      ],
      [
        539.0320292082899,
        611.9079868403257
      ],
      [
        49.72067453517026,
        447.83916262340705
      ],
      [
        362.55957660176483,
        925.525259210031
      ],
      [
        142.4558064165119,
        261.7597475375685
      ],
      [
        953.04781033985,
        468.7454757850651
      ]
    ],
    "delivery": [
      0.0,
      0.0,
      1.3663316736749183,
      0.9084083769546876,
      0.9769622986160024,
      1.3432030282971956,
      1.8546570292,
      0.7367741100173943,
      1.660515645979964,
      0.943499311939954
    ],
    "pickup": [
      0.5527717632421334,
      1.1969634108447866,
      0.0,
      0.0,
      0.0,
      0.0,
      0.0,
      0.0,
      0.0,
      0.0
    ],
    "service_duration_s": [
      60.0,
      60.0,
      60.0,
      60.0,
      60.0,
      60.0,
      60.0,
      60.0,
      60.0,
      60.0
    ],
    "tw_early_s": [
      0.0,
      75.33542356090535,
      161.4918545034115,
      294.78341202719633,
      49.255392193419084,
      185.62913914035903,
      0.0,
      201.27898707195868,
      0.0,
      66.6248428648966
    ],
    "tw_late_s": [
      164.45049356786234,
      315.3354235609054,
      401.4918545034115,
      534.7834120271964,
      289.2553921934191,
      425.62913914035903,
      165.3290440994391,
      441.2789870719587,
      162.96466783982277,
      306.6248428648966
    ],
    "bs_xy": [
      [
        728.6110267289828,
        96.96396541301621
      ],
      [
        884.3746941599629,
        887.5041003673224
      ],
      [
        630.5663783456771,
        525.0900709835355
      ],
      [
        108.70421085525561,
        719.0275358523882
      ],
      [
        28.17165090037932,
        81.14908488291528
      ],
      [
        203.74844533729453,
        203.9509989909899
      ],
      [
        378.62859485382063,
        447.27758765546946
      ]
    ],
    "speed_mps": 10.0,
    "capacity_kg": 6.0,
    "altitude_m": 100.0
  }
}