{
  "spec": {
    "run_id": "seed8_N10_M3_D10_B7_K10_lo0.5_lt5.0_twA",
    "seed": 8,
    "n_clients": 10,
    "num_uavs": 3,
    "delta_min": 10,
    "bs_count": 7,
    "edge_samples": 10,
    "lambda_out": 0.5,
    "lambda_tw": 5.0,
    "tw_family": "A",
    "tw_mode": "soft"
  },
  "scenario": {
    "depot_xy": [
      500.0,
      500.0
    ],
    "client_xy": [
      [
        683.8769784700477,
        75.36304415184381
      ],
      [
        397.55268477925154,
        955.5119665680866
      ],
      [
        203.65775750490377,
        367.16251221317754
      ],
      [
        599.2623208057445,
        878.8329518669992
      ],
      [
        475.2571885763662,
        299.2084764010525
      ],
      [
        280.4855215983612,
        262.3694121927095
      ],
      [
        950.5174981153801,
        428.88374122988716
      ],
      [
        862.155692281641,
        685.1838141875271
      ],
      [
        459.73636215797677,
        929.3613542351193
      ],
      [
        543.4536261979426,
        544.0587611177826
      ]
    ],
    "delivery": [
      0.0,
      1.0049310288431297,
      1.312901328534532,
      0.0,
      0.0,
      0.543192096089427,
      0.0,
      1.4140483616410389,
      0.9285868276955316,
      0.7034573999869295
    ],
    "pickup": [
      1.5589345999013822,
      0.0,
      0.0,
      1.9997611644382027,
      1.4160142983986517,
      0.0,
      0.7521745729865841,
      0.0,
      0.0,
      0.0
    ],
    "service_duration_s": [
      60.0,
      60.0,
      60.0,
      60.0,
      60.0,
      60.0,
      60.0,
      60.0,
      60.0,
      60.0
    ],
    "tw_early_s": [
      0.0,
      0.0,
      0.0,
      0.0,
      0.0,
      0.0,
      0.0,
      0.0,
      0.0,
      0.0
    ],
    "tw_late_s": [
      748.6675993150575,
      961.25110941036,
      632.4753018228525,
      878.473606739773,
      620.2310263373691,
      632.3504099648802,
      761.3916926390893,
      734.8814987551592,
      841.9520828094146,
      857.5955456203696
    ],
    "bs_xy": [
      [
        6.03556514911241,
        307.4140136357674
      ],
      [
        801.8471739690384,
        33.0482559463523
      ],
      [
        363.66417817769724,
        116.83318471652615
      ],
      [
        173.45378777862973,
        618.7980704052461
      ],
      [
        173.29052626920992,
        691.8143639464064
      ],
      [
        529.4008086135359,
        740.2310313335529
      ],
      [
        397.05302913836084,
        628.5313368579427
      ]
    ],
    "speed_mps": 10.0,
    "capacity_kg": 6.0,
    "altitude_m": 100.0
  }
}