{
  "spec": {
    "run_id": "seed2_N40_M3_D5_B7_K10_lo0.5_lt0.0_twA",
    "seed": 2,
    "n_clients": 40,
    "num_uavs": 3,
    "delta_min": 5,
    "bs_count": 7,
    "edge_samples": 10,
    "lambda_out": 0.5,
    "lambda_tw": 0.0,
    "tw_family": "A",
    "tw_mode": "soft"
  },
  "scenario": {
    "depot_xy": [
      500.0,
      500.0
    ],
    "client_xy": [
      [
        792.9751187571615,
        469.3330973805293
      ],
      [
        212.21719069540833,
        447.52757226724594
      ],
      [
        841.5968095730565,
        701.2497479307934
      ],
      [
        299.88108535425675,
        721.8194176880088
      ],
      [
        609.0937586258135,
        230.1249584841205
      ],
      [
        725.4094185234484,
        139.02723804925498
      ],
      [
        175.64074424165366,
        782.5638520509616
      ],
      [
        582.761658231788,
        705.6122619530876
      ],
      [
        738.8892571598703,
        912.7103882431752
      ],
      [
        949.5261291853404,
        219.36394829327344
      ],
      [
        513.4145906927735,
        67.66780142836903
      ],
      [
        162.65033782852,
        187.0144488193949
      ],
      [
        889.1082794724828,
        773.6674544560956
      ],
      [
        999.8404837765971,
        864.1336807023944
      ],
      [
        504.3645638858781,
        860.3386029396337
      ],
      [
        17.826515921440578,
        560.7578700496388
      ],
      [
        157.58446055979823,
        953.2228156731783
      ],
      [
        910.142406432229,
        200.7682982865724
      ],
      [
        184.2381060534154,
        996.3301929350331
      ],
      [
        196.830851275698,
        361.8320871169835
      ],
      [
        331.9658340517274,
        931.709621018331
      ],
      [
        177.21774646838162,
        875.7177689471525
      ],
      [
        367.7073658138046,
        801.4065005131682
      ],
      [
        790.3936381004966,
        585.3453753820072
      ],
      [
        347.4405156233563,
        748.042498520866
      ],
      [
        664.6686544635903,
        110.27303639813346
      ],
      [
        528.1044909635618,
        833.9155517147514
      ],
      [
        74.10930141024762,
        657.5508442633374
      ],
      [
        935.3033290757689,
        806.494805583379
      ],
      [
        980.4710210906346,
        506.28169225561714
      ],
      [
        874.3872748908828,
        263.31406568409955
      ],
      [
        528.4479911822759,
        508.92943307238016
      ],
      [
        146.6098407541623,
        630.1829480404173
      ],
      [
        566.1000855188329,
        339.7362267643619
      ],
      [
        442.45258672043263,
        795.3013751546848
      ],
      [
        313.4982140275564,
        198.44268539074582
      ],
      [
        411.59937499150425,
        680.5748847068173
      ],
      [
        660.607909003141,
        591.696967862072
      ],
      [
        132.74066645926575,
        772.2632470963539
      ],
      [
        474.37593928553343,
        339.1206960050631
      ]
    ],
    "delivery": [
      1.8980816173830586,
      0.6132631726941257,
      1.2525072433666724,
      0.0,
      0.7765740598551167,
      0.0,
      1.196526651218191,
      1.736668073722542,
      1.026168075808612,
      1.4174878629037229,
      0.0,
      1.146895553890023,
      0.0,
      0.0,
      0.0,
      0.6869116137333799,
      0.0,
      0.599394920733406,
      0.0,
      0.0,
      0.0,
      0.8899785554204196,
      0.0,
      0.0,
      1.8758261712037787,
      1.4262945314063122,
      0.8580723802154421,
      0.6046673227551578,
      1.8651311534490531,
      0.0,
      1.7620298357805209,
      0.0,
      1.1371404970975134,
      1.6357907037797106,
      0.0,
      0.0,
      1.836227907595194,
      0.5024537209168951,
      1.9165428926979788,
      1.0824464368121416
    ],
    "pickup": [
      0.0,
      0.0,
      0.0,
      1.675691596834611,
      0.0,
      0.8913773716911539,
      0.0,
      0.0,
      0.0,
      0.0,
      0.5742366139281169,
      0.0,
      1.3469266645593203,
      1.6280555810790047,
      1.2228552680914513,
      0.0,
      0.6172169652264834,
      0.0,
      1.9439690857532623,
      1.220690980343869,
      0.8423224654693326,
      0.0,
      1.010861444937842,
      1.627084221660185,
      0.0,
      0.0,
      0.0,
      0.0,
      0.0,
      0.977450997949536,
      0.0,
      1.1340000219431405,
      0.0,
      0.0,
      1.0360079030589913,
      1.900130763271047,
      0.0,
      0.0,
      0.0,
      0.0
    ],
    "service_duration_s": [
      60.0,
      60.0,
      60.0,
      60.0,
      60.0,
      60.0,
      60.0,
      60.0,
      60.0,
      60.0,
      60.0,
      60.0,
      60.0,
      60.0,
      60.0,
      60.0,
      60.0,
      60.0,
      60.0,
      60.0,
      60.0,
      60.0,
      60.0,
      60.0,
      60.0,
      60.0,
      60.0,
      60.0,
      60.0,
      60.0,
      60.0,
      60.0,
      60.0,
      60.0,
      60.0,
      60.0,
      60.0,
      60.0,
      60.0,
      60.0
    ],
    "tw_early_s": [
      76.74278753031439,
      0.0,
      237.03201000898218,
      684.1674059755511,
      0.0,
      0.0,
      698.8618465923334,
      375.90387658473105,
      348.69885704208,
      64.45285645725414,
      0.0,
      0.0,
      268.22968702943047,
      319.741531355893,
      432.72897057721343,
      823.9703144109126,
      621.7006953357863,
      0.0,
      594.3799145759222,
      0.0,
      508.9284884853753,
      668.638613376849,
      507.6112360234798,
      164.36094519785587,
      587.3602756087777,
      0.0,
      427.01181612706966,
      767.6415082917852,
      279.23469098008695,
      91.25699206926026,
      4.745291111085237,
      163.490211896642,
      774.3740138375545,
      0.0,
      452.5564357199713,
      0.0,
      524.4367085638393,
      184.36411815734334,
      739.899629644271,
      0.0
    ],
    "tw_late_s": [
      676.7427875303144,
      329.2527436325915,
      837.0320100089822,
      1284.167405975551,
      505.8704691950488,
      580.6448143263401,
      1298.8618465923334,
      975.903876584731,
      948.69885704208,
      664.4528564572541,
      443.0691096623816,
      346.0179041042765,
      868.2296870294305,
      919.741531355893,
      1032.7289705772134,
      1423.9703144109126,
      1221.7006953357863,
      587.4417253288327,
      1194.3799145759222,
      333.31694837296277,
      1108.9284884853753,
      1268.638613376849,
      1107.6112360234797,
      764.3609451978559,
      1187.3602756087776,
      518.7831154705818,
      1027.0118161270698,
      1367.6415082917852,
      879.234690980087,
      691.2569920692603,
      604.7452911110852,
      763.490211896642,
      1374.3740138375545,
      490.3368464414298,
      1052.5564357199714,
      416.1416124368915,
      1124.4367085638391,
      784.3641181573433,
      1339.899629644271,
      421.16422528914006
    ],
    "bs_xy": [
      [
        539.4547406386097,
        972.799102366669
      ],
      [
        833.3539749228162,
        529.0487793560886
      ],
      [
        309.5098943177037,
        266.6295075165294
      ],
      [
        534.8869969912042,
        857.7993763538137
      ],
      [
        619.7463811692429,
        889.4140896361331
      ],
      [
        644.0295424874618,
        212.55841635344274
      ],
      [
        883.0892545872831,
        217.63582203914387
      ]
    ],
    "speed_mps": 10.0,
    "capacity_kg": 6.0,
    "altitude_m": 100.0
  }
}