{
  "spec": {
    "run_id": "seed9_N10_M3_D2_B10_K10_lo1.0_lt5.0_twA",
    "seed": 9,
    "n_clients": 10,
    "num_uavs": 3,
    "delta_min": 2,
    "bs_count": 10,
    "edge_samples": 10,
    "lambda_out": 1.0,
    "lambda_tw": 5.0,
    "tw_family": "A",
    "tw_mode": "soft"
  },
  "scenario": {
    "depot_xy": [
      500.0,
      500.0
    ],
    "client_xy": [
      [
        844.7459991567401,
        666.8459656099391
      ],
      [
        405.81617522686196,
        128.65270571780886
      ],
      [
        304.22182090090934,
        663.4707563151368
      ],
      [
        121.0222472795125,
        312.8955977975635
      ],
      [
        470.36075490016674,
        294.53126391414776
      ],
      [
        744.6037726167317,
        309.79282251415776
      ],
      [
        693.148133742678,
        223.49576672697913
      ],
      [
        764.7990822391289,
        320.28588808899116
      ],
      [
        925.6576547612448,
        719.5675014762508
      ],
      [
        316.4102912151132,
        691.4102889008933
      ]
    ],
    "delivery": [
      0.0,
      0.8163233370310377,
      1.3781342414324782,
      0.0,
      0.0,
      0.0,
      0.0,
      0.0,
      1.0926926519277638,
      1.5632437369711112
    ],
    "pickup": [
      0.6779641964180698,
      0.0,
      0.0,
      1.1260361950272741,
      0.7068679688065156,
      0.5854058495789715,
      0.8156313739193675,
      0.9652455050856825,
      0.0,
      0.0
    ],
    "service_duration_s": [
      60.0,
      60.0,
      60.0,
      60.0,
      60.0,
      60.0,
      60.0,
      60.0,
      60.0,
      60.0
    ],
    "tw_early_s": [
      147.02699054340417,
      0.0,
      261.0804621541088,
      0.0,
      0.0,
      16.727780324701143,
      40.17175480099644,
      0.0,
      121.52686466334421,
      108.52111664825475
    ],
    "tw_late_s": [
      387.02699054340417,
      158.31049540525436,
      501.0804621541088,
      162.26490203237222,
      140.75954873276527,
      256.72778032470114,
      280.17175480099644,
      230.3158051385676,
      361.5268646633442,
      348.52111664825475
    ],
    "bs_xy": [
      [
        434.5243645739393,
        273.68745347366706
      ],
      [
        642.2484012054865,
        188.39141949231674
      ],
      [
        268.45720978128253,
        228.4769776848329
      ],
      [
        272.6761735825245,
        546.304969203506
      ],
      [
        876.8363381450768,
        992.3005053241292
      ],
      [
        1.735504251913711,
        357.0693986230575
      ],
      [
        366.9646368133892,
        447.83608149213484
      ],
      [
        450.79167320099987,
        846.3866072587293
      ],
      [
        800.8810239174018,
        938.409463063518
      ],
      [
        50.646428823095,
        260.4104484608811
      ]
    ],
    "speed_mps": 10.0,
    "capacity_kg": 6.0,
    "altitude_m": 100.0
  }
}