{
  "spec": {
    "run_id": "seed7_N10_M3_D2_B4_K10_lo0.5_lt0.0_twA",
    "seed": 7,
    "n_clients": 10,
    "num_uavs": 3,
    "delta_min": 2,
    "bs_count": 4,
    "edge_samples": 10,
    "lambda_out": 0.5,
    "lambda_tw": 0.0,
    "tw_family": "A",
    "tw_mode": "soft"
  },
  "scenario": {
    "depot_xy": [
      500.0,
      500.0
    ],
    "client_xy": [
      [
        335.09567488059565,
        234.976242294331
      ],
      [
        43.71075593707341,
        744.2083761900501
      ],
      [
        61.29139343065226,
        337.66930506152113
      ],
      [
        120.01611156781422,
        943.1435008374953
      ],
      [
        152.20586222387487,
        47.74000954558022
      ],
      [
        365.7261848229699,
        817.0842062708188
      ],
      [
        302.90170710208974,
        532.7098677587455
      ],
      [
        757.2872484798238,
        46.55652030565061
      ],
      [
        906.3233149184738,
        201.2423620963033
      ],
      [
        664.7873501401381,
        34.80329434033946
      ]
    ],
    "delivery": [
      1.8566582196405468,
      0.9886439338128536,
      0.0,
      0.0,
      1.4240279762455454,
      0.0,
      0.0,
      1.9439724874277995,
      1.0974904546251159,
      1.4110833959640754
    ],
    "pickup": [
      0.0,
      0.0,
      1.2287387127985596,
      1.7252302689051837,
      0.0,
      1.5664721598183622,
      1.6891725975534528,
      0.0,
      0.0,
      0.0
    ],
    "service_duration_s": [
      60.0,
      60.0,
      60.0,
      60.0,
      60.0,
      60.0,
      60.0,
      60.0,
      60.0,
      60.0
    ],
    "tw_early_s": [
      0.0,
      190.3632870942531,
      0.0,
      227.5600638499477,
      0.0,
      198.05048557038128,
      287.17361716797575,
      57.56084950728365,
      28.436228892159875,
      54.30079865922647
    ],
    "tw_late_s": [
      151.21394377381995,
      430.3632870942531,
      166.77782551564664,
      467.5600638499477,
      177.05259514143683,
      438.0504855703813,
      527.1736171679757,
      297.56084950728365,
      268.4362288921599,
      294.3007986592265
    ],
    "bs_xy": [
      [
        378.5871818353437,
        397.8544972114928
      ],
      [
        927.0350507088594,
        719.0646938219397
      ],
      [
        865.6097343646405,
        610.8799837165965
      ],
      [
        463.7714290893793,
        301.9203234382322
      ]
    ],
    "speed_mps": 10.0,
    "capacity_kg": 6.0,
    "altitude_m": 100.0
  }
}