{
  "spec": {
    "run_id": "seed1_N40_M3_D2_B4_K10_lo0.5_lt1.0_twA",
    "seed": 1,
    "n_clients": 40,
    "num_uavs": 3,
    "delta_min": 2,
    "bs_count": 4,
    "edge_samples": 10,
    "lambda_out": 0.5,
    "lambda_tw": 1.0,
    "tw_family": "A",
    "tw_mode": "soft"
  },
  "scenario": {
    "depot_xy": [
      500.0,
      500.0
    ],
    "client_xy": [
      [
        861.9311869058158,
        453.162685002147
      ],
      [
        158.5792982157538,
        281.16037076496644
      ],
      [
        991.0783290529989,
        677.0545585531173
      ],
      [
        191.87292323810445,
        80.35846258066049
      ],
      [
        580.970295982749,
        514.5982799210813
      ],
      [
        457.79955895896296,
        665.1135558183271
      ],
      [
        546.8019044568496,
        413.9481707713477
      ],
      [
        290.19625508327596,
        37.08447345497801
      ],
      [
        536.4629844931959,
        323.46005667979307
      ],
      [
        532.2736117637869,
        630.4991719523059
      ],
      [
        503.569602523955,
        178.89199684707268
      ],
      [
        867.5887148149703,
        237.2011176760095
      ],
      [
        728.3035779430608,
        386.38074592921043
      ],
      [
        676.9490773877839,
        249.53296353810117
      ],
      [
        217.4622699007288,
        343.02908854055215
      ],
      [
        146.69691925271277,
        147.19633305928326
      ],
      [
        381.5481602170116,
        133.74714942741483
      ],
      [
        20.25922379656975,
        588.0201989259804
      ],
      [
        172.701510160456,
        880.5579170558847
      ],
      [
        969.6772306781985,
        594.1306696471114
      ],
      [
        64.13433859492868,
        688.5978045921897
      ],
      [
        36.03936636360628,
        974.5110102463015
      ],
      [
        289.145101899689,
        812.9261693293104
      ],
      [
        58.0494331082243,
        708.0558226802768
      ],
      [
        645.4454053148294,
        103.0247820823026
      ],
      [
        983.414709717595,
        321.7840329139194
      ],
      [
        775.2304002050088,
        847.8490529594219
      ],
      [
        462.47687622762936,
        238.6948541305227
      ],
      [
        812.620405948362,
        972.6698444731222
      ],
      [
        337.5910203434149,
        436.2322391246836
      ],
      [
        886.5154605246199,
        604.3831477782709
      ],
      [
        654.2343041487374,
        804.0832517924252
      ],
      [
        34.491948922373396,
        799.3097601977557
      ],
      [
        201.33512344906057,
        349.425489114071
      ],
      [
        566.6137967924552,
        957.9025409595065
      ],
      [
        197.89833066020367,
        489.4180244734533
      ],
      [
        895.3622417633312,
        984.4224900504591
      ],
      [
        578.8743100343712,
        831.2341147846984
      ],
      [
        656.2337861180699,
        923.6715489492361
      ],
      [
        274.8841872865461,
        975.7697138051079
      ]
    ],
    "delivery": [
      0.5944036994059483,
      0.0,
      0.0,
      0.0,
      0.8687247469791988,
      0.7887101691397828,
      0.0,
      0.0,
      0.0,
      0.736445416223134,
      0.0,
      0.5170387187182952,
      0.0,
      0.8780809908227929,
      0.0,
      0.0,
      1.9214508797581253,
      0.0,
      1.924658683215626,
      0.0,
      1.492835163397043,
      0.0,
      0.0,
      0.0,
      0.6426294394055223,
      0.987828998938473,
      0.0,
      0.0,
      0.0,
      1.5379260056828037,
      1.9876415712840205,
      0.0,
      0.5659878577654773,
      1.1386899357395954,
      0.0,
      0.0,
      0.0,
      1.446644961341376,
      1.9296672388152616,
      0.7311587489161206
    ],
    "pickup": [
      0.0,
      1.648529834928625,
      0.7373965071511668,
      0.8011767480389579,
      0.0,
      0.0,
      0.7881114868398307,
      1.1914106547831111,
      0.8707187852999243,
      0.0,
      0.5396045491573205,
      0.0,
      1.6009648612785523,
      0.0,
      1.4948939547609972,
      0.7749878705163757,
      0.0,
      1.3397284467725088,
      0.0,
      1.7172257646492728,
      0.0,
      1.153035682934032,
      1.851018904149909,
      1.1957559415369936,
      0.0,
      0.0,
      1.381739566459941,
      0.7251570709870374,
      1.2139950003147313,
      0.0,
      0.0,
      0.7518439692481137,
      0.0,
      0.0,
      1.558142057023111,
      0.5828963414176891,
      1.4141800183309776,
      0.0,
      0.0,
      0.0
    ],
    "service_duration_s": [
      60.0,
      60.0,
      60.0,
      60.0,
      60.0,
      60.0,
      60.0,
      60.0,
      60.0,
      60.0,
      60.0,
      60.0,
      60.0,
      60.0,
      60.0,
      60.0,
      60.0,
      60.0,
      60.0,
      60.0,
      60.0,
      60.0,
      60.0,
      60.0,
      60.0,
      60.0,
      60.0,
      60.0,
      60.0,
      60.0,
      60.0,
      60.0,
      60.0,
      60.0,
      60.0,
      60.0,
      60.0,
      60.0,
      60.0,
      60.0
    ],
    "tw_early_s": [
      413.0751437613088,
      0.0,
      500.3824629272515,
      71.38915303318174,
      396.2711671793686,
      767.3606677267346,
      238.3816252714106,
      68.86191500888768,
      162.4118771251816,
      699.1481528186204,
      154.48174308962234,
      331.4715778093636,
      316.7399531883866,
      238.2868755179901,
      0.0,
      0.0,
      77.91910473031572,
      976.8532175279129,
      863.0954085566015,
      417.0428913906302,
      941.1680656515214,
      852.4390404971432,
      810.1746858963154,
      943.8082237530834,
      245.51951835562653,
      329.77360301153254,
      575.1651106890345,
      162.74149142485334,
      594.9129751719876,
      0.0,
      488.39572301654243,
      606.8839022229946,
      895.6763789614681,
      0.0,
      718.8686122082031,
      0.0,
      516.7732856312083,
      674.8940820425383,
      649.2751231136502,
      768.5542267410428
    ],
    "tw_late_s": [
      653.0751437613088,
      221.13177491137947,
      740.3824629272515,
      311.38915303318174,
      636.2711671793686,
      1007.3606677267346,
      478.3816252714106,
      308.86191500888765,
      402.4118771251816,
      939.1481528186204,
      394.48174308962234,
      571.4715778093637,
      556.7399531883866,
      478.2868755179901,
      224.9977392012588,
      234.3955025565765,
      317.9191047303157,
      1216.8532175279129,
      1103.0954085566013,
      657.0428913906302,
      1181.1680656515214,
      1092.4390404971432,
      1050.1746858963154,
      1183.8082237530834,
      485.51951835562653,
      569.7736030115325,
      815.1651106890345,
      402.74149142485334,
      834.9129751719876,
      137.4479236587465,
      728.3957230165424,
      846.8839022229946,
      1135.6763789614681,
      153.44747999681363,
      958.8686122082031,
      150.22869445145392,
      756.7732856312083,
      914.8940820425383,
      889.2751231136502,
      1008.5542267410428
    ],
    "bs_xy": [
      [
        623.7839260296664,
        826.3079455190236
      ],
      [
        636.6453887434213,
        60.88510688954596
      ],
      [
        316.5566779417985,
        515.4900457216268
      ],
      [
        580.256670490736,
        208.7532372443063
      ]
    ],
    "speed_mps": 10.0,
    "capacity_kg": 6.0,
    "altitude_m": 100.0
  }
}