{
  "spec": {
    "run_id": "seed3_N10_M3_D5_B4_K10_lo0.5_lt5.0_twA",
    "seed": 3,
    "n_clients": 10,
    "num_uavs": 3,
    "delta_min": 5,
    "bs_count": 4,
    "edge_samples": 10,
    "lambda_out": 0.5,
    "lambda_tw": 5.0,
    "tw_family": "A",
    "tw_mode": "soft"
  },
  "scenario": {
    "depot_xy": [
      500.0,
      500.0
    ],
    "client_xy": [
      [
        648.3769572509726,
        628.1721952399184
      ],
      [
        663.5392604108102,
        751.4869092850126
      ],
      [
        193.32056619927894,
        57.16255818293947
      ],
      [
        170.43050148777073,
        5.346926331966095
      ],
      [
        197.29800106885787,
        893.7061803231483
      ],
      [
        48.17099580450102,
        480.9370316057935
      ],
      [
        490.8395584032581,
        106.32411789776452
      ],
      [
        674.8826139358465,
        495.0102936336562
      ],
      [
        168.2601032332035,
        442.057561321927
      ],
      [
        53.68552742692179,
        845.8257757847178
      ]
    ],
    "delivery": [
      0.0,
      0.0,
      0.0,
      0.0,
      0.0,
      0.0,
      0.8019606385785575,
      1.3144209975873489,
      0.8988044138472927,
      0.0
    ],
    "pickup": [
      0.9419168324500569,
      1.1922838962417446,
      1.2204050866957643,
      1.8644045355447942,
      1.1422609287571288,
      1.4385552108999515,
      0.0,
      0.0,
      0.0,
      0.7757082123118825
    ],
    "service_duration_s": [
      60.0,
      60.0,
      60.0,
      60.0,
      60.0,
      60.0,
      60.0,
      60.0,
      60.0,
      60.0
    ],
    "tw_early_s": [
      0.0,
      0.0,
      0.0,
      0.0,
      1.1647592819766714,
      0.0,
      0.0,
      0.0,
      0.0,
      116.16301989471492
    ],
    "tw_late_s": [
      592.8360131890332,
      567.0229886686557,
      353.86624870838966,
      454.3284256470084,
      601.1647592819767,
      345.2230965101125,
      440.2352491902093,
      478.95178053072,
      333.67620603732064,
      716.1630198947149
    ],
    "bs_xy": [
      [
        373.3817368862661,
        232.60256830480907
      ],
      [
        154.9555848617269,
        743.5313954813431
      ],
      [
        499.71704777633954,
        381.20520288444294
      ],
      [
        596.1890637313888,
        318.9409007313174
      ]
    ],
    "speed_mps": 10.0,
    "capacity_kg": 6.0,
    "altitude_m": 100.0
  }
}