{
  "spec": {
    "run_id": "seed1_N40_M3_D5_B4_K10_lo0.0_lt5.0_twA",
    "seed": 1,
    "n_clients": 40,
    "num_uavs": 3,
    "delta_min": 5,
    "bs_count": 4,
    "edge_samples": 10,
    "lambda_out": 0.0,
    "lambda_tw": 5.0,
    "tw_family": "A",
    "tw_mode": "soft"
  },
  "scenario": {
    "depot_xy": [
      500.0,
      500.0
    ],
    "client_xy": [
      [
        601.8460053727134,
        6.052017009954946
      ],
      [
        588.6904152440502,
        780.0559765850845
      ],
      [
        967.9080238146996,
        713.8911144954884
      ],
      [
        514.76115882011,
        953.8351931488777
      ],
      [
        693.1557293162459,
        625.8962951043846
      ],
      [
        77.03285393105918,
        578.5388597220956
      ],
      [
        417.54412263168484,
        129.93783087211196
      ],
      [
        590.8269562168487,
        685.6252197030759
      ],
      [
        961.4673920985143,
        562.8042318649275
      ],
      [
        944.4577279344147,
        722.2569132224986
      ],
      [
        504.4937472302293,
        198.4454749912199
      ],
      [
        820.0940826591435,
        560.8152904066386
      ],
      [
        506.97574775903655,
        837.4898184766294
      ],
      [
        512.20314055149,
        558.4189215263259
      ],
      [
        911.5319480647689,
        325.9292789192626
      ],
      [
        338.78068208050007,
        109.77904234988178
      ],
      [
        925.2804657370827,
        192.70746967637498
      ],
      [
        286.4877275653094,
        311.84841941917176
      ],
      [
        96.24255141775329,
        179.415655412417
      ],
      [
        75.4218165222057,
        28.033307780076512
      ],
      [
        833.3070364532639,
        718.8054906263318
      ],
      [
        567.9230159325825,
        32.46419011892188
      ],
      [
        438.6291710553184,
        880.5165699006261
      ],
      [
        821.7538331758409,
        617.5563695131722
      ],
      [
        944.5452022620561,
        745.2988190986867
      ],
      [
        184.53448473214584,
        738.23273662246
      ],
      [
        894.5759981774236,
        938.9579753000404
      ],
      [
        821.4336382292245,
        40.85064403802452
      ],
      [
        11.250077574153527,
        737.0915381016089
      ],
      [
        770.6656649785397,
        805.7362886902524
      ],
      [
        730.782357224192,
        133.68026957764312
      ],
      [
        542.3005056333794,
        41.69061923224171
      ],
      [
        822.46535937602,
        673.7431268046832
      ],
      [
        898.6937848538946,
        995.0006983615857
      ],
      [
        227.09431919319223,
        39.02775339666364
      ],
      [
        302.57508416940107,
        753.4210057268278
      ],
      [
        484.47593229783126,
        326.46746965035425
      ],
      [
        546.1694302721071,
        956.4161561538953
      ],
      [
        194.0750461218501,
        968.1377737141484
      ],
      [
        910.799316791578,
        646.8881275923505
      ]
    ],
    "delivery": [
      0.0,
      1.2781259157773253,
      0.0,
      0.0,
      0.6848048167301937,
      0.0,
      1.3871173629386586,
      1.7132271797295116,
      0.0,
      0.0,
      0.804280769364847,
      0.0,
      0.0,
      0.0,
      0.0,
      0.7847242976273705,
      0.0,
      0.0,
      0.8517087699420188,
      0.0,
      1.016665380066478,
      0.0,
      0.0,
      0.0,
      0.6792787024042988,
      0.0,
      1.4603732061545178,
      1.2862893640136246,
      0.0,
      1.4665958098812117,
      0.0,
      0.0,
      0.0,
      0.0,
      0.0,
      1.7133567309964999,
      1.394466655439751,
      0.0,
      0.0,
      0.0
    ],
    "pickup": [
      1.8956742406552736,
      0.0,
      1.7589537259707695,
      0.545234302145895,
      0.0,
      0.9650827658564101,
      0.0,
      0.0,
      1.877673804705866,
      0.9748607857341063,
      0.0,
      1.829247961874108,
      1.5178354148628779,
      1.9106128771470914,
      0.5648801712559058,
      0.0,
      1.1990337059276097,
      0.7105162002856075,
      0.0,
      1.981735024573112,
      0.0,
      0.64214936309772,
      0.7216832846296064,
      1.3226050109105814,
      0.0,
      1.4795003853564206,
      0.0,
      0.0,
      1.4198869880109257,
      0.0,
      1.5004120318890115,
      0.9927689052812232,
      1.6558208983945886,
      1.2337193719144266,
      1.7257607965976494,
      0.0,
      0.0,
      0.930823753054669,
      1.5195733754753713,
      0.6753743243395824
    ],
    "service_duration_s": [
      60.0,
      60.0,
      60.0,
      60.0,
      60.0,
      60.0,
      60.0,
      60.0,
      60.0,
      60.0,
      60.0,
      60.0,
      60.0,
      60.0,
      60.0,
      60.0,
      60.0,
      60.0,
      60.0,
      60.0,
      60.0,
      60.0,
      60.0,
      60.0,
      60.0,
      60.0,
      60.0,
      60.0,
      60.0,
      60.0,
      60.0,
      60.0,
      60.0,
      60.0,
      60.0,
      60.0,
      60.0,
      60.0,
      60.0,
      60.0
    ],
    "tw_early_s": [
      0.0,
      507.04905328915686,
      246.59408560701968,
      585.9341667558327,
      349.08801103129997,
      889.8015215087594,
      0.0,
      490.0613180588538,
      219.29766598578215,
      262.17369082186667,
      0.0,
      165.31471317256603,
      719.1601366797994,
      631.2481515909432,
      101.82342497988896,
      0.0,
      67.03057247856549,
      0.0,
      0.0,
      0.0,
      424.5575059564851,
      19.891547818847357,
      650.6688717933714,
      294.30355653712616,
      310.5085017056766,
      739.7908220766201,
      390.5086992390691,
      105.25647798365719,
      767.4977409305272,
      428.67122154932736,
      15.43590971568301,
      0.0,
      359.9226827721103,
      512.9404620467741,
      0.0,
      801.2615385704137,
      0.0,
      577.5061765732307,
      678.0346568904627,
      193.91939346350642
    ],
    "tw_late_s": [
      569.6875532967563,
      1107.0490532891567,
      846.5940856070197,
      1185.9341667558328,
      949.0880110313,
      1489.8015215087594,
      459.18144017733596,
      1090.0613180588539,
      819.2976659857821,
      862.1736908218667,
      488.1253862351111,
      765.314713172566,
      1319.1601366797995,
      1231.248151590943,
      701.823424979889,
      409.33109022843416,
      667.0305724785655,
      328.45847988830207,
      351.55525184501533,
      363.4837926127858,
      1024.557505956485,
      619.8915478188474,
      1250.6688717933714,
      894.3035565371262,
      910.5085017056766,
      1339.79082207662,
      990.5086992390691,
      705.2564779836572,
      1367.4977409305272,
      1028.6712215493274,
      615.435909715683,
      534.4627115452155,
      959.9226827721103,
      1112.940462046774,
      430.7466426654697,
      1401.2615385704137,
      529.3299143313548,
      1177.5061765732307,
      1278.0346568904627,
      793.9193934635064
    ],
    "bs_xy": [
      [
        517.1706993322756,
        171.13301701335536
      ],
      [
        369.4381216196313,
        451.45991179951085
      ],
      [
        876.6640297857572,
        437.86166835688675
      ],
      [
        399.50227002432825,
        487.18712471919457
      ]
    ],
    "speed_mps": 10.0,
    "capacity_kg": 6.0,
    "altitude_m": 100.0
  }
}