{
  "spec": {
    "run_id": "seed2_N20_M3_D2_B10_K10_lo0.0_lt0.0_twA",
    "seed": 2,
    "n_clients": 20,
    "num_uavs": 3,
    "delta_min": 2,
    "bs_count": 10,
    "edge_samples": 10,
    "lambda_out": 0.0,
    "lambda_tw": 0.0,
    "tw_family": "A",
    "tw_mode": "soft"
  },
  "scenario": {
    "depot_xy": [
      500.0,
      500.0
    ],
    "client_xy": [
      [
        215.21925946279273,
        692.4888746392902
      ],
      [
        554.5931607307558,
        861.5876021831044
      ],
      [
        990.3779924031356,
        28.767244870579468
      ],
      [
        812.1199802921832,
        206.87238457200007
      ],
      [
        733.4759828074638,
        665.3881429788862
      ],
      [
        379.09936640197526,
        898.0500196360829
      ],
      [
        155.42786996205172,
        889.8488412967238
      ],
      [
        448.5592589079278,
        167.74320864657344
      ],
      [
        728.5545451692378,
        817.6868340929144
      ],
      [
        810.8862686158087,
        908.338908244743
      ],
      [
        632.9208302063062,
        407.2046599907754
      ],
      [
        936.8670582193718,
        82.68154278695805
      ],
      [
        893.7914677915171,
        759.8970319677359
      ],
      [
        174.9156319036741,
        605.0952153871353
      ],
      [
        764.3782346805116,
        947.7690213853532
      ],
      [
        531.7511901397969,
        192.59538060959812
      ],
      [
        446.8003915328376,
        936.0776268368442
      ],
      [
        295.6984317774536,
        588.7770815018156
      ],
      [
        70.47552880863906,
        776.9010941827524
      ],
      [
        930.6243460264019,
        178.6834733129108
      ]
    ],
    "delivery": [
      1.4550676331384622,
      1.9225306042773278,
      0.0,
      1.9106912421645539,
      0.0,
      0.0,
      0.0,
      0.0,
      0.0,
      0.7842364133361668,
      1.847381793132163,
      0.0,
      0.0,
      0.0,
      0.0,
      1.3695021996989456,
      0.0,
      1.095523144552908,
      1.6944986342846966,
      1.2653200359756434
    ],
    "pickup": [
      0.0,
      0.0,
      1.1816397011384905,
      0.0,
      0.8093240200165088,
      1.0394804119922039,
      1.1210707042462866,
      0.6072542884238465,
      1.6612191098105864,
      0.0,
      0.0,
      1.98590214721447,
      0.6168612397142015,
      1.7887524235203855,
      1.0721875053213088,
      0.0,
      1.5271749344041137,
      0.0,
      0.0,
      0.0
    ],
    "service_duration_s": [
      60.0,
      60.0,
      60.0,
      60.0,
      60.0,
      60.0,
      60.0,
      60.0,
      60.0,
      60.0,
      60.0,
      60.0,
      60.0,
      60.0,
      60.0,
      60.0,
      60.0,
      60.0,
      60.0,
      60.0
    ],
    "tw_early_s": [
      376.55661952083597,
      326.8828009904686,
      0.0,
      0.0,
      136.66000226848826,
      323.9140418443782,
      426.89925098177855,
      0.0,
      192.38460319536404,
      240.83057617801768,
      127.65095300886054,
      23.18764643781782,
      114.87948913479636,
      446.1805657342694,
      225.0666757204138,
      0.0,
      282.94630846485126,
      520.1137109439715,
      417.0690920282242,
      24.148202395071962
    ],
    "tw_late_s": [
      616.556619520836,
      566.8828009904686,
      188.00962321173336,
      238.97720899368477,
      376.66000226848826,
      563.9140418443782,
      666.8992509817786,
      153.6215295970567,
      432.38460319536404,
      480.8305761780177,
      367.65095300886054,
      263.1876464378178,
      354.87948913479636,
      686.1805657342694,
      465.0666757204138,
      150.9040026692096,
      522.9463084648512,
      760.1137109439715,
      657.0690920282242,
      264.14820239507196
    ],
    "bs_xy": [
      [
        177.90245346269052,
        425.2806253132749
      ],
      [
        137.86645908630933,
        834.9849129099367
      ],
      [
        456.1500779623472,
        525.651318566098
      ],
      [
        190.611407164603,
        715.8582495357804
      ],
      [
        372.815856370896,
        73.46493535398047
      ],
      [
        671.1280717562622,
        952.690555174009
      ],
      [
        226.02717887569256,
        374.2151489372981
      ],
      [
        276.2738030713954,
        558.4826490016669
      ],
      [
        220.85904437685477,
        296.29138543500835
      ],
      [
        111.21851821239915,
        869.0122924607821
      ]
    ],
    "speed_mps": 10.0,
    "capacity_kg": 6.0,
    "altitude_m": 100.0
  }
}