{
  "spec": {
    "run_id": "seed5_N20_M3_D10_B10_K10_lo0.0_lt1.0_twA",
    "seed": 5,
    "n_clients": 20,
    "num_uavs": 3,
    "delta_min": 10,
    "bs_count": 10,
    "edge_samples": 10,
    "lambda_out": 0.0,
    "lambda_tw": 1.0,
    "tw_family": "A",
    "tw_mode": "soft"
  },
  "scenario": {
    "depot_xy": [
      500.0,
      500.0
    ],
    "client_xy": [
      [
        215.4913396549655,
        517.3444589850977
      ],
      [
        348.7151695995161,
        587.7152176825682
      ],
      [
        128.81518902765742,
        563.2415022960772
      ],
      [
        91.23536271080013,
        49.21311402132555
      ],
      [
        385.3896187499475,
        375.97466316949334
      ],
      [
        753.4674907927403,
        154.38220172074236
      ],
      [
        315.1323428732968,
        799.6503669471488
      ],
      [
        432.75624118567526,
        277.3904953933499
      ],
      [
        612.1776313417434,
        80.0881327277303
      ],
      [
        512.7883004296563,
        868.337882062752
      ],
      [
        546.6964417236387,
        644.7662903196574
      ],
      [
        318.98202212345626,
        596.97259078435
      ],
      [
        369.0451887245527,
        474.8266524574579
      ],
      [
        912.1671517095551,
        128.66739768699776
      ],
      [
        450.15096352014695,
        202.31108922113427
      ],
      [
        881.5355427147437,
        356.60077233980945
      ],
      [
        103.35619199470459,
        170.00864347939927
      ],
      [
        237.90075923447017,
        748.8600274723027
      ],
      [
        159.20632371748056,
        677.1649514347619
      ],
      [
        161.91921507031694,
        772.8343769346164
      ]
    ],
    "delivery": [
      1.1522518415344813,
      1.8254726618823844,
      1.5685308905523576,
      0.7476882582840225,
      1.3422446798155696,
      1.4188263516513844,
      0.0,
      1.9066714368517745,
      0.0,
      1.2791112648100311,
      0.0,
      1.2398310685409872,
      1.0780111917082484,
      0.7058685560563854,
      0.0,
      0.0,
      1.1394920720683075,
      0.5559399048400039,
      1.1833843816075156,
      1.64769920332916
    ],
    "pickup": [
      0.0,
      0.0,
      0.0,
      0.0,
      0.0,
      0.0,
      1.2982264552748193,
      0.0,
      1.9544154847127455,
      0.0,
      1.5591081994718554,
      0.0,
      0.0,
      0.0,
      0.7112273461403666,
      1.4950234630238832,
      0.0,
      0.0,
      0.0,
      0.0
    ],
    "service_duration_s": [
      60.0,
      60.0,
      60.0,
      60.0,
      60.0,
      60.0,
      60.0,
      60.0,
      60.0,
      60.0,
      60.0,
      60.0,
      60.0,
      60.0,
      60.0,
      60.0,
      60.0,
      60.0,
      60.0,
      60.0
    ],
    "tw_early_s": [
      0.0,
      0.0,
      30.44253037059866,
      0.0,
      0.0,
      0.0,
      0.0,
      0.0,
      0.0,
      0.0,
      0.0,
      0.0,
      0.0,
      0.0,
      0.0,
      0.0,
      0.0,
      0.0,
      0.0,
      0.0
    ],
    "tw_late_s": [
      1196.6735134238727,
      1148.316761638118,
      1230.4425303705987,
      724.160939578172,
      616.8872211053812,
      840.5918733635699,
      1066.8588228403853,
      746.2426745466001,
      836.3465807092796,
      946.2671141366606,
      953.8113078855681,
      1123.6155806886986,
      613.3352390389845,
      802.2066661063106,
      695.4218019457891,
      934.9487729118559,
      651.5965702161731,
      1046.3981579386732,
      1112.2013503097503,
      1042.6305620689811
    ],
    "bs_xy": [
      [
        59.87685135970655,
        268.13657520293344
      ],
      [
        66.34494243090484,
        201.8646885169425
      ],
      [
        909.2462100295373,
        444.5459366453747
      ],
      [
        760.8260242526794,
        50.623730872952464
      ],
      [
        218.5983315969575,
        640.6375794864043
      ],
      [
        571.7271046314737,
        19.81121454764523
      ],
      [
        527.49600833463,
        893.3212621571323
      ],
      [
        837.2855197831881,
        370.7571670407315
      ],
      [
        377.517947879603,
        885.2512110151065
      ],
      [
        14.269584164562144,
        989.8804115896762
      ]
    ],
    "speed_mps": 10.0,
    "capacity_kg": 6.0,
    "altitude_m": 100.0
  }
}