{
  "spec": {
    "run_id": "seed2_N10_M3_D5_B4_K10_lo0.5_lt0.0_twA",
    "seed": 2,
    "n_clients": 10,
    "num_uavs": 3,
    "delta_min": 5,
    "bs_count": 4,
    "edge_samples": 10,
    "lambda_out": 0.5,
    "lambda_tw": 0.0,
    "tw_family": "A",
    "tw_mode": "soft"
  },
  "scenario": {
    "depot_xy": [
      500.0,
      500.0
    ],
    "client_xy": [
      [
        456.30512347156895,
        222.12276611824188
      ],
      [
        33.178713392670645,
        738.9673477555559
      ],
      [
        573.8882768140178,
        536.1798755327453
      ],
      [
        976.1122092407924,
        352.142161463466
      ],
      [
        80.31609208658408,
        79.54086924658988
      ],
      [
        732.9781624199425,
        387.74958394720426
      ],
      [
        552.1089656828486,
        976.5947229576308
      ],
      [
        845.8550500539492,
        840.8850012381754
      ],
      [
        849.6868148120074,
        387.09170131831996
      ],
      [
        305.95788095307705,
        468.1363652138064
      ]
    ],
    "delivery": [
      1.0427443189598864,
      0.0,
      0.5833221312364832,
      0.0,
      0.0,
      0.0,
      1.363875143520799,
      0.0,
      0.0,
      1.1764081872029721
    ],
    "pickup": [
      0.0,
      0.7850169863158711,
      0.0,
      0.5741219752041007,
      1.8384271796531162,
      1.2563582009339296,
      0.0,
      1.4170606630274345,
      1.644230511441604,
      0.0
    ],
    "service_duration_s": [
      60.0,
      60.0,
      60.0,
      60.0,
      60.0,
      60.0,
      60.0,
      60.0,
      60.0,
      60.0
    ],
    "tw_early_s": [
      0.0,
      22.622748867033295,
      0.0,
      0.0,
      0.0,
      0.0,
      0.0,
      7.644488429512535,
      0.0,
      0.0
    ],
    "tw_late_s": [
      328.12916624157424,
      622.6227488670334,
      504.87419123432517,
      441.7112947530314,
      359.40710927114617,
      423.1161712963173,
      577.1910769535837,
      607.6444884295125,
      502.2635407230892,
      319.66408787256813
    ],
    "bs_xy": [
      [
        887.2289335057907,
        462.05033981857935
      ],
      [
        137.1601215496625,
        161.56597360285073
      ],
      [
        753.3811209765236,
        688.6748474162927
      ],
      [
        376.8300112067624,
        311.41279514044817
      ]
    ],
    "speed_mps": 10.0,
    "capacity_kg": 6.0,
    "altitude_m": 100.0
  }
}