{
  "spec": {
    "run_id": "seed10_N20_M3_D10_B4_K10_lo0.5_lt1.0_twA",
    "seed": 10,
    "n_clients": 20,
    "num_uavs": 3,
    "delta_min": 10,
    "bs_count": 4,
    "edge_samples": 10,
    "lambda_out": 0.5,
    "lambda_tw": 1.0,
    "tw_family": "A",
    "tw_mode": "soft"
  },
  "scenario": {
    "depot_xy": [
      500.0,
      500.0
    ],
    "client_xy": [
      [
        687.5619922142358,
        898.4381986708373
      ],
      [
        702.5173983461157,
        766.9498472233039
      ],
      [
        886.6641766238989,
        425.77335818755137
      ],
      [
        192.26873269845257,
        589.9497755647553
      ],
      [
        833.5348289731035,
        883.9397648645771
      ],
      [
        529.7756945744612,
        517.5771255991621
      ],
      [
        434.0522239081693,
        41.07847529913733
      ],
      [
        745.8333965350429,
        714.6104517068537
      ],
      [
        786.3865884064778,
        680.7998031833498
      ],
      [
        924.5967863213117,
        456.475567164234
      ],
      [
        520.8443812124808,
        872.5918218111415
      ],
      [
        340.2789883172836,
        758.5404457628846
      ],
      [
        121.47868467714729,
        527.374739223448
      ],
      [
        402.285885537628,
        317.26565703236275
      ],
      [
        279.0448068788668,
        842.689572558684
      ],
      [
        976.2954555660912,
        87.1420984895993
      ],
      [
        805.2042174494665,
        881.0729391371103
      ],
      [
        836.3922527847784,
        975.959282973705
      ],
      [
        885.0447057029668,
        539.2469025045582
      ],
      [
        93.80347802358612,
        349.9607815376814
      ]
    ],
    "delivery": [
      1.0320231777570823,
      0.0,
      0.0,
      1.7121149663081567,
      0.0,
      0.0,
      1.1039516106425702,
      0.0,
      0.0,
      1.711556200105086,
      1.6506554086927703,
      0.9754268654407414,
      0.0,
      1.476869457282107,
      0.0,
      1.794611474967014,
      0.5478393276776061,
      1.2110915197789087,
      0.0,
      1.5286915199925444
    ],
    "pickup": [
      0.0,
      1.9116205933694947,
      1.103609237927241,
      0.0,
      1.2756425079248348,
      1.139531389913253,
      0.0,
      0.5080318739223983,
      0.9371188300121889,
      0.0,
      0.0,
      0.0,
      0.9387778960876129,
      0.0,
      1.876254227107308,
      0.0,
      0.0,
      0.0,
      0.8849851323387591,
      0.0
    ],
    "service_duration_s": [
      60.0,
      60.0,
      60.0,
      60.0,
      60.0,
      60.0,
      60.0,
      60.0,
      60.0,
      60.0,
      60.0,
      60.0,
      60.0,
      60.0,
      60.0,
      60.0,
      60.0,
      60.0,
      60.0,
      60.0
    ],
    "tw_early_s": [
      0.0,
      0.0,
      0.0,
      35.04505196098853,
      0.0,
      0.0,
      0.0,
      0.0,
      0.0,
      0.0,
      0.0,
      0.0,
      10.004186435452993,
      0.0,
      0.0,
      0.0,
      0.0,
      0.0,
      0.0,
      0.0
    ],
    "tw_late_s": [
      1008.9988740119567,
      1050.6880163779367,
      730.36025891951,
      1235.0450519609885,
      934.8020379789336,
      827.2109468819507,
      646.3635713686103,
      983.8941308754202,
      856.9916527722934,
      770.6433280298704,
      1131.7035610887588,
      1118.1747728761534,
      1210.004186435453,
      620.7219420578718,
      1110.2292269121835,
      795.3817484278158,
      937.1071771620658,
      1004.0084252094794,
      901.5039180606493,
      643.3021225279452
    ],
    "bs_xy": [
      [
        256.5931817345508,
        22.969707788043415
      ],
      [
        715.0708591689523,
        857.4140441063779
      ],
      [
        208.23149722662825,
        84.58423364274704
      ],
      [
        606.9329604952638,
        443.4370357649373
      ]
    ],
    "speed_mps": 10.0,
    "capacity_kg": 6.0,
    "altitude_m": 100.0
  }
}