{
  "spec": {
    "run_id": "seed10_N10_M3_D5_B4_K10_lo0.0_lt5.0_twA",
    "seed": 10,
    "n_clients": 10,
    "num_uavs": 3,
    "delta_min": 5,
    "bs_count": 4,
    "edge_samples": 10,
    "lambda_out": 0.0,
    "lambda_tw": 5.0,
    "tw_family": "A",
    "tw_mode": "soft"
  },
  "scenario": {
    "depot_xy": [
      500.0,
      500.0
    ],
    "client_xy": [
      [
        186.35435430642943,
        558.2934603888706
      ],
      [
        73.0459879219535,
        176.9571888303576
      ],
      [
        398.9957164498894,
        593.2006011843965
      ],
      [
        147.49976179630565,
        558.6053081060198
      ],
      [
        657.7273117470969,
        609.1251115881545
      ],
      [
        678.3862846763316,
        544.3647377069497
      ],
      [
        654.7722192401376,
        477.72906750833397
      ],
      [
        857.0417946801872,
        417.5413419416545
      ],
      [
        278.30076390530036,
        334.9181521734487
      ],
      [
        884.5865568142813,
        928.603350382815
      ]
    ],
    "delivery": [
      0.0,
      0.5070038121799452,
      0.0,
      0.0,
      0.0,
      0.0,
      0.0,
      1.4149195959354102,
      1.6157214088413279,
      0.0
    ],
    "pickup": [
      0.9678539306683045,
      0.0,
      0.5044461190623895,
      0.5400528389371324,
      0.5475448758961905,
      1.5524432877986638,
      1.245284425510584,
      0.0,
      0.0,
      0.5335228386665699
    ],
    "service_duration_s": [
      60.0,
      60.0,
      60.0,
      60.0,
      60.0,
      60.0,
      60.0,
      60.0,
      60.0,
      60.0
    ],
    "tw_early_s": [
      0.0,
      0.0,
      0.0,
      80.98636311059448,
      0.0,
      0.0,
      0.0,
      0.0,
      0.0,
      0.0
    ],
    "tw_late_s": [
      531.7006666808195,
      353.539367411086,
      572.7134063888509,
      680.9863631105945,
      424.2900853966792,
      484.35074939492984,
      427.9058519520307,
      336.64399997779066,
      327.6410144109803,
      538.5123978440613
    ],
    "bs_xy": [
      [
        584.6000703287383,
        459.0595306212881
      ],
      [
        880.2833513627377,
        713.3347924044625
      ],
      [
        431.24160081739007,
        219.08107528361853
      ],
      [
        695.0880667865998,
        973.2759042499259
      ]
    ],
    "speed_mps": 10.0,
    "capacity_kg": 6.0,
    "altitude_m": 100.0
  }
}