{
  "spec": {
    "run_id": "seed7_N20_M3_D2_B4_K10_lo0.0_lt5.0_twA",
    "seed": 7,
    "n_clients": 20,
    "num_uavs": 3,
    "delta_min": 2,
    "bs_count": 4,
    "edge_samples": 10,
    "lambda_out": 0.0,
    "lambda_tw": 5.0,
    "tw_family": "A",
    "tw_mode": "soft"
  },
  "scenario": {
    "depot_xy": [
      500.0,
      500.0
    ],
    "client_xy": [
      [
        925.0669150339152,
        422.78247250707466
      ],
      [
        634.2149089724221,
        208.5182145002622
      ],
      [
        440.4950348022061,
        68.08207327661498
      ],
      [
        199.13642295285538,
        178.6517575741997
      ],
      [
        461.4403399052398,
        283.7251975007976
      ],
      [
        962.3285110894416,
        668.8113697758382
      ],
      [
        418.4030362906014,
        439.33920075671597
      ],
      [
        174.48059830924777,
        39.40227158873944
      ],
      [
        926.0753917080584,
        183.81344392617947
      ],
      [
        4.458397599835462,
        676.8922531697697
      ],
      [
        473.55317623417716,
        99.83910859644584
      ],
      [
        148.44898335903122,
        892.3358894877265
      ],
      [
        363.6176409750989,
        670.0143192916183
      ],
      [
        312.35220612736805,
        296.6263346568
      ],
      [
        896.8589478330737,
        568.8848762519034
      ],
      [
        990.2067257768078,
        710.913048772445
      ],
      [
        602.0267025685635,
        151.74620581618447
      ],
      [
        511.9644990718508,
        659.822254247624
      ],
      [
        198.73695934993674,
        363.2465857670537
      ],
      [
        967.1262340506186,
        170.13166119157296
      ]
    ],
    "delivery": [
      1.6071679655989155,
      1.8639786985677305,
      0.0,
      0.575692213424465,
      0.6632005643196033,
      0.7720295933863238,
      0.0,
      0.9506692033873922,
      0.0,
      1.2634056190259653,
      1.9978853948367374,
      0.7001731452036952,
      1.3567295969147846,
      0.0,
      0.720869350432755,
      0.0,
      0.0,
      0.0,
      0.0,
      0.0
    ],
    "pickup": [
      0.0,
      0.0,
      0.7101764677153766,
      0.0,
      0.0,
      0.0,
      1.369126534874695,
      0.0,
      1.2549393790854737,
      0.0,
      0.0,
      0.0,
      0.0,
      1.8216471896442983,
      0.0,
      0.7919968942975143,
      1.7127019742268437,
      1.7345717541194021,
      0.8069128525589115,
      1.9364794471041114
    ],
    "service_duration_s": [
      60.0,
      60.0,
      60.0,
      60.0,
      60.0,
      60.0,
      60.0,
      60.0,
      60.0,
      60.0,
      60.0,
      60.0,
      60.0,
      60.0,
      60.0,
      60.0,
      60.0,
      60.0,
      60.0,
      60.0
    ],
    "tw_early_s": [
      252.509543513533,
      156.38419760664863,
      72.45728819270374,
      0.0,
      12.277497369951192,
      297.986880775779,
      0.0,
      0.0,
      193.54932607095066,
      502.495583302141,
      87.52454530108054,
      488.1584297193647,
      417.85808863737225,
      0.0,
      292.16714690357725,
      342.0497574468535,
      91.5603860573317,
      391.71627374652314,
      0.0,
      188.1166020619699
    ],
    "tw_late_s": [
      492.509543513533,
      396.3841976066486,
      312.45728819270374,
      164.02085697754578,
      252.2774973699512,
      537.986880775779,
      130.16749578383337,
      237.01274133373718,
      433.54932607095066,
      742.495583302141,
      327.52454530108054,
      728.1584297193647,
      657.8580886373722,
      226.25555848823515,
      532.1671469035773,
      582.0497574468535,
      331.5603860573317,
      631.7162737465231,
      153.08487811162215,
      428.1166020619699
    ],
    "bs_xy": [
      [
        732.7548606060195,
        288.29085922316835
      ],
      [
        487.46855554375446,
        308.92836528426625
      ],
      [
        542.0078421805729,
        685.9885433175937
      ],
      [
        484.24262352958857,
        432.32309211231666
      ]
    ],
    "speed_mps": 10.0,
    "capacity_kg": 6.0,
    "altitude_m": 100.0
  }
}