{
  "spec": {
    "run_id": "seed5_N40_M3_D2_B10_K10_lo1.0_lt5.0_twA",
    "seed": 5,
    "n_clients": 40,
    "num_uavs": 3,
    "delta_min": 2,
    "bs_count": 10,
    "edge_samples": 10,
    "lambda_out": 1.0,
    "lambda_tw": 5.0,
    "tw_family": "A",
    "tw_mode": "soft"
  },
  "scenario": {
    "depot_xy": [
      500.0,
      500.0
    ],
    "client_xy": [
      [
        765.6923290289603,
        218.94573471312407
      ],
      [
        28.991348531806516,
        588.7980976166124
      ],
      [
        361.2290169102661,
        627.3238224724879
      ],
      [
        865.8014062627657,
        621.4499448696774
      ],
      [
        327.08251996618964,
        363.53263919845216
      ],
      [
        595.9302474305496,
        737.7241972346313
      ],
      [
        37.92626358231266,
        632.3036732873512
      ],
      [
        318.7598137479993,
        631.4740636090214
      ],
      [
        729.9923597666165,
        843.9870977144327
      ],
      [
        464.50984839282916,
        483.45689847866726
      ],
      [
        968.8474012331069,
        989.4641791461229
      ],
      [
        482.4134829974034,
        113.01681304227972
      ],
      [
        357.20962287084325,
        55.586151269466534
      ],
      [
        744.4840742361646,
        249.62298899603564
      ],
      [
        677.3601923060422,
        588.1721064146129
      ],
      [
        444.61695264778257,
        311.09902223421307
      ],
      [
        755.925584058803,
        288.0061858016102
      ],
      [
        307.91397938477274,
        726.9978427433887
      ],
      [
        152.72928125452,
        858.6530890825625
      ],
      [
        481.134449068642,
        437.43887183670216
      ],
      [
        26.44119013319701,
        846.6507968857336
      ],
      [
        198.43707056146187,
        204.552487394692
      ],
      [
        608.636464076642,
        625.7323088676519
      ],
      [
        180.7755578197947,
        498.7376838935611
      ],
      [
        791.4959068131703,
        901.6154829787484
      ],
      [
        476.2655585558007,
        643.0891758148915
      ],
      [
        931.0360137928062,
        714.450467077921
      ],
      [
        514.9927318136645,
        667.1656382769871
      ],
      [
        159.85930350736132,
        227.64645834390518
      ],
      [
        427.5255186636917,
        170.86485627236547
      ],
      [
        1.8488156354729002,
        954.3676434946482
      ],
      [
        602.606129554806,
        23.103438517789844
      ],
      [
        139.4470904777334,
        400.6207862773803
      ],
      [
        609.2387732142681,
        281.8770788741901
      ],
      [
        55.478058275294394,
        516.7883537248237
      ],
      [
        817.821498949563,
        251.38047301446642
      ],
      [
        977.2148153365191,
        472.0942603769398
      ],
      [
        842.3824243869993,
        545.421393822989
      ],
      [
        792.709420738918,
        196.12476407834455
      ],
      [
        788.4122544162277,
        35.62865287971706
      ]
    ],
    "delivery": [
      0.0,
      0.0,
      1.9602382995166963,
      1.7397108318650574,
      0.8299114515807591,
      0.0,
      0.0,
      0.0,
      0.0,
      0.0,
      0.0,
      1.65690318559603,
      1.5580624432340988,
      1.5057949403693411,
      0.9000766487751599,
      0.0,
      0.0,
      0.0,
      0.0,
      1.2324949018941447,
      0.0,
      1.2760727140610273,
      0.8334116916787682,
      0.0,
      0.0,
      0.807720354132037,
      1.444135000016093,
      1.7682918430082433,
      1.5125628706562266,
      0.0,
      0.0,
      1.4711679167673366,
      0.0,
      0.0,
      0.0,
      1.3727905697357015,
      1.7068425909320288,
      0.0,
      0.5231522038779306,
      0.0
    ],
    "pickup": [
      1.6778634252870446,
      1.7782456503088486,
      0.0,
      0.0,
      0.0,
      0.6858715904464208,
      1.53162839559675,
      1.901569308962843,
      1.2287570795255485,
      1.0705110957914572,
      1.7976671579286954,
      0.0,
      0.0,
      0.0,
      0.0,
      1.9347809347743508,
      0.5372439140732763,
      0.7272753378648789,
      1.705573477280922,
      0.0,
      1.8208578497669587,
      0.0,
      0.0,
      0.6570518811237045,
      1.578733483452397,
      0.0,
      0.0,
      0.0,
      0.0,
      0.7517269198132215,
      1.1935752784065468,
      0.0,
      0.8685778224089631,
      1.079429112000215,
      1.2031207637065076,
      0.0,
      0.0,
      1.0693735880756168,
      0.0,
      1.9979589075786652
    ],
    "service_duration_s": [
      60.0,
      60.0,
      60.0,
      60.0,
      60.0,
      60.0,
      60.0,
      60.0,
      60.0,
      60.0,
      60.0,
      60.0,
      60.0,
      60.0,
      60.0,
      60.0,
      60.0,
      60.0,
      60.0,
      60.0,
      60.0,
      60.0,
      60.0,
      60.0,
      60.0,
      60.0,
      60.0,
      60.0,
      60.0,
      60.0,
      60.0,
      60.0,
      60.0,
      60.0,
      60.0,
      60.0,
      60.0,
      60.0,
      60.0,
      60.0
    ],
    "tw_early_s": [
      247.62076727467473,
      919.8827031040071,
      831.3793460825623,
      481.22115239005075,
      0.0,
      682.491808743252,
      961.8490378971048,
      895.646497027548,
      667.4050279847354,
      0.0,
      579.4380274205273,
      185.63036712987048,
      82.78574006680253,
      359.0393189516464,
      543.388963485102,
      69.28677435525657,
      314.5955326555727,
      771.3134022695803,
      761.4104569713624,
      93.18790912185221,
      834.0961721569739,
      0.0,
      611.2207701924088,
      0.0,
      564.1825818072543,
      759.7681651435812,
      480.83687885509516,
      660.4345797474351,
      0.0,
      156.28888970986588,
      869.4412019378739,
      162.135219715718,
      0.0,
      237.5828842732069,
      984.364103964135,
      383.904469056054,
      451.2351361400572,
      401.75015925219986,
      317.83502934378157,
      277.1936647147516
    ],
    "tw_late_s": [
      487.62076727467473,
      1159.882703104007,
      1071.3793460825623,
      721.2211523900507,
      231.84407208376962,
      922.491808743252,
      1201.8490378971048,
      1135.6464970275479,
      907.4050279847354,
      123.91564179802634,
      819.4380274205273,
      425.6303671298705,
      322.78574006680253,
      599.0393189516465,
      783.388963485102,
      309.28677435525657,
      554.5955326555727,
      1011.3134022695803,
      1001.4104569713624,
      333.1879091218522,
      1074.0961721569738,
      222.46202860989226,
      851.2207701924088,
      151.92269379723706,
      804.1825818072543,
      999.7681651435812,
      720.8368788550952,
      900.4345797474351,
      234.81727244293393,
      396.2888897098659,
      1109.4412019378738,
      402.135219715718,
      157.3998166686814,
      477.5828842732069,
      1224.364103964135,
      623.904469056054,
      691.2351361400572,
      641.7501592521999,
      557.8350293437816,
      517.1936647147515
    ],
    "bs_xy": [
      [
        231.20315663920044,
        829.8142415844048
      ],
      [
        769.6532209838983,
        620.0574573049231
      ],
      [
        867.78347189541,
        591.652901161496
      ],
      [
        918.8580376780081,
        48.064251347970654
      ],
      [
        743.3888105737092,
        821.6652972118388
      ],
      [
        746.5583815660677,
        499.7680736681166
      ],
      [
        207.8189887220717,
        905.6313795369333
      ],
      [
        128.27036643131927,
        436.5109414247585
      ],
      [
        613.9867609798811,
        951.8225410842044
      ],
      [
        863.7249280463681,
        200.4728579072681
      ]
    ],
    "speed_mps": 10.0,
    "capacity_kg": 6.0,
    "altitude_m": 100.0
  }
}