{
  "spec": {
    "run_id": "seed4_N10_M3_D10_B7_K10_lo0.0_lt1.0_twA",
    "seed": 4,
    "n_clients": 10,
    "num_uavs": 3,
    "delta_min": 10,
    "bs_count": 7,
    "edge_samples": 10,
    "lambda_out": 0.0,
    "lambda_tw": 1.0,
    "tw_family": "A",
    "tw_mode": "soft"
  },
  "scenario": {
    "depot_xy": [
      500.0,
      500.0
    ],
    "client_xy": [
      [
        581.2210819499194,
        800.8596072455025
      ],
      [
        347.6581848818512,
        229.4155090563623
      ],
      [
        850.34288710011,
        457.6428944035805
      ],
      [
        101.31207879122395,
        772.5958501169553
      ],
      [
        456.1823160344888,
        905.6158877559873
      ],
      [
        228.95483833127383,
        487.8114351127997
      ],
      [
        565.8051922237358,
        710.7570291172823
      ],
      [
        488.3720365819843,
        652.2263141096232
      ],
      [
        294.3566851232139,
        205.50983061770444
      ],
      [
        299.00874301212366,
        860.3569236217261
      ]
    ],
    "delivery": [
      1.7755446251001759,
      0.0,
      1.0149350443374772,
      0.8926692668921777,
      1.0023621008303985,
      1.663667112189405,
      1.6596562255434932,
      0.5175128106873503,
      0.0,
      1.6378430725899653
    ],
    "pickup": [
      0.0,
      1.4194421258890106,
      0.0,
      0.0,
      0.0,
      0.0,
      0.0,
      0.0,
      1.1962675397481082,
      0.0
    ],
    "service_duration_s": [
      60.0,
      60.0,
      60.0,
      60.0,
      60.0,
      60.0,
      60.0,
      60.0,
      60.0,
      60.0
    ],
    "tw_early_s": [
      0.0,
      0.0,
      0.0,
      0.0,
      0.0,
      0.0,
      0.0,
      0.0,
      0.0,
      0.0
    ],
    "tw_late_s": [
      752.7855094065796,
      631.0522133466714,
      749.3439038297374,
      950.9740564391011,
      835.6312235129075,
      627.13190755882,
      753.2734173204426,
      850.4395975030791,
      635.9184677869653,
      841.6271000188732
    ],
    "bs_xy": [
      [
        91.23465909282969,
        654.6664747454854
      ],
      [
        115.18030792808199,
        395.5592042768367
      ],
      [
        262.9977155619685,
        356.9350601596486
      ],
      [
        63.84664246408222,
        294.6836889204457
      ],
      [
        53.891596987530875,
        353.53098879295095
      ],
      [
        631.6845083422481,
        745.6574589532396
      ],
      [
        222.67374052408684,
        618.3707423824528
      ]
    ],
    "speed_mps": 10.0,
    "capacity_kg": 6.0,
    "altitude_m": 100.0
  }
}