{
  "spec": {
    "run_id": "seed5_N20_M3_D10_B4_K10_lo0.5_lt0.0_twA",
    "seed": 5,
    "n_clients": 20,
    "num_uavs": 3,
    "delta_min": 10,
    "bs_count": 4,
    "edge_samples": 10,
    "lambda_out": 0.5,
    "lambda_tw": 0.0,
    "tw_family": "A",
    "tw_mode": "soft"
  },
  "scenario": {
    "depot_xy": [
      500.0,
      500.0
    ],
    "client_xy": [
      [
        608.1374354044962,
        524.193785228511
      ],
      [
        443.5690036013066,
        107.02297484652689
      ],
      [
        960.1094958551209,
        597.4102920725544
      ],
      [
        565.9562506661963,
        631.9159962744892
      ],
      [
        163.965748617811,
        439.83934301796836
      ],
      [
        517.1000108167581,
        513.2213983846303
      ],
      [
        170.6010315187977,
        188.1602191580204
      ],
      [
        970.6226237249416,
        372.6378422855048
      ],
      [
        686.038695713467,
        112.43043381934137
      ],
      [
        858.9990784401456,
        207.6505868411803
      ],
      [
        671.3850991481644,
        555.669364118336
      ],
      [
        254.95656174633208,
        681.5893111564009
      ],
      [
        262.05653707330436,
        758.2897635994349
      ],
      [
        258.83815067432533,
        237.61354142404446
      ],
      [
        738.5346450747745,
        574.4685053733525
      ],
      [
        680.296693896291,
        284.6092629107295
      ],
      [
        575.5093497562724,
        303.7165835856589
      ],
      [
        746.0757449900972,
        960.9375959306647
      ],
      [
        575.2625118035138,
        271.80135453190934
      ],
      [
        856.7862402425291,
        188.76192907560485
      ]
    ],
    "delivery": [
      0.0,
      0.0,
      0.0,
      0.0,
      1.3256721719547522,
      0.0,
      1.3522763107317495,
      0.0,
      0.0,
      0.0,
      0.0,
      0.0,
      1.5102754071317226,
      0.0,
      1.1200045149758462,
      0.6143172478402894,
      0.0,
      0.0,
      1.9365197189037677,
      1.8688351390987834
    ],
    "pickup": [
      1.117213528706384,
      0.7185867302289299,
      1.0984958952577855,
      0.7441014021969827,
      0.0,
      1.7169017696356674,
      0.0,
      1.789337098509019,
      1.3203530753685953,
      1.5816983696366076,
      1.7515554992363702,
      0.8954725818255899,
      0.0,
      1.798964478012304,
      0.0,
      0.0,
      0.9344494572342632,
      1.342071280086821,
      0.0,
      0.0
    ],
    "service_duration_s": [
      60.0,
      60.0,
      60.0,
      60.0,
      60.0,
      60.0,
      60.0,
      60.0,
      60.0,
      60.0,
      60.0,
      60.0,
      60.0,
      60.0,
      60.0,
      60.0,
      60.0,
      60.0,
      60.0,
      60.0
    ],
    "tw_early_s": [
      0.0,
      0.0,
      0.0,
      0.0,
      0.0,
      0.0,
      0.0,
      0.0,
      0.0,
      0.0,
      0.0,
      13.512156979589918,
      0.0,
      0.0,
      0.0,
      0.0,
      0.0,
      0.0,
      0.0,
      0.0
    ],
    "tw_late_s": [
      1001.9918813021629,
      737.6054811660325,
      920.5244319640428,
      1082.7081047001427,
      634.1377097577588,
      1071.1615083112729,
      645.3594234257948,
      907.5999519984389,
      821.8584793735756,
      901.6023826184919,
      1009.697035947965,
      1213.51215697959,
      1166.531789216036,
      635.6378578500744,
      998.357137564807,
      817.2621576953568,
      727.98755035418,
      1097.0114033247628,
      746.680937574341,
      818.3736099399741
    ],
    "bs_xy": [
      [
        859.0498626944068,
        637.1487881677579
      ],
      [
        77.51943989842636,
        822.035899579091
      ],
      [
        525.2761419708354,
        422.1292205839841
      ],
      [
        250.23457066003274,
        11.444506617974914
      ]
    ],
    "speed_mps": 10.0,
    "capacity_kg": 6.0,
    "altitude_m": 100.0
  }
}