{
  "spec": {
    "run_id": "seed6_N10_M3_D10_B10_K10_lo1.0_lt1.0_twA",
    "seed": 6,
    "n_clients": 10,
    "num_uavs": 3,
    "delta_min": 10,
    "bs_count": 10,
    "edge_samples": 10,
    "lambda_out": 1.0,
    "lambda_tw": 1.0,
    "tw_family": "A",
    "tw_mode": "soft"
  },
  "scenario": {
    "depot_xy": [
      500.0,
      500.0
    ],
    "client_xy": [
      [
        791.2104088899674,
        486.10362043764377
      ],
      [
        267.963799357121,
        879.4055136269654
      ],
      [
        167.46710838490318,
        573.8225853317298
      ],
      [
        39.40788620955627,
        160.11497166857248
      ],
      [
        260.7407562448787,
        290.92366548228597
      ],
      [
        90.1930137405973,
        369.7930575637548
      ],
      [
        264.5346565854647,
        480.44465093371815
      ],
      [
        25.886026790686078,
        874.2178025365807
      ],
      [
        847.1144139663,
        747.6423480932563
      ],
      [
        756.3648732913323,
        594.3665030094219
      ]
    ],
    "delivery": [
      0.0,
      1.5943046933456526,
      1.8701469780470878,
      0.0,
      1.8299594545977522,
      1.9207525886952297,
      0.0,
      0.7326627925085829,
      1.2528314781442125,
      1.8457465629827032
    ],
    "pickup": [
      1.490210858309648,
      0.0,
      0.0,
      0.5954504571570907,
      0.0,
      0.0,
      0.9284348448487216,
      0.0,
      0.0,
      0.0
    ],
    "service_duration_s": [
      60.0,
      60.0,
      60.0,
      60.0,
      60.0,
      60.0,
      60.0,
      60.0,
      60.0,
      60.0
    ],
    "tw_early_s": [
      0.0,
      0.0,
      0.0,
      0.0,
      0.0,
      0.0,
      0.0,
      0.0,
      0.0,
      0.0
    ],
    "tw_late_s": [
      774.0595726793724,
      899.5174517753164,
      967.0611075503796,
      657.242198400289,
      702.5834937397176,
      642.999489979023,
      623.6275981907661,
      939.2886049858473,
      836.9088609783327,
      801.0635389883068
    ],
    "bs_xy": [
      [
        610.8688348712617,
        334.6501650517484
      ],
      [
        294.56348856949165,
        531.6560985933016
      ],
      [
        348.88745200763515,
        794.892031464727
      ],
      [
        41.704667191897585,
        603.8625652607303
      ],
      [
        702.6734491458975,
        773.7871177293428
      ],
      [
        591.9142951602496,
        945.4876590997295
      ],
      [
        724.6817394728698,
        784.0372229392299
      ],
      [
        292.2660862852715,
        241.7037230168405
      ],
      [
        393.16160095017017,
        513.5031000289345
      ],
      [
        656.6110022193698,
        199.43460008443748
      ]
    ],
    "speed_mps": 10.0,
    "capacity_kg": 6.0,
    "altitude_m": 100.0
  }
}