{
  "spec": {
    "run_id": "seed2_N40_M3_D2_B10_K10_lo0.0_lt0.0_twA",
    "seed": 2,
    "n_clients": 40,
    "num_uavs": 3,
    "delta_min": 2,
    "bs_count": 10,
    "edge_samples": 10,
    "lambda_out": 0.0,
    "lambda_tw": 0.0,
    "tw_family": "A",
    "tw_mode": "soft"
  },
  "scenario": {
    "depot_xy": [
      500.0,
      500.0
    ],
    "client_xy": [
      [
        738.9915501816744,
        442.92758853291446
      ],
      [
        614.3613139164279,
        173.59444736681672
      ],
      [
        59.10818192317646,
        316.53365055751345
      ],
      [
        33.52596301989485,
        965.2852284397632
      ],
      [
        871.9010202440991,
        680.6762167030541
      ],
      [
        79.3810291990018,
        795.5708752098317
      ],
      [
        503.3990278275087,
        109.38515405245286
      ],
      [
        397.5867891732617,
        865.7237670357503
      ],
      [
        423.66165010545245,
        211.3485984567469
      ],
      [
        10.187477219221863,
        121.00664675515394
      ],
      [
        502.9886511821383,
        542.3135269144054
      ],
      [
        272.6105207853038,
        255.5309187073861
      ],
      [
        614.1570049213904,
        31.754373753691056
      ],
      [
        787.4030931461996,
        448.20947779101385
      ],
      [
        236.17238667837626,
        847.075980341398
      ],
      [
        537.6176829386194,
        551.04392496131
      ],
      [
        335.08676281308567,
        772.9099472827512
      ],
      [
        316.3571094211668,
        628.5398419149828
      ],
      [
        795.3332054965625,
        250.34408969644662
      ],
      [
        877.8815944297862,
        882.0997395759399
      ],
      [
        225.6130153852338,
        27.05036020506757
      ],
      [
        378.5448687645705,
        255.1415313178451
      ],
      [
        567.3265415569373,
        447.20025499467664
      ],
      [
        726.3697381416083,
        194.16438692561366
      ],
      [
        870.3254559654771,
        475.4601029329064
      ],
      [
        884.9747415317405,
        205.2428896147359
      ],
      [
        438.89901971037494,
        636.292023402603
      ],
      [
        709.769000404062,
        33.246855493779705
      ],
      [
        440.8515407586372,
        894.6395941084
      ],
      [
        288.48065370123,
        831.9405959022658
      ],
      [
        351.111665855785,
        509.55162215122664
      ],
      [
        163.68177266063321,
        147.6879941518804
      ],
      [
        371.7485314787873,
        66.66584385155683
      ],
      [
        693.5285188547698,
        339.51438744925133
      ],
      [
        339.90308446065353,
        30.996494440272194
      ],
      [
        218.68340342944515,
        644.3119775347944
      ],
      [
        730.6489865098233,
        797.8508125197416
      ],
      [
        978.0121568443861,
        885.4071061364614
      ],
      [
        298.0995361796165,
        79.27392828221946
      ],
      [
        293.28021216407996,
        454.38757845173006
      ]
    ],
    "delivery": [
      0.0,
      1.3490106752101065,
      0.0,
      0.0,
      0.0,
      0.0,
      1.5060387674422175,
      0.0,
      0.0,
      0.9553984362263594,
      0.0,
      0.0,
      1.4265983379152218,
      0.0,
      1.5592434936044042,
      0.0,
      1.4969030365535165,
      0.0,
      1.8372189833091108,
      0.0,
      0.7761146113143377,
      0.0,
      0.0,
      0.0,
      0.0,
      0.0,
      0.0,
      0.0,
      0.0,
      0.6251998553647198,
      0.0,
      0.0,
      1.6433775823271854,
      0.92588174320249,
      0.0,
      0.0,
      0.790478846056556,
      0.0,
      1.9980177716014242,
      0.841209998502112
    ],
    "pickup": [
      1.9076030806671294,
      0.0,
      1.530967806012666,
      0.6425519234609615,
      1.082527133639768,
      1.0771963534698443,
      0.0,
      1.8057972093302286,
      1.671489112716825,
      0.0,
      1.3580719933351817,
      1.7094953182481178,
      0.0,
      1.4164325812036302,
      0.0,
      1.842925742838095,
      0.0,
      1.6802620984315133,
      0.0,
      1.6393802291384394,
      0.0,
      1.2883350975363455,
      1.0424119988482667,
      1.277519337275397,
      1.7921775235357398,
      0.9294640889031589,
      1.5423705701641344,
      0.6665028246549038,
      1.1043624888583483,
      0.0,
      1.884929618217812,
      0.9661493522913183,
      0.0,
      0.0,
      0.6957487008840437,
      1.5430187695489197,
      0.0,
      1.221389136886421,
      0.0,
      0.0
    ],
    "service_duration_s": [
      60.0,
      60.0,
      60.0,
      60.0,
      60.0,
      60.0,
      60.0,
      60.0,
      60.0,
      60.0,
      60.0,
      60.0,
      60.0,
      60.0,
      60.0,
      60.0,
      60.0,
      60.0,
      60.0,
      60.0,
      60.0,
      60.0,
      60.0,
      60.0,
      60.0,
      60.0,
      60.0,
      60.0,
      60.0,
      60.0,
      60.0,
      60.0,
      60.0,
      60.0,
      60.0,
      60.0,
      60.0,
      60.0,
      60.0,
      60.0
    ],
    "tw_early_s": [
      418.9644508269115,
      245.43138011067975,
      0.0,
      847.0037184787544,
      506.2021705238791,
      963.5513195849608,
      175.00140202478025,
      810.9057470756995,
      165.99128296531023,
      0.0,
      693.4523469850395,
      9.958744517475054,
      241.83909783629844,
      493.4742460736014,
      854.0726767590165,
      716.4627428198685,
      751.2340155484604,
      937.3509141406714,
      325.0887790077409,
      582.8559647811948,
      25.433925764906064,
      78.48832627252608,
      411.4663595121722,
      321.57959171949597,
      482.1849813510304,
      395.12358006783006,
      764.827512330813,
      256.99813043803687,
      675.1081682311351,
      882.3274157145087,
      1063.0031322198834,
      0.0,
      157.3481446614693,
      347.66791269534167,
      96.8697431229555,
      944.0586919014299,
      584.5548332568105,
      601.1684366417181,
      87.76779181920031,
      0.0
    ],
    "tw_late_s": [
      658.9644508269115,
      485.43138011067975,
      167.75410941739352,
      1087.0037184787543,
      746.2021705238791,
      1203.5513195849608,
      415.00140202478025,
      1050.9057470756995,
      405.99128296531023,
      181.93159688532526,
      933.4523469850395,
      249.95874451747505,
      481.83909783629844,
      733.4742460736014,
      1094.0726767590165,
      956.4627428198685,
      991.2340155484604,
      1177.3509141406714,
      565.0887790077409,
      822.8559647811948,
      265.43392576490606,
      318.4883262725261,
      651.4663595121722,
      561.579591719496,
      722.1849813510304,
      635.1235800678301,
      1004.827512330813,
      496.99813043803687,
      915.1081682311351,
      1122.3274157145088,
      1303.0031322198834,
      234.46491837172084,
      397.3481446614693,
      587.6679126953417,
      336.86974312295547,
      1184.05869190143,
      824.5548332568105,
      841.1684366417181,
      327.7677918192003,
      141.16921436483292
    ],
    "bs_xy": [
      [
        382.79229117267266,
        493.3594284446088
      ],
      [
        564.537107006021,
        419.5588151819808
      ],
      [
        898.2836074601599,
        575.0309733115275
      ],
      [
        32.014525639481704,
        359.86002802245974
      ],
      [
        380.8503727815288,
        97.15479061957477
      ],
      [
        596.742924963964,
        453.575877152832
      ],
      [
        150.11161569002752,
        256.5238978176805
      ],
      [
        246.45998249697232,
        387.3158322492992
      ],
      [
        303.7987654281537,
        148.88228447403174
      ],
      [
        87.74625420800707,
        831.6667925855646
      ]
    ],
    "speed_mps": 10.0,