{
  "spec": {
    "run_id": "seed3_N40_M3_D2_B4_K10_lo1.0_lt5.0_twA",
    "seed": 3,
    "n_clients": 40,
    "num_uavs": 3,
    "delta_min": 2,
    "bs_count": 4,
    "edge_samples": 10,
    "lambda_out": 1.0,
    "lambda_tw": 5.0,
    "tw_family": "A",
    "tw_mode": "soft"
  },
  "scenario": {
    "depot_xy": [
      500.0,
      500.0
    ],
    "client_xy": [
      [
        973.8756063253703,
        768.8257775976446
      ],
      [
        201.71534671432568,
        82.54070751906039
      ],
      [
        966.5877838225658,
        556.0069808495535
      ],
      [
        5.280323808402043,
        33.596992854630024
      ],
      [
        298.3256356871252,
        242.79395803593107
      ],
      [
        566.875042212765,
        928.0496506692989
      ],
      [
        383.6291983871773,
        984.1304089244737
      ],
      [
        748.1958775326834,
        351.11582623576385
      ],
      [
        815.6689084290052,
        393.2809687744191
      ],
      [
        979.9557799960745,
        977.5411821033605
      ],
      [
        604.4226163055389,
        6.692281227908103
      ],
      [
        418.64697231504147,
        826.2343924150404
      ],
      [
        344.274336419233,
        81.51279270366818
      ],
      [
        626.465285125681,
        247.930742739754
      ],
      [
        345.9357619703083,
        583.8286969088035
      ],
      [
        242.51871238223566,
        367.3998365821469
      ],
      [
        10.873031950173973,
        410.2625455330966
      ],
      [
        793.4817828876852,
        938.0337497519901
      ],
      [
        335.979533042231,
        56.04431611660987
      ],
      [
        969.887493255303,
        249.36913081399658
      ],
      [
        252.24432092383807,
        458.5153443875927
      ],
      [
        146.85722473591355,
        277.6098404613693
      ],
      [
        604.7091540369149,
        77.69363941306706
      ],
      [
        723.721281984306,
        660.1993028559361
      ],
      [
        555.835967244858,
        106.34615419186177
      ],
      [
        535.0669157074511,
        51.674821199318764
      ],
      [
        608.4459026250886,
        471.96238514804764
      ],
      [
        176.48547056396902,
        769.2742575736088
      ],
      [
        293.68058631597904,
        230.52460784860673
      ],
      [
        588.2391582701897,
        829.2180109261121
      ],
      [
        555.2181635848777,
        479.0227362718192
      ],
      [
        331.34388610939345,
        200.03551054965217
      ],
      [
        444.9789726886384,
        713.8951660981825
      ],
      [
        31.28058754886265,
        869.452340972772
      ],
      [
        997.5624145818603,
        496.4253664261274
      ],
      [
        136.10387483982754,
        77.12754138152633
      ],
      [
        369.9309257558312,
        771.9440488168807
      ],
      [
        81.44173458986315,
        64.3790261452668
      ],
      [
        159.74770521311032,
        320.7706994476994
      ],
      [
        230.90082894504027,
        136.35529288601123
      ]
    ],
    "delivery": [
      0.0,
      1.0138289685116697,
      0.8422056488491352,
      0.0,
      0.0,
      1.229162995650931,
      0.0,
      0.0,
      0.0,
      0.0,
      0.0,
      0.0,
      0.0,
      1.9221939802233032,
      0.5770640023708307,
      0.0,
      0.0,
      1.3398726155477245,
      0.5762084287526918,
      0.6779241520086504,
      1.9919264130815268,
      0.0,
      1.4046973485484848,
      0.0,
      0.5505363807529269,
      0.8314185666593736,
      0.5435482438009052,
      1.0175285572867327,
      1.3955104574235488,
      0.0,
      1.518631465294861,
      0.0,
      1.42215635946361,
      0.0,
      0.0,
      0.0,
      0.8019108510731757,
      0.0,
      0.0,
      1.6453452669043824
    ],
    "pickup": [
      1.3047772906840556,
      0.0,
      0.0,
      1.3809250866948768,
      1.451237772205177,
      0.0,
      0.8652506346470175,
      0.9346379941814693,
      0.5077591585367893,
      1.5947208335134622,
      0.9303297538173765,
      1.257915955887097,
      0.9262294335631455,
      0.0,
      0.0,
      1.716150879252103,
      1.4170144407265521,
      0.0,
      0.0,
      0.0,
      0.0,
      1.6001996318828176,
      0.0,
      0.7425320554016619,
      0.0,
      0.0,
      0.0,
      0.0,
      0.0,
      1.1484778464037515,
      0.0,
      0.5859579268888278,
      0.0,
      1.4646874123133675,
      0.635886671512894,
      1.6522777154229735,
      0.0,
      0.921867242578905,
      1.595025500357363,
      0.0
    ],
    "service_duration_s": [
      60.0,
      60.0,
      60.0,
      60.0,
      60.0,
      60.0,
      60.0,
      60.0,
      60.0,
      60.0,
      60.0,
      60.0,
      60.0,
      60.0,
      60.0,
      60.0,
      60.0,
      60.0,
      60.0,
      60.0,
      60.0,
      60.0,
      60.0,
      60.0,
      60.0,
      60.0,
      60.0,
      60.0,
      60.0,
      60.0,
      60.0,
      60.0,
      60.0,
      60.0,
      60.0,
      60.0,
      60.0,
      60.0,
      60.0,
      60.0
    ],
    "tw_early_s": [
      682.8383611559278,
      184.631522626885,
      593.0839795227778,
      9.913914276028663,
      105.91932012781217,
      796.8620894614352,
      868.8152631065782,
      442.9337780339233,
      510.89022770927545,
      695.2585910975605,
      345.6110866787079,
      828.6813443823849,
      232.57504885154367,
      389.6988182452231,
      1029.0420231935584,
      0.0,
      0.0,
      767.5715917122163,
      258.31689090386106,
      473.30833227854816,
      0.0,
      8.726023984044502,
      372.9564185962888,
      670.0578465131839,
      313.8764618282458,
      305.52202537237474,
      575.7568635031174,
      913.5583719161334,
      155.47431862457876,
      751.7195014646871,
      473.8813867197408,
      220.32004788386854,
      881.5036793101749,
      985.7014607615354,
      578.1500311451543,
      88.80307226767604,
      950.0780696214274,
      68.52071320683149,
      0.0,
      159.98090258303813
    ],
    "tw_late_s": [
      922.8383611559278,
      424.631522626885,
      833.0839795227778,
      249.91391427602866,
      345.91932012781217,
      1036.862089461435,
      1108.8152631065782,
      682.9337780339233,
      750.8902277092755,
      935.2585910975605,
      585.6110866787079,
      1068.6813443823849,
      472.57504885154367,
      629.698818245223,
      1269.0420231935584,
      148.9619434451045,
      169.72906610904886,
      1007.5715917122163,
      498.31689090386106,
      713.3083322785482,
      145.1204803229895,
      248.7260239840445,
      612.9564185962888,
      910.0578465131839,
      553.8764618282457,
      545.5220253723747,
      815.7568635031174,
      1153.5583719161334,
      395.47431862457876,
      991.7195014646871,
      713.8813867197408,
      460.32004788386854,
      1121.503679310175,
      1225.7014607615354,
      818.1500311451543,
      328.80307226767604,
      1190.0780696214274,
      308.5207132068315,
      221.71240942347544,
      399.98090258303813
    ],
    "bs_xy": [
      [
        503.03079224573366,
        709.8278929343575
      ],
      [
        513.3298734839815,
        87.37670604652325
      ],
      [
        846.8644738848869,
        218.38277480969194
      ],
      [
        127.28424759881285,
        314.85515650433604
      ]
    ],
    "speed_mps": 10.0,
    "capacity_kg": 6.0,
    "altitude_m": 100.0
  }
}