{
  "spec": {
    "run_id": "seed1_N20_M3_D2_B4_K10_lo0.5_lt5.0_twA",
    "seed": 1,
    "n_clients": 20,
    "num_uavs": 3,
    "delta_min": 2,
    "bs_count": 4,
    "edge_samples": 10,
    "lambda_out": 0.5,
    "lambda_tw": 5.0,
    "tw_family": "A",
    "tw_mode": "soft"
  },
  "scenario": {
    "depot_xy": [
      500.0,
      500.0
    ],
    "client_xy": [
      [
        380.9104717030375,
        280.32622360449676
      ],
      [
        591.656458659777,
        966.1955602065859
      ],
      [
        522.1150224197601,
        378.43668681958866
      ],
      [
        292.1566245896503,
        956.8084254248935
      ],
      [
        182.7173268185449,
        403.95705785412184
      ],
      [
        664.2312498227336,
        265.78619250670744
      ],
      [
        299.8085195635427,
        66.44045471508065
      ],
      [
        439.20816690260165,
        13.380796745523615
      ],
      [
        489.5380298216131,
        151.10280596732474
      ],
      [
        364.78529849897933,
        764.2258210028757
      ],
      [
        385.821183980941,
        870.0335239699643
      ],
      [
        788.8558587259395,
        738.3866940771326
      ],
      [
        456.09550362624907,
        327.5674982329564
      ],
      [
        801.3252281638465,
        383.352218978392
      ],
      [
        950.1966927438148,
        304.7830157114335
      ],
      [
        442.1198295351149,
        82.8667785182039
      ],
      [
        450.11841351699525,
        785.4868309114769
      ],
      [
        196.76171454619862,
        859.8069069109932
      ],
      [
        305.0362751094384,
        155.48442121905825
      ],
      [
        551.371014626703,
        896.3144575323922
      ]
    ],
    "delivery": [
      1.7972134740923034,
      0.6994452385358692,
      1.657764620715214,
      1.1337134196907148,
      0.798313790016638,
      0.0,
      1.559984854021652,
      1.7428411337557173,
      1.209977793491489,
      0.0,
      1.1004216462293166,
      0.9125045713796534,
      1.2166750495876428,
      0.0,
      1.9594281252232792,
      0.0,
      1.5632729656473647,
      1.6604459689849498,
      0.0,
      0.0
    ],
    "pickup": [
      0.0,
      0.0,
      0.0,
      0.0,
      0.0,
      1.1451528512674456,
      0.0,
      0.0,
      0.0,
      0.6249504350497916,
      0.0,
      0.0,
      0.0,
      0.5649075243891603,
      0.0,
      0.653286925143989,
      0.0,
      0.0,
      1.1254049846653724,
      1.5847015095242385
    ],
    "service_duration_s": [
      60.0,
      60.0,
      60.0,
      60.0,
      60.0,
      60.0,
      60.0,
      60.0,
      60.0,
      60.0,
      60.0,
      60.0,
      60.0,
      60.0,
      60.0,
      60.0,
      60.0,
      60.0,
      60.0,
      60.0
    ],
    "tw_early_s": [
      0.0,
      324.23992772743856,
      76.2810445170397,
      367.8863753345541,
      0.0,
      177.60547425041864,
      8.875077870941908,
      83.79070356418737,
      80.44406858297083,
      449.47490216108645,
      406.9589280389147,
      286.4810844490539,
      2.4835033984529105,
      164.20639168552793,
      189.00578298766044,
      0.0,
      380.6807159787205,
      485.8925137213514,
      0.0,
      281.2684076898108
    ],
    "tw_late_s": [
      144.98777376755572,
      564.2399277274385,
      316.28104451703973,
      607.886375334554,
      153.15004395731722,
      417.60547425041864,
      248.8750778709419,
      323.79070356418737,
      320.44406858297083,
      689.4749021610864,
      646.9589280389147,
      526.4810844490539,
      242.4835033984529,
      404.20639168552793,
      429.00578298766044,
      225.66065889276308,
      620.6807159787205,
      725.8925137213514,
      159.58558298749304,
      521.2684076898108
    ],
    "bs_xy": [
      [
        297.34531317229494,
        709.059943939113
      ],
      [
        941.0798394394446,
        871.9362722671552
      ],
      [
        584.4393442811066,
        313.77649853034916
      ],
      [
        846.766104327975,
        291.220319190745
      ]
    ],
    "speed_mps": 10.0,
    "capacity_kg": 6.0,
    "altitude_m": 100.0
  }
}