{
  "spec": {
    "run_id": "seed1_N10_M3_D2_B7_K10_lo1.0_lt5.0_twA",
    "seed": 1,
    "n_clients": 10,
    "num_uavs": 3,
    "delta_min": 2,
    "bs_count": 7,
    "edge_samples": 10,
    "lambda_out": 1.0,
    "lambda_tw": 5.0,
    "tw_family": "A",
    "tw_mode": "soft"
  },
  "scenario": {
    "depot_xy": [
      500.0,
      500.0
    ],
    "client_xy": [
      [
        572.8376550263903,
        809.009097257279
      ],
      [
        41.17884825213758,
        649.2407231342123
      ],
      [
        431.985528290041,
        317.07714376457466
      ],
      [
        269.5440846498911,
        271.9907790403486
      ],
      [
        71.48334434994142,
        959.8258633698348
      ],
      [
        427.8594475150124,
        804.2751604821408
      ],
      [
        892.2312297003434,
        934.7686601693795
      ],
      [
        715.1741062256142,
        364.5560391334707
      ],
      [
        866.3625179531375,
        892.7219579067605
      ],
      [
        854.2813114081933,
        555.9480883707143
      ]
    ],
    "delivery": [
      1.3417253112713368,
      1.500771338932472,
      1.5492968672217011,
      1.7496388654586619,
      0.0,
      0.0,
      0.633078467496694,
      0.0,
      0.0,
      1.8397063651495922
    ],
    "pickup": [
      0.0,
      0.0,
      0.0,
      0.0,
      1.882472987480432,
      1.2458383606003052,
      0.0,
      0.8228361962335785,
      0.850498740265615,
      0.0
    ],
    "service_duration_s": [
      60.0,
      60.0,
      60.0,
      60.0,
      60.0,
      60.0,
      60.0,
      60.0,
      60.0,
      60.0
    ],
    "tw_early_s": [
      135.2710758735139,
      250.78567036816463,
      0.0,
      0.0,
      167.2453251394254,
      136.36374680106087,
      25.132296042978993,
      0.0,
      31.630338842541192,
      37.422640511369195
    ],
    "tw_late_s": [
      375.2710758735139,
      490.78567036816463,
      139.51582427039938,
      152.41884232394546,
      407.2453251394254,
      376.36374680106087,
      265.13229604297896,
      145.42537365019555,
      271.63033884254116,
      277.4226405113692
    ],
    "bs_xy": [
      [
        592.0372666632416,
        523.3072445639914
      ],
      [
        852.53638356398,
        746.8834483492502
      ],
      [
        960.5468703965844,
        600.0425829518578
      ],
      [
        637.0460192664236,
        79.34905545574344
      ],
      [
        502.59614530585606,
        78.98889414341758
      ],
      [
        103.36806686124567,
        19.119224971530624
      ],
      [
        167.40512869645664,
        350.3432120328561
      ]
    ],
    "speed_mps": 10.0,
    "capacity_kg": 6.0,
    "altitude_m": 100.0
  }
}