{
  "spec": {
    "run_id": "seed5_N20_M3_D5_B7_K10_lo1.0_lt5.0_twA",
    "seed": 5,
    "n_clients": 20,
    "num_uavs": 3,
    "delta_min": 5,
    "bs_count": 7,
    "edge_samples": 10,
    "lambda_out": 1.0,
    "lambda_tw": 5.0,
    "tw_family": "A",
    "tw_mode": "soft"
  },
  "scenario": {
    "depot_xy": [
      500.0,
      500.0
    ],
    "client_xy": [
      [
        234.26783658320417,
        980.2848641693724
      ],
      [
        129.37818432589555,
        242.77464948297123
      ],
      [
        400.6456845358252,
        177.08922136246252
      ],
      [
        145.96893978895997,
        27.868162721773725
      ],
      [
        158.6415884300665,
        73.28820064041297
      ],
      [
        878.8917068709133,
        166.89455317207825
      ],
      [
        925.2214663589024,
        672.9067161145259
      ],
      [
        810.9978477748049,
        304.9740753926832
      ],
      [
        469.36841553859176,
        427.2433243764703
      ],
      [
        184.58826479797895,
        243.4298540836356
      ],
      [
        466.6450369822512,
        422.4939844847942
      ],
      [
        692.9243469740334,
        409.00416295025764
      ],
      [
        632.175276465413,
        743.8606715691573
      ],
      [
        931.6717620812648,
        306.08692493328226
      ],
      [
        474.4947427551656,
        457.0341380645816
      ],
      [
        950.7016175229438,
        528.5162517688246
      ],
      [
        641.3660843831307,
        476.88035263424035
      ],
      [
        487.53813792113044,
        768.354187501834
      ],
      [
        430.84342719989,
        942.2760210709419
      ],
      [
        625.419630195049,
        117.51741758050649
      ]
    ],
    "delivery": [
      0.0,
      1.0499471335085182,
      0.5179350185215914,
      0.6214477333786366,
      0.0,
      0.0,
      0.0,
      1.74371647787053,
      0.0,
      0.6828845666680012,
      0.0,
      1.0333077436855238,
      0.0,
      1.7543385139772798,
      0.0,
      1.1894340703629913,
      0.9463836603801034,
      0.0,
      0.0,
      0.0
    ],
    "pickup": [
      0.6285600237454072,
      0.0,
      0.0,
      0.0,
      0.5968952346580656,
      1.2233287561171755,
      0.5408391347119332,
      0.0,
      1.4959371588044028,
      0.0,
      0.7376919610461702,
      0.0,
      1.166280531384564,
      0.0,
      1.8585040487558926,
      0.0,
      0.0,
      1.700484416901211,
      1.246911069287115,
      0.5743898990039605
    ],
    "service_duration_s": [
      60.0,
      60.0,
      60.0,
      60.0,
      60.0,
      60.0,
      60.0,
      60.0,
      60.0,
      60.0,
      60.0,
      60.0,
      60.0,
      60.0,
      60.0,
      60.0,
      60.0,
      60.0,
      60.0,
      60.0
    ],
    "tw_early_s": [
      305.75212039885866,
      0.0,
      0.0,
      0.0,
      0.0,
      46.58524755850533,
      218.15921687734533,
      28.60271802977377,
      0.0,
      0.0,
      0.0,
      45.5113067560556,
      199.46748692723259,
      121.47156697752797,
      0.0,
      133.92472974333805,
      112.75364002178475,
      246.08243715590845,
      334.4592584453062,
      0.0
    ],
    "tw_late_s": [
      905.7521203988587,
      345.1137907077402,
      525.6209272614448,
      426.66838446843906,
      354.6450843957848,
      646.5852475585053,
      818.1592168773453,
      628.6027180297738,
      538.0578523253698,
      340.65867711555484,
      461.2080314449576,
      645.5113067560555,
      799.4674869272326,
      721.471566977528,
      436.66875294115584,
      733.924729743338,
      712.7536400217848,
      846.0824371559085,
      934.4592584453062,
      555.5911781611346
    ],
    "bs_xy": [
      [
        722.2010866715638,
        405.8822956140795
      ],
      [
        255.98410446097287,
        288.2194713602738
      ],
      [
        822.4914229149476,
        137.92374666021757
      ],
      [
        613.7199663874285,
        803.059498559444
      ],
      [
        735.524943962209,
        689.6930037491773
      ],
      [
        687.7546366889352,
        30.676313336367333
      ],
      [
        349.3589666763904,
        617.620771427068
      ]
    ],
    "speed_mps": 10.0,
    "capacity_kg": 6.0,
    "altitude_m": 100.0
  }
}