{
  "spec": {
    "run_id": "seed3_N10_M3_D10_B4_K10_lo0.0_lt1.0_twA",
    "seed": 3,
    "n_clients": 10,
    "num_uavs": 3,
    "delta_min": 10,
    "bs_count": 4,
    "edge_samples": 10,
    "lambda_out": 0.0,
    "lambda_tw": 1.0,
    "tw_family": "A",
    "tw_mode": "soft"
  },
  "scenario": {
    "depot_xy": [
      500.0,
      500.0
    ],
    "client_xy": [
      [
        70.06486980665694,
        934.7677770157591
      ],
      [
        550.0138674836147,
        141.871064376363
      ],
      [
        915.2233418389819,
        557.9265796327436
      ],
      [
        863.8511297889249,
        795.10266584159
      ],
      [
        645.7593224557419,
        877.3634800997212
      ],
      [
        705.7835044245323,
        497.08321768978146
      ],
      [
        779.8631493029043,
        174.14331267905325
      ],
      [
        490.81574496108806,
        302.46353654382517
      ],
      [
        527.4416929822348,
        211.40277487626668
      ],
      [
        407.27378577652973,
        850.0754853581107
      ]
    ],
    "delivery": [
      1.7949356116508766,
      0.6388618968208858,
      0.0,
      0.0,
      0.0,
      0.0,
      0.8169597571968576,
      0.8275116091478405,
      0.0,
      0.0
    ],
    "pickup": [
      0.0,
      0.0,
      1.6768736219880487,
      1.9240220734745497,
      1.7092518531121215,
      1.4623587370301738,
      0.0,
      0.0,
      0.9941343072967961,
      0.930125190959528
    ],
    "service_duration_s": [
      60.0,
      60.0,
      60.0,
      60.0,
      60.0,
      60.0,
      60.0,
      60.0,
      60.0,
      60.0
    ],
    "tw_early_s": [
      0.0,
      0.0,
      0.0,
      0.0,
      0.0,
      0.0,
      0.0,
      0.0,
      0.0,
      0.0
    ],
    "tw_late_s": [
      974.6593543509408,
      636.1604371477431,
      751.5210867044613,
      834.0614033958495,
      821.1664790765718,
      722.6676504710681,
      711.4000517390143,
      619.7749854451002,
      628.9898956298312,
      870.1183336210674
    ],
    "bs_xy": [
      [
        132.7542462883501,
        980.2817498000885
      ],
      [
        743.1653354351298,
        532.5727077809223
      ],
      [
        47.420274057123905,
        893.414488167022
      ],
      [
        343.61195421543056,
        151.91625818406996
      ]
    ],
    "speed_mps": 10.0,
    "capacity_kg": 6.0,
    "altitude_m": 100.0
  }
}