{
  "spec": {
    "run_id": "seed4_N40_M3_D2_B4_K10_lo0.0_lt0.0_twA",
    "seed": 4,
    "n_clients": 40,
    "num_uavs": 3,
    "delta_min": 2,
    "bs_count": 4,
    "edge_samples": 10,
    "lambda_out": 0.0,
    "lambda_tw": 0.0,
    "tw_family": "A",
    "tw_mode": "soft"
  },
  "scenario": {
    "depot_xy": [
      500.0,
      500.0
    ],
    "client_xy": [
      [
        875.1525197352653,
        988.8555648018624
      ],
      [
        415.2607032111478,
        671.527787660053
      ],
      [
        289.1236585686046,
        454.81648130176256
      ],
      [
        542.5123062834159,
        982.1284556126687
      ],
      [
        551.3985410143895,
        494.93298474434965
      ],
      [
        183.03761009081288,
        644.6696502386808
      ],
      [
        436.66371745237876,
        474.8002620816143
      ],
      [
        447.88483538757663,
        685.1314096278725
      ],
      [
        127.55500217957238,
        117.02127738454627
      ],
      [
        727.1112826079296,
        112.48908747221786
      ],
      [
        678.3965282010681,
        289.4697496507257
      ],
      [
        564.3980081417392,
        204.6822867620295
      ],
      [
        646.1360693583688,
        457.19097918476837
      ],
      [
        190.16014143356253,
        211.2243943477876
      ],
      [
        380.7520164055037,
        807.4210533545887
      ],
      [
        718.156741512111,
        585.7312358207273
      ],
      [
        537.4762252080407,
        631.1614089328068
      ],
      [
        866.2689728599356,
        979.6497892937145
      ],
      [
        718.6115216699864,
        135.5612374014117
      ],
      [
        513.2502760223673,
        476.68678435500414
      ],
      [
        691.572747294232,
        832.2654088318334
      ],
      [
        69.15325388549964,
        203.48575851008243
      ],
      [
        948.0679590794502,
        91.05548455666069
      ],
      [
        14.616656577558507,
        419.23804077244864
      ],
      [
        442.8516895377045,
        933.9570848831448
      ],
      [
        127.7700690334731,
        279.74766800411334
      ],
      [
        361.19149739674674,
        670.565973922611
      ],
      [
        816.7276694500051,
        619.2354985622047
      ],
      [
        881.5566902253897,
        396.2383644421099
      ],
      [
        770.7970504419739,
        704.9549482639121
      ],
      [
        995.0668346158294,
        14.043613072435402
      ],
      [
        274.70953359299244,
        405.59348387324155
      ],
      [
        249.74371969537378,
        20.483446938168505
      ],
      [
        91.75838365315447,
        924.144083876539
      ],
      [
        547.4618038181043,
        964.8348058339961
      ],
      [
        796.2719949924532,
        663.529948373565
      ],
      [
        603.9574315352161,
        313.2261666765286
      ],
      [
        313.99484411788035,
        407.89302342015435
      ],
      [
        518.0531030939151,
        113.16985461005436
      ],
      [
        787.1303401665078,
        727.3148309050058
      ]
    ],
    "delivery": [
      0.0,
      0.6400839725290451,
      1.088361614288401,
      0.0,
      0.0,
      0.0,
      0.0,
      0.0,
      1.5493071763510389,
      0.8331787300497748,
      0.6574590737296704,
      1.7918914822770071,
      0.956911167326955,
      0.0,
      1.924454831054285,
      0.0,
      0.9534618188699381,
      0.923274689277669,
      1.8930837020668756,
      0.0,
      0.0,
      0.9796286260834012,
      0.0,
      1.7993455738677389,
      1.9532133854112865,
      1.8961159801864687,
      0.0,
      1.232414660495731,
      0.0,
      0.0,
      0.0,
      0.0,
      0.0,
      0.0,
      1.0044940264583575,
      0.0,
      1.6264386304433898,
      0.0,
      1.8281467315046367,
      0.0
    ],
    "pickup": [
      0.6947426820104425,
      0.0,
      0.0,
      1.4056563092010586,
      0.8786557287889014,
      1.1529550603532668,
      1.8951789998315105,
      1.5401271491288235,
      0.0,
      0.0,
      0.0,
      0.0,
      0.0,
      1.6600780243183388,
      0.0,
      1.957337689817283,
      0.0,
      0.0,
      0.0,
      1.2982481192282542,
      1.191958455376432,
      0.0,
      1.2500338211966182,
      0.0,
      0.0,
      0.0,
      1.4088697130839565,
      0.0,
      1.1759058313367634,
      1.8609669227308627,
      1.7145366533311914,
      1.9677622804690382,
      0.8865640417623915,
      1.87288493823192,
      0.0,
      1.573909482155203,
      0.0,
      0.6947851616093653,
      0.0,
      1.0666598762699038
    ],
    "service_duration_s": [
      60.0,
      60.0,
      60.0,
      60.0,
      60.0,
      60.0,
      60.0,
      60.0,
      60.0,
      60.0,
      60.0,
      60.0,
      60.0,
      60.0,
      60.0,
      60.0,
      60.0,
      60.0,
      60.0,
      60.0,
      60.0,
      60.0,
      60.0,
      60.0,
      60.0,
      60.0,
      60.0,
      60.0,
      60.0,
      60.0,
      60.0,
      60.0,
      60.0,
      60.0,
      60.0,
      60.0,
      60.0,
      60.0,
      60.0,
      60.0
    ],
    "tw_early_s": [
      760.074071830877,
      1047.3757844479705,
      0.0,
      747.3957420197945,
      576.8687628764305,
      1130.7528938766661,
      0.0,
      826.6809955160458,
      59.62147289097513,
      242.87829347523973,
      325.6614002030315,
      164.1766369489315,
      402.7409634413443,
      50.117819641450524,
      831.2052081593687,
      516.3159114648728,
      869.264557600842,
      645.0758825289564,
      376.88597352510334,
      240.69672462089466,
      666.2585833023193,
      104.07792093763459,
      460.25925286389554,
      0.0,
      960.9882118867292,
      0.0,
      895.4718355039402,
      486.2696523725383,
      431.2945023233366,
      555.994592382443,
      331.4250427265392,
      15.250691313778049,
      189.78837841744058,
      922.372753078022,
      736.9910035168798,
      666.5988729684127,
      295.74114260145575,
      0.0,
      144.3418590099377,
      592.0649659470716
    ],
    "tw_late_s": [
      1000.074071830877,
      1287.3757844479705,
      141.5662657262319,
      987.3957420197945,
      816.8687628764305,
      1370.7528938766661,
      126.81653246020836,
      1066.6809955160456,
      299.62147289097516,
      482.87829347523973,
      565.6614002030315,
      404.1766369489315,
      642.7409634413443,
      290.1178196414505,
      1071.2052081593688,
      756.3159114648728,
      1109.264557600842,
      885.0758825289564,
      616.8859735251033,
      480.69672462089466,
      906.2585833023193,
      344.0779209376346,
      700.2592528638955,
      169.2056383080456,
      1200.9882118867292,
      223.34881961690098,
      1135.4718355039402,
      726.2696523725383,
      671.2945023233366,
      795.994592382443,
      571.4250427265392,
      255.25069131377805,
      429.7883784174406,
      1162.372753078022,
      976.9910035168798,
      906.5988729684127,
      535.7411426014557,
      206.87699709789206,
      384.3418590099377,
      832.0649659470716
    ],
    "bs_xy": [
      [
        152.36419759862596,
        958.9884930129331
      ],
      [
        819.3199167066732,
        457.17870677764796
      ],
      [
        552.4625722139879,
        620.5576788187076
      ],
      [
        529.5733699135159,
        856.2898958053588
      ]
    ],
    "speed_mps": 10.0,
    "capacity_kg": 6.0,
    "altitude_m": 100.0
  }
}