{
  "spec": {
    "run_id": "seed5_N10_M3_D2_B10_K10_lo0.0_lt0.0_twA",
    "seed": 5,
    "n_clients": 10,
    "num_uavs": 3,
    "delta_min": 2,
    "bs_count": 10,
    "edge_samples": 10,
    "lambda_out": 0.0,
    "lambda_tw": 0.0,
    "tw_family": "A",
    "tw_mode": "soft"
  },
  "scenario": {
    "depot_xy": [
      500.0,
      500.0
    ],
    "client_xy": [
      [
        279.5705155334132,
        617.4210727843677
      ],
      [
        473.44377800093827,
        952.6676500577978
      ],
      [
        712.1676376568023,
        711.1639966704653
      ],
      [
        310.17563321731234,
        365.5153784920695
      ],
      [
        983.5010318536404,
        545.0835540014627
      ],
      [
        821.3399928997931,
        255.20552578759182
      ],
      [
        685.0581519793894,
        444.5421236724504
      ],
      [
        969.7546837224677,
        991.5153072646118
      ],
      [
        60.21559259526865,
        586.8003010660824
      ],
      [
        148.51730164245978,
        625.050129000782
      ]
    ],
    "delivery": [
      1.500299807636892,
      1.0229178306776954,
      0.0,
      0.0,
      1.5780555616837162,
      0.5992251187810145,
      1.6758601050486934,
      0.0,
      0.0,
      0.0
    ],
    "pickup": [
      0.0,
      0.0,
      1.4628697882786452,
      1.6802645123906754,
      0.0,
      0.0,
      0.0,
      1.3595715413345988,
      1.6079371239654285,
      0.5534754907295776
    ],
    "service_duration_s": [
      60.0,
      60.0,
      60.0,
      60.0,
      60.0,
      60.0,
      60.0,
      60.0,
      60.0,
      60.0
    ],
    "tw_early_s": [
      131.5443779503755,
      158.239797911086,
      27.280622365455542,
      0.0,
      32.94943127359349,
      0.0,
      0.0,
      20.981864322088455,
      273.431867112366,
      170.9111456828091
    ],
    "tw_late_s": [
      371.5443779503755,
      398.239797911086,
      267.28062236545554,
      143.26357746490845,
      272.9494312735935,
      160.39600545125327,
      139.3189274186712,
      260.9818643220884,
      513.431867112366,
      410.9111456828091
    ],
    "bs_xy": [
      [
        572.7128633993628,
        897.0223734519268
      ],
      [
        66.13057549712819,
        972.1464318176025
      ],
      [
        403.5868064033428,
        201.0210717206299
      ],
      [
        184.40966411416127,
        714.6244715249707
      ],
      [
        946.8118052790226,
        451.29327882909297
      ],
      [
        744.371717283858,
        770.4689592613439
      ],
      [
        655.1494702164134,
        248.74618449236584
      ],
      [
        987.7963214622599,
        332.11517522052804
      ],
      [
        915.8821352889292,
        262.66197514195943
      ],
      [
        649.8373578299519,
        274.7771226164386
      ]
    ],
    "speed_mps": 10.0,
    "capacity_kg": 6.0,
    "altitude_m": 100.0
  }
}