{
  "spec": {
    "run_id": "seed1_N10_M3_D10_B4_K10_lo1.0_lt5.0_twA",
    "seed": 1,
    "n_clients": 10,
    "num_uavs": 3,
    "delta_min": 10,
    "bs_count": 4,
    "edge_samples": 10,
    "lambda_out": 1.0,
    "lambda_tw": 5.0,
    "tw_family": "A",
    "tw_mode": "soft"
  },
  "scenario": {
    "depot_xy": [
      500.0,
      500.0
    ],
    "client_xy": [
      [
        135.83549895018277,
        860.1737460841638
      ],
      [
        328.3405703661443,
        857.3017648845755
      ],
      [
        343.89074420683687,
        941.8767469872657
      ],
      [
        373.9230380241984,
        362.05393089910234
      ],
      [
        435.5887492642002,
        272.4847874407129
      ],
      [
        117.23817813634673,
        961.9234999361638
      ],
      [
        802.2051192804721,
        82.72390663174434
      ],
      [
        840.5191178916252,
        769.7828550716565
      ],
      [
        516.8460940449992,
        640.1528154285936
      ],
      [
        130.24594394255374,
        763.0983200369158
      ]
    ],
    "delivery": [
      0.0,
      0.0,
      1.3436189634677742,
      1.5429297298116031,
      0.0,
      0.0,
      1.4048764658838064,
      1.1218884887422125,
      0.0,
      0.0
    ],
    "pickup": [
      1.7347792519446523,
      1.729091330654283,
      0.0,
      0.0,
      0.8121816104500845,
      1.0335112400163933,
      0.0,
      0.0,
      0.9057094984714509,
      0.5618157779181872
    ],
    "service_duration_s": [
      60.0,
      60.0,
      60.0,
      60.0,
      60.0,
      60.0,
      60.0,
      60.0,
      60.0,
      60.0
    ],
    "tw_early_s": [
      0.0,
      0.0,
      0.0,
      0.0,
      0.0,
      0.0,
      0.0,
      0.0,
      0.0,
      0.0
    ],
    "tw_late_s": [
      891.2491774081768,
      852.6124051347904,
      808.8969145617939,
      618.6881027184241,
      623.6457144462263,
      832.6049853595372,
      651.5215753074377,
      740.6521872637927,
      721.2997361285543,
      934.5477122990559
    ],
    "bs_xy": [
      [
        312.46667798327456,
        194.29881400420112
      ],
      [
        853.9473971899839,
        458.48609593836466
      ],
      [
        307.1352642971181,
        793.7809101220138
      ],
      [
        636.007928995113,
        269.57210035854706
      ]
    ],
    "speed_mps": 10.0,
    "capacity_kg": 6.0,
    "altitude_m": 100.0
  }
}