{
  "spec": {
    "run_id": "seed5_N40_M3_D2_B7_K10_lo0.5_lt5.0_twA",
    "seed": 5,
    "n_clients": 40,
    "num_uavs": 3,
    "delta_min": 2,
    "bs_count": 7,
    "edge_samples": 10,
    "lambda_out": 0.5,
    "lambda_tw": 5.0,
    "tw_family": "A",
    "tw_mode": "soft"
  },
  "scenario": {
    "depot_xy": [
      500.0,
      500.0
    ],
    "client_xy": [
      [
        725.7714976555646,
        905.5538093264364
      ],
      [
        587.212490411716,
        438.7677190748175
      ],
      [
        209.50082335166343,
        156.46835013134952
      ],
      [
        754.7716721887077,
        937.752018457935
      ],
      [
        617.0711859104956,
        364.2134749184437
      ],
      [
        873.7575761080225,
        376.1374059527547
      ],
      [
        891.7575215266492,
        263.51353405663326
      ],
      [
        319.7867681805241,
        470.3752773260269
      ],
      [
        906.9022756596617,
        9.951450009642926
      ],
      [
        824.9635064784032,
        159.69392011505423
      ],
      [
        76.49880243786966,
        254.05905004031493
      ],
      [
        219.01600491221308,
        961.7918135664368
      ],
      [
        404.70022874092473,
        567.4976386481676
      ],
      [
        34.627891235381455,
        409.18018101806143
      ],
      [
        829.1238456037406,
        73.1062717548393
      ],
      [
        765.4339603143499,
        945.714993197562
      ],
      [
        638.5078707961113,
        20.651580436420346
      ],
      [
        108.88120024641967,
        272.1681712380326
      ],
      [
        62.911631086572605,
        974.7032199345991
      ],
      [
        647.8531142988984,
        967.4604357760527
      ],
      [
        140.85690786850958,
        531.8735034092114
      ],
      [
        610.2176530086352,
        715.0090546876863
      ],
      [
        449.0551510488966,
        590.8763584155714
      ],
      [
        268.40648497343676,
        984.6667745387058
      ],
      [
        248.60492181181627,
        606.1840597946439
      ],
      [
        176.10245336452223,
        72.53108381733497
      ],
      [
        298.0591157426099,
        453.06430332597193
      ],
      [
        159.29253706355084,
        844.2773613421266
      ],
      [
        28.348599435536137,
        483.4481229219976
      ],
      [
        270.843572058043,
        913.7570684345421
      ],
      [
        375.3098328366723,
        925.7285644454569
      ],
      [
        963.1351202282551,
        248.0944984638791
      ],
      [
        285.17731783579,
        987.6882127575435
      ],
      [
        648.4322266648244,
        417.57933480836874
      ],
      [
        997.1205427084176,
        706.6970609215962
      ],
      [
        830.2736534496585,
        408.4685571542812
      ],
      [
        287.1377609661997,
        725.3424749350272
      ],
      [
        534.9768766855113,
        919.6207747624882
      ],
      [
        85.62497425238335,
        478.6566370575052
      ],
      [
        888.5701802105167,
        541.2151450813285
      ]
    ],
    "delivery": [
      0.7314239997606506,
      0.0,
      0.0,
      1.4277777559359222,
      1.5311149927360372,
      0.5406391034862097,
      0.0,
      0.0,
      1.5276150647437359,
      0.0,
      0.5750692858435352,
      0.5267165569112228,
      0.0,
      0.0,
      1.4487281527466567,
      0.0,
      0.0,
      0.987998798549343,
      0.0,
      1.276718564644675,
      1.6809390116396794,
      1.2937002142592617,
      0.0,
      0.6802350637663103,
      1.2202206446244181,
      0.0,
      0.0,
      0.8188379405467028,
      0.0,
      0.0,
      0.0,
      0.0,
      1.5028489167201178,
      1.1315686216053686,
      0.0,
      0.0,
      0.0,
      1.1361853408505442,
      0.0,
      0.0
    ],
    "pickup": [
      0.0,
      1.6723968399557676,
      0.9536077712718438,
      0.0,
      0.0,
      0.0,
      1.222912226772113,
      1.4370840602092643,
      0.0,
      1.6457420378207903,
      0.0,
      0.0,
      0.9625431348203026,
      1.4636272905885515,
      0.0,
      1.5433289644564954,
      0.9608940931026289,
      0.0,
      1.4047606331099676,
      0.0,
      0.0,
      0.0,
      1.3725675279182583,
      0.0,
      0.0,
      1.926638289680502,
      0.8806754395215961,
      0.0,
      1.3417336204084354,
      1.6108172474846387,
      1.6184815045934924,
      1.0697871366512346,
      0.0,
      0.0,
      1.3857023713275156,
      1.2839294288080216,
      1.2100996386529805,
      0.0,
      0.6225611182042046,
      1.3945066503576864
    ],
    "service_duration_s": [
      60.0,
      60.0,
      60.0,
      60.0,
      60.0,
      60.0,
      60.0,
      60.0,
      60.0,
      60.0,
      60.0,
      60.0,
      60.0,
      60.0,
      60.0,
      60.0,
      60.0,
      60.0,
      60.0,
      60.0,
      60.0,
      60.0,
      60.0,
      60.0,
      60.0,
      60.0,
      60.0,
      60.0,
      60.0,
      60.0,
      60.0,
      60.0,
      60.0,
      60.0,
      60.0,
      60.0,
      60.0,
      60.0,
      60.0,
      60.0
    ],
    "tw_early_s": [
      632.8717363105837,
      318.3582424655491,
      93.84291981248393,
      612.6054034176155,
      283.2858615918206,
      443.9474743365531,
      372.54215340466016,
      0.0,
      204.87133272056064,
      285.03222431393897,
      0.0,
      864.8851995439652,
      1013.315055794659,
      0.0,
      216.36347049912217,
      568.6055859355845,
      188.86285957297247,
      70.23138290676377,
      900.1515503687232,
      683.7023255498034,
      1029.3619445096576,
      656.4115802744576,
      882.9582621079469,
      799.4421458420796,
      1036.528823065651,
      71.52389985245597,
      2.8894497965669785,
      938.0672096689234,
      0.0,
      818.4835727383971,
      747.9685756590785,
      420.50964821510036,
      780.0262703110436,
      376.28413303391363,
      539.2303465299517,
      454.4910852128496,
      964.0054418959887,
      712.002984808182,
      0.0,
      510.755250168654
    ],
    "tw_late_s": [
      872.8717363105837,
      558.3582424655491,
      333.84291981248396,
      852.6054034176155,
      523.2858615918205,
      683.9474743365531,
      612.5421534046602,
      138.26319608292314,
      444.87133272056064,
      525.032224313939,
      230.8180335824904,
      1104.8851995439652,
      1253.315055794659,
      234.64746660724154,
      456.3634704991222,
      808.6055859355845,
      428.86285957297247,
      310.23138290676377,
      1140.1515503687233,
      923.7023255498034,
      1269.3619445096576,
      896.4115802744576,
      1122.958262107947,
      1039.4421458420798,
      1276.528823065651,
      311.523899852456,
      242.88944979656696,
      1178.0672096689234,
      167.19417424738202,
      1058.483572738397,
      987.9685756590785,
      660.5096482151004,
      1020.0262703110436,
      616.2841330339136,
      779.2303465299517,
      694.4910852128496,
      1204.0054418959887,
      952.002984808182,
      161.4924331782354,
      750.755250168654
    ],
    "bs_xy": [
      [
        506.4227402876963,
        58.16126588710369
      ],
      [
        294.0410119199666,
        746.6036917919739
      ],
      [
        5.41950181497719,
        155.77713324519038
      ],
      [
        293.7065690754508,
        886.3714008587524
      ],
      [
        251.4037835075962,
        715.7958044263951
      ],
      [
        723.1193157291634,
        498.92769203492526
      ],
      [
        277.1201232099165,
        526.6793842797897
      ]
    ],
    "speed_mps": 10.0,
    "capacity_kg": 6.0,
    "altitude_m": 100.0
  }
}