{
  "spec": {
    "run_id": "seed10_N40_M3_D2_B4_K10_lo0.5_lt1.0_twA",
    "seed": 10,
    "n_clients": 40,
    "num_uavs": 3,
    "delta_min": 2,
    "bs_count": 4,
    "edge_samples": 10,
    "lambda_out": 0.5,
    "lambda_tw": 1.0,
    "tw_family": "A",
    "tw_mode": "soft"
  },
  "scenario": {
    "depot_xy": [
      500.0,
      500.0
    ],
    "client_xy": [
      [
        673.6082253160976,
        618.7628144288153
      ],
      [
        591.134712902303,
        575.8641736391996
      ],
      [
        823.0721047860479,
        949.7328903025272
      ],
      [
        849.4703399244497,
        819.2971428989679
      ],
      [
        410.26162458181136,
        639.6077838590627
      ],
      [
        86.97861471342583,
        878.9643741240117
      ],
      [
        164.22342130551826,
        940.5107466314194
      ],
      [
        729.003465732654,
        939.0457825231704
      ],
      [
        357.6783313551379,
        473.71695325001264
      ],
      [
        603.5507376757042,
        256.87248924160923
      ],
      [
        156.91497099562147,
        358.5014847259094
      ],
      [
        59.92067511019583,
        680.6762882023884
      ],
      [
        887.9377602775477,
        210.35158027931988
      ],
      [
        163.5129438315982,
        199.23489706964136
      ],
      [
        87.58000052249338,
        42.99663817711297
      ],
      [
        678.4662495143809,
        252.17893773173495
      ],
      [
        613.6595806407723,
        432.1466499587624
      ],
      [
        692.5376184334817,
        773.241806139195
      ],
      [
        536.5855402585509,
        725.7149323924235
      ],
      [
        168.0311576887823,
        596.9244178677412
      ],
      [
        328.43454551867654,
        409.0233116694426
      ],
      [
        281.49906126478174,
        928.8994837369293
      ],
      [
        695.0490062101778,
        494.978962358393
      ],
      [
        602.2414036853038,
        315.72020468141335
      ],
      [
        521.9485653593588,
        112.04503755404093
      ],
      [
        197.34271267748647,
        276.3845030170895
      ],
      [
        407.99364227491463,
        836.7539785761606
      ],
      [
        344.4629059388503,
        828.0199917911797
      ],
      [
        949.4654376151107,
        273.84570663328765
      ],
      [
        161.54092959987366,
        274.0970665585543
      ],
      [
        452.2509403870265,
        732.9817622617103
      ],
      [
        956.8993530699925,
        837.8459225504912
      ],
      [
        239.12366357803072,
        373.95257636229684
      ],
      [
        690.333284018028,
        297.10004183893733
      ],
      [
        461.119372470018,
        610.1131931817052
      ],
      [
        233.34808103875937,
        827.085249742156
      ],
      [
        222.1987111940734,
        634.2481424276596
      ],
      [
        287.42673414471386,
        786.7345690753467
      ],
      [
        298.83334983736745,
        51.070595560466444
      ],
      [
        936.465428943007,
        914.534177983942
      ]
    ],
    "delivery": [
      1.7441317748962442,
      0.8794962514062431,
      0.0,
      0.0,
      1.3226948518290438,
      0.0,
      0.0,
      1.4285898934793262,
      0.0,
      0.8224405107419105,
      1.4411063636641677,
      1.0998141831940205,
      0.0,
      0.0,
      1.1118830841797935,
      1.536111772727267,
      1.7094530262292973,
      0.0,
      0.8487216681161922,
      0.9391189623751279,
      0.0,
      1.62143614577181,
      0.0,
      0.0,
      0.0,
      1.1002944090992952,
      0.0,
      1.1735739079678706,
      0.0,
      1.984883659822579,
      0.0,
      0.5619993831049375,
      0.0,
      0.0,
      1.7642635117606926,
      1.1377953922509951,
      0.0,
      0.0,
      0.0,
      1.788107805778358
    ],
    "pickup": [
      0.0,
      0.0,
      1.455111775509761,
      1.9533666427915222,
      0.0,
      1.6064793166706663,
      1.8019420316502317,
      0.0,
      0.5336536608574496,
      0.0,
      0.0,
      0.0,
      1.605940654804823,
      1.3958092673706766,
      0.0,
      0.0,
      0.0,
      1.2669985308541873,
      0.0,
      0.0,
      1.5574992398032375,
      0.0,
      1.7688214786668581,
      1.645976397885806,
      0.8986628908835413,
      0.0,
      1.7371609327207653,
      0.0,
      1.4481601200225838,
      0.0,
      1.9484332905332418,
      0.0,
      1.6050843149553466,
      1.0706788378259051,
      0.0,
      0.0,
      1.5500270918004087,
      0.9761483720188076,
      1.7783699028866473,
      0.0
    ],
    "service_duration_s": [
      60.0,
      60.0,
      60.0,
      60.0,
      60.0,
      60.0,
      60.0,
      60.0,
      60.0,
      60.0,
      60.0,
      60.0,
      60.0,
      60.0,
      60.0,
      60.0,
      60.0,
      60.0,
      60.0,
      60.0,
      60.0,
      60.0,
      60.0,
      60.0,
      60.0,
      60.0,
      60.0,
      60.0,
      60.0,
      60.0,
      60.0,
      60.0,
      60.0,
      60.0,
      60.0,
      60.0,
      60.0,
      60.0,
      60.0,
      60.0
    ],
    "tw_early_s": [
      384.8838217114311,
      422.5618320843066,
      526.5587377770161,
      471.5561857329227,
      762.6106628166466,
      855.7510878231699,
      847.6244026056713,
      606.4983008385333,
      0.0,
      185.68385858718779,
      0.0,
      931.0842218623875,
      255.01049821323937,
      48.25770617067383,
      69.82970195878721,
      226.15488238923007,
      305.28294600652384,
      547.9112990369074,
      622.9261128707702,
      945.0966243914133,
      0.0,
      775.8394982132463,
      349.39346173805046,
      164.55972561573833,
      145.1464803956792,
      0.0,
      700.1896825126503,
      706.6452016849071,
      341.26649037589925,
      0.0,
      632.2749109981125,
      457.67141096388013,
      0.0,
      255.24914286818455,
      696.7315120280673,
      848.3878236577683,
      938.794567342376,
      773.6862321647128,
      64.29859513637126,
      525.6078042105971
    ],
    "tw_late_s": [
      624.8838217114311,
      662.5618320843066,
      766.5587377770161,
      711.5561857329227,
      1002.6106628166466,
      1095.7510878231699,
      1087.6244026056713,
      846.4983008385333,
      134.47282139471082,
      425.6838585871878,
      157.11188043628445,
      1171.0842218623875,
      495.0104982132394,
      288.2577061706738,
      309.8297019587872,
      466.15488238923007,
      545.2829460065238,
      787.9112990369074,
      862.9261128707702,
      1185.0966243914133,
      201.57244551927127,
      1015.8394982132463,
      589.3934617380505,
      404.55972561573833,
      385.1464803956792,
      219.58691645513022,
      940.1896825126503,
      946.6452016849071,
      581.2664903758993,
      225.56498950879617,
      872.2749109981125,
      697.6714109638801,
      148.97316273910238,
      495.24914286818455,
      936.7315120280673,
      1088.3878236577684,
      1178.794567342376,
      1013.6862321647128,
      304.29859513637126,
      765.6078042105971
    ],
    "bs_xy": [
      [
        615.042904053014,
        316.543474260346
      ],
      [
        675.6066044791487,
        38.117341384217404
      ],
      [
        828.9053132714153,
        325.07925870805065
      ],
      [
        798.9795040845873,
        902.4874824919033
      ]
    ],
    "speed_mps": 10.0,
    "capacity_kg": 6.0,
    "altitude_m": 100.0
  }
}