{
  "spec": {
    "run_id": "seed6_N20_M3_D5_B7_K10_lo0.5_lt5.0_twA",
    "seed": 6,
    "n_clients": 20,
    "num_uavs": 3,
    "delta_min": 5,
    "bs_count": 7,
    "edge_samples": 10,
    "lambda_out": 0.5,
    "lambda_tw": 5.0,
    "tw_family": "A",
    "tw_mode": "soft"
  },
  "scenario": {
    "depot_xy": [
      500.0,
      500.0
    ],
    "client_xy": [
      [
        42.8285754984643,
        335.6278694984894
      ],
      [
        300.18713833192714,
        127.96622318709649
      ],
      [
        151.556733124396,
        356.57522495350315
      ],
      [
        349.2136372754225,
        820.9171042637246
      ],
      [
        380.1908150466962,
        213.4227185100519
      ],
      [
        289.7241621808553,
        488.445029648508
      ],
      [
        477.4866926576258,
        946.162736277816
      ],
      [
        397.5468152589474,
        278.73494765714867
      ],
      [
        118.0248590729217,
        157.11964189000372
      ],
      [
        774.3285409589059,
        743.1311009768378
      ],
      [
        960.2406004955643,
        991.9377131547726
      ],
      [
        391.09082718183475,
        810.5035424684704
      ],
      [
        344.65583595334704,
        38.031601838352415
      ],
      [
        776.420713016095,
        460.1504632929843
      ],
      [
        537.526030291691,
        750.9470632413378
      ],
      [
        923.6589393548568,
        255.8190607646482
      ],
      [
        10.380194475841042,
        558.8712283964453
      ],
      [
        379.1049469585176,
        622.9664553730096
      ],
      [
        913.0806847281559,
        37.70703341557691
      ],
      [
        271.68730587665146,
        855.5981127304373
      ]
    ],
    "delivery": [
      0.5451400267757246,
      0.0,
      0.0,
      0.9447039449930301,
      0.0,
      0.0,
      0.9535781045412257,
      0.0,
      0.0,
      0.0,
      1.7199951418783823,
      0.0,
      0.0,
      0.0,
      1.1571416472136746,
      0.0,
      0.0,
      0.0,
      1.418014862296199,
      0.0
    ],
    "pickup": [
      0.0,
      1.3831151531911512,
      1.9285098743939626,
      0.0,
      0.5965281459031164,
      1.8348150047631746,
      0.0,
      1.2459719844405772,
      1.67999817356234,
      0.6665662296579788,
      0.0,
      0.749120986419763,
      1.0452489370552325,
      0.8975540952796582,
      0.0,
      1.5319772196680874,
      1.2698982588573835,
      1.1378944691136557,
      0.0,
      1.0088421771856115
    ],
    "service_duration_s": [
      60.0,
      60.0,
      60.0,
      60.0,
      60.0,
      60.0,
      60.0,
      60.0,
      60.0,
      60.0,
      60.0,
      60.0,
      60.0,
      60.0,
      60.0,
      60.0,
      60.0,
      60.0,
      60.0,
      60.0
    ],
    "tw_early_s": [
      0.0,
      0.0,
      0.0,
      209.79012388569566,
      0.0,
      0.0,
      168.2489151183063,
      0.0,
      0.0,
      72.28547147953475,
      153.40548671386694,
      273.1423951336785,
      0.0,
      32.066777423453516,
      129.7009815435776,
      19.70278063542861,
      312.6242391466027,
      351.9343669197839,
      0.0,
      250.73342948657842
    ],
    "tw_late_s": [
      348.58229190418757,
      441.65142996559814,
      337.6806815660335,
      809.7901238856957,
      505.1908505672684,
      321.0593079920417,
      768.2489151183063,
      423.4818887622359,
      418.3764840991741,
      672.2854714795347,
      753.4054867138669,
      873.1423951336785,
      511.6842267767009,
      632.0667774234535,
      729.7009815435777,
      619.7027806354286,
      912.6242391466027,
      951.9343669197839,
      540.3914333056196,
      850.7334294865784
    ],
    "bs_xy": [
      [
        42.3314321449112,
        473.967685780314
      ],
      [
        830.667406976069,
        678.6561082620963
      ],
      [
        856.1941857111468,
        745.3654763227476
      ],
      [
        743.3995337607588,
        563.2051624469965
      ],
      [
        506.4675841701923,
        796.759111866144
      ],
      [
        65.26871331521767,
        960.2455123788419
      ],
      [
        604.1894899330013,
        916.6230094549835
      ]
    ],
    "speed_mps": 10.0,
    "capacity_kg": 6.0,
    "altitude_m": 100.0
  }
}