{
  "spec": {
    "run_id": "seed5_N20_M3_D2_B10_K10_lo1.0_lt1.0_twA",
    "seed": 5,
    "n_clients": 20,
    "num_uavs": 3,
    "delta_min": 2,
    "bs_count": 10,
    "edge_samples": 10,
    "lambda_out": 1.0,
    "lambda_tw": 1.0,
    "tw_family": "A",
    "tw_mode": "soft"
  },
  "scenario": {
    "depot_xy": [
      500.0,
      500.0
    ],
    "client_xy": [
      [
        877.3084494868878,
        466.06875827439353
      ],
      [
        246.66944360210442,
        811.5902634584454
      ],
      [
        928.4812855927356,
        882.2339684333577
      ],
      [
        923.5297941790376,
        257.56334279885795
      ],
      [
        367.3196828036264,
        979.8772233494215
      ],
      [
        541.0314947889129,
        217.16642062147574
      ],
      [
        997.7693122062265,
        167.04358879219473
      ],
      [
        255.22828226883988,
        813.411756685257
      ],
      [
        266.5240015101783,
        128.5511295378281
      ],
      [
        78.4634869131492,
        688.0735142992503
      ],
      [
        691.994494886477,
        910.4584799562562
      ],
      [
        497.7612322787509,
        440.3818838804604
      ],
      [
        591.1306974000308,
        937.770597416451
      ],
      [
        124.96644889931186,
        985.6332142623696
      ],
      [
        408.1708171847215,
        779.2515686743188
      ],
      [
        280.4741725107535,
        77.38057758395279
      ],
      [
        949.4299843894136,
        193.20576310881245
      ],
      [
        786.612887158399,
        125.32001974401553
      ],
      [
        901.480973113944,
        318.29853780104986
      ],
      [
        551.3446581643043,
        99.6674435334689
      ]
    ],
    "delivery": [
      0.0,
      0.0,
      0.0,
      0.0,
      0.0,
      1.4604619589166636,
      0.0,
      1.7040398976600934,
      0.0,
      0.0,
      0.0,
      0.6396827651084449,
      1.154060222632159,
      1.3995491748333153,
      1.1950913125932199,
      0.0,
      1.8653679652959323,
      1.8688799996485517,
      0.0,
      0.0
    ],
    "pickup": [
      0.6641271210179744,
      1.335181902684947,
      0.5549499760222223,
      1.3447493561038733,
      1.6023445113309287,
      0.0,
      1.1811645495927703,
      0.0,
      1.4698175799830289,
      1.2301471075531287,
      0.8420707713335416,
      0.0,
      0.0,
      0.0,
      0.0,
      1.1480512621739685,
      0.0,
      0.0,
      0.8617456172978266,
      0.6099065506018986
    ],
    "service_duration_s": [
      60.0,
      60.0,
      60.0,
      60.0,
      60.0,
      60.0,
      60.0,
      60.0,
      60.0,
      60.0,
      60.0,
      60.0,
      60.0,
      60.0,
      60.0,
      60.0,
      60.0,
      60.0,
      60.0,
      60.0
    ],
    "tw_early_s": [
      215.37766802657637,
      477.342118180806,
      190.2137434369398,
      67.7447184887451,
      307.17307539189216,
      17.19199217691346,
      123.1399771305235,
      387.24176584881235,
      0.0,
      527.5288008695462,
      309.60301519108316,
      0.0,
      330.5501549054081,
      437.41164620386974,
      400.871391163029,
      0.0,
      113.39399964544455,
      0.0,
      186.7907567017242,
      12.501293182710782
    ],
    "tw_late_s": [
      455.3776680265764,
      717.342118180806,
      430.2137434369398,
      307.7447184887451,
      547.1730753918921,
      257.19199217691346,
      363.1399771305235,
      627.2417658488123,
      163.87314728150267,
      767.5288008695462,
      549.6030151910832,
      125.96601361928768,
      570.5501549054081,
      677.4116462038697,
      640.871391163029,
      167.62339395067426,
      353.3939996454445,
      228.7093472234701,
      426.7907567017242,
      252.50129318271078
    ],
    "bs_xy": [
      [
        889.9923290058296,
        401.49282059487246
      ],
      [
        912.7780798865078,
        827.1329609198555
      ],
      [
        416.2839586271715,
        399.9740560224011
      ],
      [
        282.6500322978709,
        89.37113236886319
      ],
      [
        19.021891095591602,
        227.3944349995881
      ],
      [
        487.288661138334,
        440.09351416745625
      ],
      [
        486.0181534307424,
        470.8853441412919
      ],
      [
        244.50147368457831,
        952.2873281201905
      ],
      [
        263.20097874929735,
        183.37017507985487
      ],
      [
        863.9533947884293,
        419.46025319393885
      ]
    ],
    "speed_mps": 10.0,
    "capacity_kg": 6.0,
    "altitude_m": 100.0
  }
}