{
  "spec": {
    "run_id": "seed1_N20_M3_D10_B7_K10_lo0.0_lt5.0_twA",
    "seed": 1,
    "n_clients": 20,
    "num_uavs": 3,
    "delta_min": 10,
    "bs_count": 7,
    "edge_samples": 10,
    "lambda_out": 0.0,
    "lambda_tw": 5.0,
    "tw_family": "A",
    "tw_mode": "soft"
  },
  "scenario": {
    "depot_xy": [
      500.0,
      500.0
    ],
    "client_xy": [
      [
        847.3258790296832,
        684.1796126594705
      ],
      [
        814.8308659952876,
        220.71120105919394
      ],
      [
        883.5959774135052,
        561.8390198705376
      ],
      [
        363.8302006643274,
        414.6718390142902
      ],
      [
        504.18141943531094,
        267.85607994271766
      ],
      [
        578.5437262685202,
        614.953873359585
      ],
      [
        249.24559606085782,
        464.84119501149115
      ],
      [
        155.39884439574647,
        677.0535571027393
      ],
      [
        4.259154246519681,
        247.27455935367814
      ],
      [
        378.7446471246857,
        723.0683664226059
      ],
      [
        658.9674063538314,
        311.8698251765656
      ],
      [
        146.24447198823242,
        96.25234972388074
      ],
      [
        84.92713256221529,
        421.1396422169782
      ],
      [
        257.9209011227024,
        20.053020838479153
      ],
      [
        10.600743400093648,
        991.7595682240385
      ],
      [
        158.96985847079392,
        41.79220185761356
      ],
      [
        692.389671680381,
        972.9099021736394
      ],
      [
        851.071090190146,
        327.8305047093829
      ],
      [
        806.7331049750615,
        356.6777806573923
      ],
      [
        660.4277538230663,
        727.8987018325495
      ]
    ],
    "delivery": [
      0.0,
      1.1280486843887385,
      0.0,
      1.8840325920184093,
      0.0,
      0.0,
      0.5399638612603038,
      1.6031120155541625,
      0.0,
      1.1410529371214881,
      0.0,
      1.3516741406194202,
      1.4564354287533772,
      0.0,
      1.9423759936589118,
      0.0,
      0.0,
      0.0,
      1.0232290720454356,
      0.0
    ],
    "pickup": [
      1.6828105593075415,
      0.0,
      0.7657032191821826,
      0.0,
      1.4357564542194976,
      1.6893409978763305,
      0.0,
      0.0,
      1.102048800102136,
      0.0,
      1.8164692736149923,
      0.0,
      0.0,
      0.5142414092887602,
      0.0,
      1.4596647361647825,
      1.1487172994378145,
      0.5476181895818825,
      0.0,
      1.4289092147998315
    ],
    "service_duration_s": [
      60.0,
      60.0,
      60.0,
      60.0,
      60.0,
      60.0,
      60.0,
      60.0,
      60.0,
      60.0,
      60.0,
      60.0,
      60.0,
      60.0,
      60.0,
      60.0,
      60.0,
      60.0,
      60.0,
      60.0
    ],
    "tw_early_s": [
      0.0,
      0.0,
      0.0,
      0.0,
      0.0,
      0.0,
      0.0,
      39.92454425253618,
      0.0,
      0.0,
      0.0,
      0.0,
      0.0,
      0.0,
      31.803845585677777,
      0.0,
      0.0,
      0.0,
      0.0,
      0.0
    ],
    "tw_late_s": [
      1025.8472411842727,
      917.8833920873162,
      1012.6823618012811,
      697.829360613575,
      835.0067580827351,
      1103.6465449149669,
      625.3207252390398,
      1239.9245442525362,
      655.6443289561707,
      1121.7079783468757,
      858.1933679442457,
      735.3120860759341,
      642.2497859536224,
      798.6877491510431,
      1231.8038455856777,
      741.3656044384852,
      1118.614665317201,
      930.2103623445846,
      933.6343700371773,
      1033.535526423157
    ],
    "bs_xy": [
      [
        302.88142392617755,
        832.5365426866972
      ],
      [
        637.9107041236033,
        678.9297102478062
      ],
      [
        338.5991406560274,
        472.3012346329141
      ],
      [
        693.2539280100781,
        603.682933253929
      ],
      [
        359.6068829848107,
        979.6502455390537
      ],
      [
        763.8082787639313,
        424.40709971914015
      ],
      [
        547.9040897060984,
        311.8635899086095
      ]
    ],
    "speed_mps": 10.0,
    "capacity_kg": 6.0,
    "altitude_m": 100.0
  }
}