{
  "spec": {
    "run_id": "seed9_N20_M3_D10_B4_K10_lo0.5_lt0.0_twA",
    "seed": 9,
    "n_clients": 20,
    "num_uavs": 3,
    "delta_min": 10,
    "bs_count": 4,
    "edge_samples": 10,
    "lambda_out": 0.5,
    "lambda_tw": 0.0,
    "tw_family": "A",
    "tw_mode": "soft"
  },
  "scenario": {
    "depot_xy": [
      500.0,
      500.0
    ],
    "client_xy": [
      [
        893.2619636690594,
        854.5175711880433
      ],
      [
        191.5587671360287,
        909.5356417529019
      ],
      [
        931.4988498349538,
        233.60116982478684
      ],
      [
        199.8766390224298,
        778.1147638618808
      ],
      [
        823.7453704022475,
        385.2419538677354
      ],
      [
        865.8672009438325,
        920.0279741466064
      ],
      [
        271.85821922579447,
        754.1715091527609
      ],
      [
        305.26971897567836,
        324.0858809146533
      ],
      [
        869.888883889687,
        174.5901565411976
      ],
      [
        872.3676704804644,
        610.076098270144
      ],
      [
        564.1541837952234,
        0.5388752215250703
      ],
      [
        970.9520775037846,
        779.813513535658
      ],
      [
        183.87669286826147,
        531.3717907559347
      ],
      [
        541.170190323646,
        849.6661174415318
      ],
      [
        312.29858514553655,
        211.53725559958025
      ],
      [
        593.6935564232451,
        373.84891240646647
      ],
      [
        534.1689957010568,
        692.4383834659832
      ],
      [
        855.7578581225459,
        912.7615830612351
      ],
      [
        509.9290515755695,
        882.1565985282417
      ],
      [
        377.05245850211634,
        557.2835896516852
      ]
    ],
    "delivery": [
      1.267742166623494,
      0.7006914561417799,
      0.0,
      0.7759866138074362,
      0.0,
      1.4086519620455173,
      0.0,
      0.0,
      0.0,
      0.0,
      1.3446211941627153,
      0.0,
      0.0,
      0.0,
      1.1400766587639175,
      1.6545424539393208,
      0.0,
      1.3852305071481514,
      0.0,
      1.4525784360148646
    ],
    "pickup": [
      0.0,
      0.0,
      0.6088752635992026,
      0.0,
      1.803800025691173,
      0.0,
      1.3660779265414564,
      0.8645898258954878,
      1.5327778607460816,
      0.8158553952105598,
      0.0,
      1.2665150616535066,
      1.2110413343117776,
      1.3241416815234923,
      0.0,
      0.0,
      0.5043584958167315,
      0.0,
      1.6953710274430378,
      0.0
    ],
    "service_duration_s": [
      60.0,
      60.0,
      60.0,
      60.0,
      60.0,
      60.0,
      60.0,
      60.0,
      60.0,
      60.0,
      60.0,
      60.0,
      60.0,
      60.0,
      60.0,
      60.0,
      60.0,
      60.0,
      60.0,
      60.0
    ],
    "tw_early_s": [
      0.0,
      0.0,
      0.0,
      0.0,
      0.0,
      0.0,
      0.0,
      0.0,
      0.0,
      0.0,
      0.0,
      0.0,
      10.59978310126894,
      0.0,
      0.0,
      0.0,
      0.0,
      0.0,
      0.0,
      5.7524056460262045
    ],
    "tw_late_s": [
      905.9838330873906,
      1105.9416762196347,
      753.860485431434,
      1133.637534393516,
      798.5441701721907,
      944.8480956506789,
      1126.6455635360428,
      626.2422673641942,
      750.2967926235358,
      853.8460922535539,
      650.3564469023987,
      868.624020890315,
      1210.599783101269,
      1038.0714217311108,
      634.4154872180228,
      715.5107947120529,
      1005.3814754961327,
      946.2151826965832,
      1040.9332224620957,
      1205.752405646026
    ],
    "bs_xy": [
      [
        576.4413669416247,
        832.656545995234
      ],
      [
        314.26760328130143,
        944.1639483500353
      ],
      [
        951.1249481060875,
        83.12533080550999
      ],
      [
        9.814678223130201,
        307.2184791966145
      ]
    ],
    "speed_mps": 10.0,
    "capacity_kg": 6.0,
    "altitude_m": 100.0
  }
}