{
  "spec": {
    "run_id": "seed8_N20_M3_D10_B10_K10_lo0.0_lt0.0_twA",
    "seed": 8,
    "n_clients": 20,
    "num_uavs": 3,
    "delta_min": 10,
    "bs_count": 10,
    "edge_samples": 10,
    "lambda_out": 0.0,
    "lambda_tw": 0.0,
    "tw_family": "A",
    "tw_mode": "soft"
  },
  "scenario": {
    "depot_xy": [
      500.0,
      500.0
    ],
    "client_xy": [
      [
        171.83331781352706,
        307.6132087760316
      ],
      [
        257.8621519598663,
        356.74541900928256
      ],
      [
        350.6891781618755,
        798.7778788752089
      ],
      [
        294.96773093764926,
        972.118366280394
      ],
      [
        638.1433062449971,
        387.22641314606585
      ],
      [
        103.60119863850959,
        809.1380252591647
      ],
      [
        707.4680420133857,
        251.7219691390089
      ],
      [
        436.3238460409914,
        643.536693200749
      ],
      [
        233.92462455255213,
        570.3452994451285
      ],
      [
        157.1748851830944,
        229.34061568295627
      ],
      [
        984.2822895782173,
        611.1543280296817
      ],
      [
        744.7477518224401,
        718.9448522313829
      ],
      [
        637.2694598892149,
        923.0856180421032
      ],
      [
        418.72198444304365,
        499.48779693031344
      ],
      [
        581.071401154602,
        105.9157155064172
      ],
      [
        516.0627890192818,
        788.3771344252582
      ],
      [
        587.7949774841786,
        963.5595044767732
      ],
      [
        784.4680201618461,
        740.1549590286176
      ],
      [
        819.9468970029804,
        899.2485181976842
      ],
      [
        219.0265409048674,
        918.5608202690406
      ]
    ],
    "delivery": [
      0.8361281407442368,
      1.2530728727183815,
      0.0,
      0.0,
      1.1034099025232504,
      1.3401465962627799,
      1.3170642909106942,
      0.7628095979025461,
      1.6701326561502186,
      0.0,
      1.8208463417918221,
      0.8529018615414391,
      1.7139348788938398,
      0.0,
      1.301266716538763,
      0.0,
      0.0,
      0.0,
      0.0,
      1.4890786055141918
    ],
    "pickup": [
      0.0,
      0.0,
      1.5068030535239523,
      0.6351133559490769,
      0.0,
      0.0,
      0.0,
      0.0,
      0.0,
      0.6314896993870351,
      0.0,
      0.0,
      0.0,
      1.9898751291474512,
      0.0,
      1.3219298793311818,
      1.232273327982798,
      1.0953029037870263,
      1.1606992585366822,
      0.0
    ],
    "service_duration_s": [
      60.0,
      60.0,
      60.0,
      60.0,
      60.0,
      60.0,
      60.0,
      60.0,
      60.0,
      60.0,
      60.0,
      60.0,
      60.0,
      60.0,
      60.0,
      60.0,
      60.0,
      60.0,
      60.0,
      60.0
    ],
    "tw_early_s": [
      0.0,
      0.0,
      0.0,
      0.0,
      0.0,
      0.0,
      0.0,
      0.0,
      16.044743648915755,
      0.0,
      0.0,
      0.0,
      0.0,
      0.0,
      0.0,
      0.0,
      0.0,
      0.0,
      0.0,
      0.0
    ],
    "tw_late_s": [
      638.0402482555953,
      628.134074079012,
      1130.3902305323772,
      1021.8110814621114,
      816.3513299037973,
      1192.8294195228882,
      734.304993648961,
      1095.6638223564173,
      1216.0447436489158,
      705.7293438602469,
      868.3054868300055,
      911.1940666858115,
      927.2315088732214,
      608.1279629458195,
      743.6645496363203,
      1053.820195332315,
      1000.257876048249,
      843.7515084146517,
      961.4723955887991,
      1091.1038071539379
    ],
    "bs_xy": [
      [
        466.84667226895203,
        479.6616585203557
      ],
      [
        106.2493533687564,
        492.05126301265034
      ],
      [
        27.15867308686837,
        40.931116489847156
      ],
      [
        12.25192153890642,
        695.6358726403331
      ],
      [
        456.1881996064098,
        147.5906673202395
      ],
      [
        599.0065218124352,
        905.5330697837862
      ],
      [
        556.7134641801733,
        530.2127647530724
      ],
      [
        13.00968495801358,
        991.7485200878156
      ],
      [
        595.3627353744796,
        876.3308424183887
      ],
      [
        277.41451803015474,
        512.3421056351433
      ]
    ],
    "speed_mps": 10.0,
    "capacity_kg": 6.0,
    "altitude_m": 100.0
  }
}