{
  "spec": {
    "run_id": "seed8_N40_M3_D10_B10_K10_lo0.0_lt0.0_twA",
    "seed": 8,
    "n_clients": 40,
    "num_uavs": 3,
    "delta_min": 10,
    "bs_count": 10,
    "edge_samples": 10,
    "lambda_out": 0.0,
    "lambda_tw": 0.0,
    "tw_family": "A",
    "tw_mode": "soft"
  },
  "scenario": {
    "depot_xy": [
      500.0,
      500.0
    ],
    "client_xy": [
      [
        708.0101897418062,
        761.6426040938335
      ],
      [
        602.7895383658555,
        17.428203773645734
      ],
      [
        231.96631310467075,
        149.98416811286685
      ],
      [
        172.16831285652435,
        941.7565367303425
      ],
      [
        137.5546310069624,
        289.722588463177
      ],
      [
        204.71752765581786,
        471.38654810743196
      ],
      [
        792.3510381807611,
        722.6283402104993
      ],
      [
        556.0137236519589,
        742.0265538060581
      ],
      [
        938.7674800155237,
        934.0000343203193
      ],
      [
        320.30325654657867,
        901.6278042395456
      ],
      [
        107.43750709223521,
        333.0767534151138
      ],
      [
        95.72367024391414,
        309.32067606032365
      ],
      [
        809.0730353887959,
        46.37780457042029
      ],
      [
        726.3435449079349,
        653.2621710831817
      ],
      [
        223.56549642930634,
        136.35401481456054
      ],
      [
        534.5490738671041,
        470.2427060329414
      ],
      [
        330.82271320455493,
        912.3446983517796
      ],
      [
        58.29067500480589,
        657.1315746956969
      ],
      [
        633.7174454420294,
        901.4550447596964
      ],
      [
        440.22270155017,
        443.3138883080462
      ],
      [
        659.4671321174299,
        550.9899480795408
      ],
      [
        863.3116930312083,
        483.9808989787191
      ],
      [
        118.80015112835196,
        148.66827662424276
      ],
      [
        3.0396834273990203,
        432.91079462268203
      ],
      [
        694.6822835428908,
        155.48996619805456
      ],
      [
        564.8868834182928,
        15.368958084145955
      ],
      [
        169.22101247493748,
        794.9006905350403
      ],
      [
        777.4473136641369,
        340.61225942482366
      ],
      [
        829.6200275903924,
        547.3409899924231
      ],
      [
        905.4170544725076,
        606.3757979758791
      ],
      [
        841.5577131222766,
        317.6838165072028
      ],
      [
        219.90519322147796,
        488.70924131940563
      ],
      [
        189.62356301863582,
        164.74140736217612
      ],
      [
        280.67829897163585,
        223.1422986689011
      ],
      [
        923.9658740719412,
        123.02790671561404
      ],
      [
        111.42909743933305,
        811.2252707569472
      ],
      [
        627.1237674698272,
        698.2432147813007
      ],
      [
        656.1037504745419,
        88.41782084596773
      ],
      [
        443.7558737080325,
        342.71361665051535
      ],
      [
        502.38429704818554,
        354.9169299341445
      ]
    ],
    "delivery": [
      0.5629545274257728,
      0.0,
      1.9966896757850585,
      0.0,
      1.694466759810986,
      1.061052960241696,
      1.3353626734203532,
      1.4665035353497913,
      1.9012025784115163,
      1.3656620552702319,
      0.0,
      0.0,
      0.5547446352921082,
      1.8356911105243303,
      0.0,
      0.0,
      0.0,
      0.0,
      0.0,
      0.7603386387711906,
      1.7402803584424373,
      1.3650448777268815,
      0.0,
      1.1973084438000796,
      0.0,
      0.0,
      1.760420310176059,
      0.0,
      0.6684613955547745,
      1.6712031092622661,
      0.0,
      0.0,
      1.5380149145661663,
      0.0,
      0.0,
      1.8897136317537764,
      0.8827493238599846,
      0.0,
      0.0,
      0.0
    ],
    "pickup": [
      0.0,
      1.9231519437881015,
      0.0,
      1.8126921098206363,
      0.0,
      0.0,
      0.0,
      0.0,
      0.0,
      0.0,
      1.3041732612616228,
      1.604953676476979,
      0.0,
      0.0,
      0.7680576623049157,
      1.8425789416091625,
      1.7724169659445832,
      1.473141356341892,
      1.4575200316598416,
      0.0,
      0.0,
      0.0,
      1.3280330084752368,
      0.0,
      0.5170462511641771,
      0.5572216787042218,
      0.0,
      1.242612259703331,
      0.0,
      0.0,
      1.420741203722151,
      1.6289809684392167,
      0.0,
      0.9864816780583612,
      1.5771542669344552,
      0.0,
      0.0,
      1.9272860307787911,
      1.9065946894586028,
      1.0857861161960678
    ],
    "service_duration_s": [
      60.0,
      60.0,
      60.0,
      60.0,
      60.0,
      60.0,
      60.0,
      60.0,
      60.0,
      60.0,
      60.0,
      60.0,
      60.0,
      60.0,
      60.0,
      60.0,
      60.0,
      60.0,
      60.0,
      60.0,
      60.0,
      60.0,
      60.0,
      60.0,
      60.0,
      60.0,
      60.0,
      60.0,
      60.0,
      60.0,
      60.0,
      60.0,
      60.0,
      60.0,
      60.0,
      60.0,
      60.0,
      60.0,
      60.0,
      60.0
    ],
    "tw_early_s": [
      237.48841862539666,
      0.0,
      0.0,
      416.0841296569979,
      0.0,
      0.0,
      220.76153623284904,
      312.81412093644747,
      220.15027153721894,
      402.1698144165033,
      0.0,
      0.0,
      0.0,
      166.49640781243625,
      0.0,
      0.0,
      394.0191899796956,
      506.74020334817874,
      310.82839076555354,
      0.0,
      112.74716926551469,
      31.289579075670986,
      0.0,
      0.0,
      0.0,
      0.0,
      473.9962279610288,
      10.381657064147248,
      91.70271710358293,
      144.54470003829567,
      54.97764478384124,
      0.0,
      0.0,
      0.0,
      0.0,
      484.92965457473633,
      297.46323834035354,
      0.0,
      0.0,
      0.0
    ],
    "tw_late_s": [
      1437.4884186253967,
      1039.9582384944215,
      902.1353349637957,
      1616.084129656998,
      729.7929893512236,
      629.6665582942985,
      1420.761536232849,
      1512.8141209364476,
      1420.150271537219,
      1602.1698144165034,
      707.2339083015496,
      709.1973052938159,
      1120.7887354952868,
      1366.4964078124362,
      867.7571801419047,
      1138.3846253900847,
      1594.0191899796955,
      1706.7402033481787,
      1510.8283907655536,
      806.1613098792789,
      1312.7471692655147,
      1231.289579075671,
      785.7097292553857,
      650.1468361640193,
      1043.0700487857084,
      963.9701161134808,
      1673.9962279610288,
      1210.3816570641472,
      1291.702717103583,
      1344.5447000382956,
      1254.9776447838412,
      628.0322282410588,
      803.3323650053065,
      863.5285156081877,
      1173.8395208822512,
      1684.9296545747363,
      1497.4632383403537,
      1086.8306380282693,
      943.7501860302289,
      996.0651629780623
    ],
    "bs_xy": [
      [
        630.9046952317038,
        22.098723665977204
      ],
      [
        273.62560824722016,
        328.6788593777185
      ],
      [
        479.28718103167614,
        132.0365141346902
      ],
      [
        397.87885533136944,
        192.24970051045688
      ],
      [
        239.8938957233907,
        241.92806321234295
      ],
      [
        539.6671634030303,
        328.7572227698239
      ],
      [
        69.67325279848724,
        695.2919670618645
      ],
      [
        436.27826119407666,
        902.1181293481309
      ],
      [
        61.86840599134968,
        318.5173560721262
      ],
      [
        652.4490863065798,
        923.7254558213475
      ]
    ],
    "speed_mps": 10.0,
    "capacity_kg": 6.0,
    "altitude_m": 100.0
  }
}