{
  "spec": {
    "run_id": "seed10_N40_M3_D5_B4_K10_lo0.0_lt0.0_twA",
    "seed": 10,
    "n_clients": 40,
    "num_uavs": 3,
    "delta_min": 5,
    "bs_count": 4,
    "edge_samples": 10,
    "lambda_out": 0.0,
    "lambda_tw": 0.0,
    "tw_family": "A",
    "tw_mode": "soft"
  },
  "scenario": {
    "depot_xy": [
      500.0,
      500.0
    ],
    "client_xy": [
      [
        683.3943913738912,
        866.6014856810857
      ],
      [
        780.8843313317506,
        187.4299519252024
      ],
      [
        331.1089521476206,
        548.9841000033064
      ],
      [
        4.870892079452127,
        259.1362013826557
      ],
      [
        565.4552077865676,
        547.3160702555291
      ],
      [
        356.9964435514582,
        664.4882120405503
      ],
      [
        458.19966056037777,
        16.908855401734478
      ],
      [
        977.0270398849013,
        331.37784976641825
      ],
      [
        132.90763523281822,
        972.1646628648514
      ],
      [
        356.42756430530306,
        64.00110276165361
      ],
      [
        688.2691314420432,
        734.7819881443373
      ],
      [
        216.30837980642247,
        773.2264208325593
      ],
      [
        575.0185527204843,
        652.0907299553061
      ],
      [
        74.26350298672268,
        959.1840400173872
      ],
      [
        33.487356341998066,
        802.5306071175305
      ],
      [
        832.2576306794043,
        806.6650290983761
      ],
      [
        692.269324468112,
        480.13056670887045
      ],
      [
        138.9819433536591,
        805.3814344676605
      ],
      [
        680.6853686602916,
        352.6460310200138
      ],
      [
        766.7621786290229,
        119.84974235240176
      ],
      [
        349.2831321199664,
        279.74680897066685
      ],
      [
        771.9851217931742,
        954.7018951425808
      ],
      [
        521.5527074034617,
        326.3394427116497
      ],
      [
        447.0979673915235,
        535.8820340854813
      ],
      [
        889.3341361609495,
        538.6392506437284
      ],
      [
        673.774581127265,
        660.8740778516112
      ],
      [
        188.03851591418174,
        40.58348916621502
      ],
      [
        78.79977564716401,
        58.58566878164218
      ],
      [
        608.0630162192339,
        378.377404884231
      ],
      [
        565.4353063968009,
        947.5372494104099
      ],
      [
        815.6108351377748,
        718.6473723546762
      ],
      [
        921.3594393685479,
        120.6214830596991
      ],
      [
        204.93725298977338,
        135.5325952109645
      ],
      [
        853.1380845487647,
        900.9395645353083
      ],
      [
        941.6445733830282,
        89.98213422546797
      ],
      [
        273.9611710055595,
        845.9879585686373
      ],
      [
        520.467670444709,
        297.3718403487684
      ],
      [
        451.5537596071113,
        270.03605682918607
      ],
      [
        264.4693932215654,
        594.9769313728303
      ],
      [
        541.6646664374612,
        515.8038263283377
      ]
    ],
    "delivery": [
      1.7086324134591149,
      1.47141315654111,
      1.8162837754774224,
      0.0,
      0.0,
      1.2747079721170544,
      0.0,
      0.6690776696162897,
      0.0,
      0.0,
      1.1268149481719516,
      0.0,
      1.519513317635353,
      0.0,
      1.5344167592762252,
      1.5752651122247716,
      0.0,
      0.0,
      0.9277974624199181,
      0.0,
      1.1845601055677075,
      0.0,
      1.4820502452400053,
      0.0,
      1.2999972544472718,
      0.0,
      1.8439406530768698,
      0.774404419883821,
      0.9414267511083858,
      0.0,
      0.0,
      0.0,
      1.8675062681274315,
      1.7049643876708607,
      0.0,
      1.0448991263754004,
      0.6200032584468373,
      0.0,
      0.6444221350670737,
      1.4589186519071395
    ],
    "pickup": [
      0.0,
      0.0,
      0.0,
      1.017533018721016,
      1.0350015775148642,
      0.0,
      0.7079015723431272,
      0.0,
      1.9501112859978877,
      0.8863625792743965,
      0.0,
      1.1139418916541828,
      0.0,
      1.2851847287846194,
      0.0,
      0.0,
      1.3438710940505505,
      1.9433499107667767,
      0.0,
      1.5586686295936896,
      0.0,
      1.1103351861689812,
      0.0,
      0.8003670956688735,
      0.0,
      0.6232257623272568,
      0.0,
      0.0,
      0.0,
      1.653592400177287,
      1.4724943907631363,
      1.9193646422326327,
      0.0,
      0.0,
      0.6088552543584105,
      0.0,
      0.0,
      1.4709208536388785,
      0.0,
      0.0
    ],
    "service_duration_s": [
      60.0,
      60.0,
      60.0,
      60.0,
      60.0,
      60.0,
      60.0,
      60.0,
      60.0,
      60.0,
      60.0,
      60.0,
      60.0,
      60.0,
      60.0,
      60.0,
      60.0,
      60.0,
      60.0,
      60.0,
      60.0,
      60.0,
      60.0,
      60.0,
      60.0,
      60.0,
      60.0,
      60.0,
      60.0,
      60.0,
      60.0,
      60.0,
      60.0,
      60.0,
      60.0,
      60.0,
      60.0,
      60.0,
      60.0,
      60.0
    ],
    "tw_early_s": [
      520.8169893427444,
      78.2390552082096,
      892.8480299807534,
      0.0,
      337.91249033829683,
      616.2694463605691,
      0.0,
      173.87071530660558,
      646.9643484533614,
      0.0,
      458.3605987417275,
      728.535650764147,
      532.3832724388699,
      704.7670189596562,
      807.0511205001283,
      382.26716545686634,
      187.30259420774814,
      702.2273396538221,
      157.56162877176462,
      11.731757325113335,
      0.0,
      440.4504397820359,
      0.0,
      821.175362852558,
      245.51297684758003,
      349.46978509046016,
      0.0,
      0.0,
      0.0,
      521.1178436801416,
      274.1546695148363,
      84.67290244585973,
      0.0,
      443.498783595022,
      89.47321329978456,
      621.8121694790968,
      0.0,
      0.0,
      786.725738580473,
      281.15214263749374
    ],
    "tw_late_s": [
      1120.8169893427444,
      678.2390552082096,
      1492.8480299807534,
      355.0607122179303,
      937.9124903382968,
      1216.269446360569,
      519.2036688840362,
      773.8707153066056,
      1246.9643484533613,
      423.64626862687874,
      1058.3605987417275,
      1328.535650764147,
      1132.3832724388699,
      1304.767018959656,
      1407.0511205001283,
      982.2671654568663,
      787.3025942077481,
      1302.2273396538221,
      757.5616287717646,
      611.7317573251133,
      449.5635509757589,
      1040.450439782036,
      588.8198883607556,
      1421.175362852558,
      845.51297684758,
      949.4697850904602,
      432.0840205897783,
      361.0128052788781,
      584.1028686778471,
      1121.1178436801415,
      874.1546695148363,
      684.6729024458598,
      346.8933378879,
      1043.498783595022,
      689.4732132997846,
      1221.8121694790968,
      512.1718812555641,
      519.8366128142604,
      1386.725738580473,
      881.1521426374937
    ],
    "bs_xy": [
      [
        854.1282002033663,
        244.50086494765134
      ],
      [
        731.5728743384823,
        889.38309792545
      ],
      [
        90.4762103871547,
        352.81270110251137
      ],
      [
        66.31673264695314,
        288.8266259510112
      ]
    ],
    "speed_mps": 10.0,
    "capacity_kg": 6.0,
    "altitude_m": 100.0
  }
}