{
  "spec": {
    "run_id": "seed9_N20_M3_D10_B10_K10_lo0.0_lt1.0_twA",
    "seed": 9,
    "n_clients": 20,
    "num_uavs": 3,
    "delta_min": 10,
    "bs_count": 10,
    "edge_samples": 10,
    "lambda_out": 0.0,
    "lambda_tw": 1.0,
    "tw_family": "A",
    "tw_mode": "soft"
  },
  "scenario": {
    "depot_xy": [
      500.0,
      500.0
    ],
    "client_xy": [
      [
        202.3156015157731,
        903.2512789521502
      ],
      [
        472.911899798131,
        753.5790094485563
      ],
      [
        356.6132024691815,
        244.19219237292822
      ],
      [
        194.77535429067783,
        943.3292082796562
      ],
      [
        507.1031741674677,
        141.00645481942354
      ],
      [
        71.81644116878682,
        264.5731211595267
      ],
      [
        76.74040911746872,
        346.7407687902637
      ],
      [
        686.8495927187904,
        126.22956048842104
      ],
      [
        399.24176271657143,
        851.580426301467
      ],
      [
        927.0273302153532,
        719.5186664079073
      ],
      [
        61.648347184487086,
        111.09708268943142
      ],
      [
        690.703301176321,
        214.65135107660882
      ],
      [
        475.31294306072516,
        924.7265082983508
      ],
      [
        918.8887956086435,
        857.2891563674103
      ],
      [
        402.6292088632617,
        198.11080172024108
      ],
      [
        861.4750109944823,
        19.536312016191992
      ],
      [
        906.6857841952248,
        211.91050642080666
      ],
      [
        364.2427342309107,
        147.87981773462622
      ],
      [
        286.933643172806,
        67.23528710734472
      ],
      [
        169.4896360130198,
        620.818367705687
      ]
    ],
    "delivery": [
      0.0,
      0.0,
      0.0,
      0.0,
      0.0,
      0.0,
      1.3522532756899808,
      0.0,
      0.0,
      0.0,
      1.7327470964370584,
      0.0,
      0.0,
      1.6315915635407259,
      0.0,
      1.2247497990029028,
      0.8510800782751362,
      0.0,
      1.3823159876188678,
      0.0
    ],
    "pickup": [
      0.8755834241663705,
      0.635901507269838,
      1.8226792896582085,
      0.7535399942935672,
      1.4116912460718247,
      1.4385686876341928,
      0.0,
      0.6393400284760145,
      1.2894652258491688,
      1.883871768435607,
      0.0,
      0.9991929625574218,
      0.6275546189216386,
      0.0,
      1.396861746681229,
      0.0,
      0.0,
      1.9906608868288365,
      0.0,
      1.0341543587452786
    ],
    "service_duration_s": [
      60.0,
      60.0,
      60.0,
      60.0,
      60.0,
      60.0,
      60.0,
      60.0,
      60.0,
      60.0,
      60.0,
      60.0,
      60.0,
      60.0,
      60.0,
      60.0,
      60.0,
      60.0,
      60.0,
      60.0
    ],
    "tw_early_s": [
      2.3955450322894194,
      0.0,
      0.0,
      0.0,
      0.0,
      0.0,
      0.0,
      0.0,
      0.0,
      0.0,
      0.0,
      0.0,
      0.0,
      0.0,
      0.0,
      0.0,
      0.0,
      0.0,
      0.0,
      67.24005110630003
    ],
    "tw_late_s": [
      1202.3955450322894,
      1111.4723911015417,
      734.8221046701826,
      1156.4432749441644,
      821.2758398484417,
      648.863787750637,
      645.0152277818348,
      841.4155733608828,
      1174.6767024744154,
      1005.933294589746,
      658.6001408376092,
      890.1892318753121,
      1068.3279056313656,
      1062.7088635360392,
      801.3343757094942,
      918.7370723867325,
      925.0098895363374,
      749.0823213156206,
      738.0558468329361,
      1267.2400511063001
    ],
    "bs_xy": [
      [
        750.5471484174085,
        246.1953492286927
      ],
      [
        905.0530392917349,
        853.0091871089866
      ],
      [
        960.6882037418778,
        476.45932633740915
      ],
      [
        215.3248341035502,
        603.4131467820745
      ],
      [
        43.419291610562574,
        9.256444665217579
      ],
      [
        283.1042322187234,
        921.1942417205115
      ],
      [
        778.2611880014717,
        710.9991485965078
      ],
      [
        136.49760020951763,
        378.58205413653644
      ],
      [
        721.7558766345014,
        818.7347707849523
      ],
      [
        950.3933632866593,
        173.3182485357564
      ]
    ],
    "speed_mps": 10.0,
    "capacity_kg": 6.0,
    "altitude_m": 100.0
  }
}