{
  "spec": {
    "run_id": "seed5_N40_M3_D5_B10_K10_lo0.0_lt1.0_twA",
    "seed": 5,
    "n_clients": 40,
    "num_uavs": 3,
    "delta_min": 5,
    "bs_count": 10,
    "edge_samples": 10,
    "lambda_out": 0.0,
    "lambda_tw": 1.0,
    "tw_family": "A",
    "tw_mode": "soft"
  },
  "scenario": {
    "depot_xy": [
      500.0,
      500.0
    ],
    "client_xy": [
      [
        974.8096308725505,
        436.9718995828268
      ],
      [
        162.7704295755291,
        862.8552137509798
      ],
      [
        228.47105559013582,
        455.76550255349366
      ],
      [
        796.7829563904829,
        650.4505320433017
      ],
      [
        761.1622510954551,
        741.4345903060756
      ],
      [
        188.3644187439424,
        810.232198587967
      ],
      [
        82.21169140410656,
        386.16498972401746
      ],
      [
        141.1243408622279,
        996.0434268450797
      ],
      [
        439.4839990274898,
        194.9755031099908
      ],
      [
        250.48379166152702,
        348.3735211573248
      ],
      [
        925.0474042537522,
        377.96627320196654
      ],
      [
        33.28852509948832,
        197.62641651596113
      ],
      [
        2.433926374822204,
        315.61061706099724
      ],
      [
        181.38341063254072,
        542.4261139399246
      ],
      [
        268.2442214071851,
        696.5934366884852
      ],
      [
        203.14098282070802,
        336.45402773713994
      ],
      [
        100.56547976877017,
        476.0311046548046
      ],
      [
        519.710489230156,
        190.47487874000834
      ],
      [
        707.8097584816618,
        625.3206655234952
      ],
      [
        899.1982544924912,
        298.7488268873285
      ],
      [
        396.8806450658279,
        780.4051748480639
      ],
      [
        813.9624257358442,
        537.1017085306497
      ],
      [
        827.57598762796,
        381.62233031830664
      ],
      [
        136.0311441743063,
        275.91268417383975
      ],
      [
        846.561502926271,
        823.1559681379491
      ],
      [
        981.9745021951921,
        920.323565156408
      ],
      [
        869.2131794962751,
        284.2523753187809
      ],
      [
        355.87413995177553,
        766.6574242663891
      ],
      [
        709.3068384556502,
        848.5805493772181
      ],
      [
        787.6150989794355,
        728.4382013565684
      ],
      [
        604.6415505988807,
        399.7789827599262
      ],
      [
        764.0687803814391,
        416.08039051528567
      ],
      [
        663.3066412062136,
        841.3192965358207
      ],
      [
        503.0826866465418,
        858.5265886453074
      ],
      [
        743.3480857539496,
        844.6269911289504
      ],
      [
        277.73785258490227,
        793.8037791235312
      ],
      [
        14.161602312304788,
        208.72846460136242
      ],
      [
        302.98225028574035,
        144.82844751143065
      ],
      [
        292.12553172112445,
        675.9226736903585
      ],
      [
        704.4194934162383,
        235.87274724559725
      ]
    ],
    "delivery": [
      0.0,
      0.0,
      0.6470836754444894,
      1.505536563298343,
      0.0,
      1.752965344066085,
      0.9553430148025113,
      0.0,
      1.758782197737218,
      0.0,
      0.6392339465033736,
      1.4452514213891792,
      0.0,
      1.3566158606387526,
      1.935859195122275,
      1.4601990355440038,
      1.1845926635115056,
      0.6125036081851312,
      0.0,
      1.0136697554898895,
      0.0,
      0.0,
      0.5254104028975373,
      0.5880443080972211,
      0.8903759403255824,
      0.5905939425923388,
      0.0,
      0.0,
      0.0,
      0.0,
      0.0,
      0.0,
      0.0,
      0.9332249063572252,
      0.0,
      0.0,
      0.0,
      0.0,
      0.8869320725093293,
      0.0
    ],
    "pickup": [
      1.2355103335007755,
      0.8759995291672951,
      0.0,
      0.0,
      1.9442364649904396,
      0.0,
      0.0,
      1.4501955982187857,
      0.0,
      1.4133746633752127,
      0.0,
      0.0,
      1.8468708798313496,
      0.0,
      0.0,
      0.0,
      0.0,
      0.0,
      0.7432452301650312,
      0.0,
      1.8285482769070507,
      0.7450741953969344,
      0.0,
      0.0,
      0.0,
      0.0,
      1.8365852081997762,
      1.0142599499252878,
      0.7620362327008201,
      1.9228878500855517,
      1.6596965068822367,
      0.8052353403802621,
      1.139942811837344,
      0.0,
      0.6519698451485787,
      1.6260359366349726,
      1.9055525147483519,
      1.5243776156994095,
      0.0,
      0.7022050413797256
    ],
    "service_duration_s": [
      60.0,
      60.0,
      60.0,
      60.0,
      60.0,
      60.0,
      60.0,
      60.0,
      60.0,
      60.0,
      60.0,
      60.0,
      60.0,
      60.0,
      60.0,
      60.0,
      60.0,
      60.0,
      60.0,
      60.0,
      60.0,
      60.0,
      60.0,
      60.0,
      60.0,
      60.0,
      60.0,
      60.0,
      60.0,
      60.0,
      60.0,
      60.0,
      60.0,
      60.0,
      60.0,
      60.0,
      60.0,
      60.0,
      60.0,
      60.0
    ],
    "tw_early_s": [
      204.55888649426038,
      641.400303332525,
      0.0,
      324.94175511038156,
      370.01214734798464,
      764.6656106932351,
      0.0,
      685.4933814267446,
      0.0,
      0.0,
      234.82540740652132,
      0.0,
      0.0,
      851.4553164491342,
      675.650079009115,
      0.0,
      0.0,
      0.0,
      297.2336763923031,
      166.49259134951348,
      533.8934152376754,
      239.30389162209656,
      128.82951253315076,
      0.0,
      389.7743166047526,
      417.67207173567647,
      89.35123924301547,
      559.8264632332764,
      441.9156091828121,
      318.6180923858175,
      46.46225359483685,
      166.21361459640798,
      468.18959581592026,
      586.7732671614974,
      502.7065555416357,
      605.8827970385372,
      0.0,
      0.0,
      724.1327728386332,
      86.02501524546216
    ],
    "tw_late_s": [
      804.5588864942604,
      1241.400303332525,
      327.51084484647464,
      924.9417551103816,
      970.0121473479846,
      1364.665610693235,
      343.3019030025183,
      1285.4933814267447,
      560.1522778978169,
      503.84118347061883,
      834.8254074065213,
      484.51727606944127,
      418.8207630997343,
      1451.4553164491342,
      1275.650079009115,
      399.7079103170532,
      340.01530255994845,
      593.1647294129923,
      897.2336763923031,
      766.4925913495135,
      1133.8934152376755,
      839.3038916220966,
      728.8295125331508,
      468.7461539094751,
      989.7743166047526,
      1017.6720717356765,
      689.3512392430155,
      1159.8264632332764,
      1041.9156091828122,
      918.6180923858175,
      646.4622535948369,
      766.213614596408,
      1068.1895958159203,
      1186.7732671614974,
      1102.7065555416357,
      1205.8827970385373,
      422.30572763678725,
      584.8618126627792,
      1324.1327728386332,
      686.0250152454621
    ],
    "bs_xy": [
      [
        52.05671880266438,
        677.2329512921578
      ],
      [
        788.742487696228,
        192.9354794908056
      ],
      [
        638.092077878452,
        999.5323852021811
      ],
      [
        116.35136729252216,
        539.8862820831664
      ],
      [
        301.9885954197115,
        694.1280562031354
      ],
      [
        854.7443672623178,
        842.3412743807032
      ],
      [
        645.394469806105,
        136.40440192400916
      ],
      [
        654.0287818993337,
        124.29941851748706
      ],
      [
        311.585606904098,
        965.2582717425165
      ],
      [
        237.91434378397923,
        924.4762094667612
      ]
    ],
    "speed_mps": 10.0,
    "capacity_kg": 6.0,
    "altitude_m": 100.0
  }
}