{
  "spec": {
    "run_id": "seed10_N20_M3_D2_B10_K10_lo0.5_lt5.0_twA",
    "seed": 10,
    "n_clients": 20,
    "num_uavs": 3,
    "delta_min": 2,
    "bs_count": 10,
    "edge_samples": 10,
    "lambda_out": 0.5,
    "lambda_tw": 5.0,
    "tw_family": "A",
    "tw_mode": "soft"
  },
  "scenario": {
    "depot_xy": [
      500.0,
      500.0
    ],
    "client_xy": [
      [
        393.62070421925387,
        506.70931860713665
      ],
      [
        308.8783971393121,
        170.6237695882805
      ],
      [
        311.1407653130283,
        809.2884146130106
      ],
      [
        962.7018154087909,
        735.9970687220019
      ],
      [
        387.5380055707466,
        972.2929133565973
      ],
      [
        495.9518723941336,
        472.8505295736405
      ],
      [
        542.5198582206834,
        90.89873513041825
      ],
      [
        598.2498105946843,
        141.53181108955292
      ],
      [
        212.72107334368462,
        556.9137842432146
      ],
      [
        333.1883979853929,
        721.427465284335
      ],
      [
        407.11742699377805,
        814.6023307724673
      ],
      [
        801.5087675846473,
        281.73897959918946
      ],
      [
        657.7645191692407,
        435.57607334273496
      ],
      [
        808.4834386319374,
        993.535880285199
      ],
      [
        969.7070685825103,
        903.8937293085215
      ],
      [
        700.8259270161365,
        840.7836840495455
      ],
      [
        870.3766110497695,
        18.414356226211904
      ],
      [
        86.32317769101239,
        766.1448915803811
      ],
      [
        355.65419965969005,
        865.4832108714968
      ],
      [
        828.6926394699551,
        4.650606938317647
      ]
    ],
    "delivery": [
      0.0,
      1.3606957018533574,
      0.0,
      0.0,
      0.0,
      0.0,
      0.8390916685086476,
      1.5807273960984674,
      0.0,
      1.3228563340642485,
      1.1141508084244176,
      0.0,
      1.4729676496198312,
      0.7206725301573071,
      0.0,
      1.097334081318933,
      1.4304307974774029,
      1.5929215130220706,
      1.9447378024483482,
      0.6608914108704302
    ],
    "pickup": [
      0.9180234723243018,
      0.0,
      1.446281138358696,
      1.9857750512602048,
      1.1585386274629819,
      0.9980878145951942,
      0.0,
      0.0,
      1.9480973467229588,
      0.0,
      0.0,
      1.8641267881742116,
      0.0,
      0.0,
      0.5188121840275406,
      0.0,
      0.0,
      0.0,
      0.0,
      0.0
    ],
    "service_duration_s": [
      60.0,
      60.0,
      60.0,
      60.0,
      60.0,
      60.0,
      60.0,
      60.0,
      60.0,
      60.0,
      60.0,
      60.0,
      60.0,
      60.0,
      60.0,
      60.0,
      60.0,
      60.0,
      60.0,
      60.0
    ],
    "tw_early_s": [
      482.483483154384,
      0.0,
      412.92483486922663,
      147.0576442035998,
      334.9228891605973,
      0.0,
      0.0,
      7.164000167573391,
      500.0134652926407,
      400.17744223510965,
      328.2833021279585,
      91.85656052451841,
      106.54301372439966,
      224.33880412882917,
      216.30554818487263,
      235.2638874261994,
      14.707876226587587,
      418.57599067609397,
      329.8693187905765,
      0.18428424381531272
    ],
    "tw_late_s": [
      722.483483154384,
      158.0809884640975,
      652.9248348692266,
      387.0576442035998,
      574.9228891605974,
      122.7449609861438,
      161.13049759740318,
      247.1640001675734,
      740.0134652926407,
      640.1774422351097,
      568.2833021279585,
      331.8565605245184,
      346.54301372439966,
      464.33880412882917,
      456.30554818487263,
      475.2638874261994,
      254.7078762265876,
      658.575990676094,
      569.8693187905765,
      240.1842842438153
    ],
    "bs_xy": [
      [
        338.39221416813405,
        872.6226120316128
      ],
      [
        394.02548156805636,
        128.06179651784066
      ],
      [
        252.14386762073815,
        678.9626884263156
      ],
      [
        159.15222680884688,
        990.5820381901095
      ],
      [
        567.9898941280342,
        902.0806032172632
      ],
      [
        577.0776034270268,
        687.6487430249733
      ],
      [
        130.8156409298271,
        636.5677808660323
      ],
      [
        786.2852663005633,
        225.84930854236694
      ],
      [
        82.73782726508772,
        66.10652742429868
      ],
      [
        387.5120342748175,
        666.3423323249835
      ]
    ],
    "speed_mps": 10.0,
    "capacity_kg": 6.0,
    "altitude_m": 100.0
  }
}