{
  "spec": {
    "run_id": "seed6_N40_M3_D2_B4_K10_lo0.5_lt5.0_twA",
    "seed": 6,
    "n_clients": 40,
    "num_uavs": 3,
    "delta_min": 2,
    "bs_count": 4,
    "edge_samples": 10,
    "lambda_out": 0.5,
    "lambda_tw": 5.0,
    "tw_family": "A",
    "tw_mode": "soft"
  },
  "scenario": {
    "depot_xy": [
      500.0,
      500.0
    ],
    "client_xy": [
      [
        928.7828111290571,
        888.7400719476411
      ],
      [
        794.3430875073944,
        971.9129730954893
      ],
      [
        665.3738477421513,
        722.7600229864657
      ],
      [
        792.6156862615694,
        30.315893086756972
      ],
      [
        6.215896054372783,
        892.4449407630383
      ],
      [
        62.67934788928065,
        320.0100281610897
      ],
      [
        175.1665523803002,
        175.3734801566209
      ],
      [
        157.6777689431097,
        223.53695827189836
      ],
      [
        930.5342917581909,
        593.979159089687
      ],
      [
        255.0311411596915,
        969.5151118069058
      ],
      [
        455.8715630869886,
        778.9219602000258
      ],
      [
        905.7645084738548,
        697.8860329785077
      ],
      [
        14.652292101172026,
        443.2506032034275
      ],
      [
        914.5301185490115,
        57.69842808955872
      ],
      [
        398.3004038103073,
        232.60059622951857
      ],
      [
        454.5020009728789,
        5.875656767958204
      ],
      [
        88.33351861985783,
        114.75367080620957
      ],
      [
        415.00587843414615,
        144.2549768942939
      ],
      [
        735.0048285440068,
        707.8337182840011
      ],
      [
        641.4749086004188,
        357.229104153953
      ],
      [
        160.02657115846498,
        831.3314426424575
      ],
      [
        721.6705286127525,
        287.2696373817922
      ],
      [
        683.5199586099089,
        547.9285569685701
      ],
      [
        971.8207901774305,
        420.37749015102145
      ],
      [
        241.0321908757791,
        979.8024132336776
      ],
      [
        767.0966228167814,
        937.7868561784157
      ],
      [
        382.19545330959494,
        481.5372974695339
      ],
      [
        673.5616753317222,
        115.40448878608967
      ],
      [
        399.14042379059555,
        411.70139640820037
      ],
      [
        764.7952730184678,
        106.10765488103047
      ],
      [
        343.51922583541995,
        141.099081568948
      ],
      [
        351.5546365737239,
        116.3860800272497
      ],
      [
        426.5012097107137,
        798.4953107829964
      ],
      [
        632.0935182499452,
        883.0401307441375
      ],
      [
        864.071409898938,
        444.2436527235638
      ],
      [
        959.6204118916722,
        109.84459895889142
      ],
      [
        612.671683670565,
        566.6972402439061
      ],
      [
        512.0158322487562,
        756.4969298615481
      ],
      [
        211.86948248476622,
        315.6461678640163
      ],
      [
        298.98935909407606,
        904.6761707647594
      ]
    ],
    "delivery": [
      1.7081651063543224,
      0.0,
      0.0,
      0.0,
      1.1563135213815219,
      1.0633997413498915,
      0.0,
      1.4060828299945687,
      0.0,
      0.0,
      0.6888334099584743,
      0.0,
      0.7366228440595936,
      0.0,
      0.0,
      0.0,
      0.0,
      1.2431444984118507,
      1.683049069186992,
      0.0,
      0.0,
      1.4958255284194473,
      0.0,
      0.0,
      1.789748591252782,
      0.0,
      0.8498620832344608,
      0.5121858629996292,
      1.7858733802246252,
      0.0,
      0.0,
      1.3594608820566543,
      0.7256361844767272,
      1.4787821668931653,
      1.9655711192740406,
      1.2261793237902738,
      0.0,
      0.0,
      1.5485037264726966,
      0.0
    ],
    "pickup": [
      0.0,
      0.7721782315674621,
      0.7564249698419522,
      1.7083319829835302,
      0.0,
      0.0,
      1.5260752767145123,
      0.0,
      1.2875978916185322,
      1.3507589006020058,
      0.0,
      1.5948371702050492,
      0.0,
      1.0249742882412105,
      1.5654624498852971,
      0.8748692351238188,
      0.7986216880121411,
      0.0,
      0.0,
      1.1772683104534394,
      1.6548721744668815,
      0.0,
      1.4627099056464514,
      1.5430542840234762,
      0.0,
      1.2606482696809125,
      0.0,
      0.0,
      0.0,
      0.6930187120890359,
      0.8595067486857197,
      0.0,
      0.0,
      0.0,
      0.0,
      0.0,
      1.7606338623570912,
      1.4881139726168318,
      0.0,
      1.4079230351574585
    ],
    "service_duration_s": [
      60.0,
      60.0,
      60.0,
      60.0,
      60.0,
      60.0,
      60.0,
      60.0,
      60.0,
      60.0,
      60.0,
      60.0,
      60.0,
      60.0,
      60.0,
      60.0,
      60.0,
      60.0,
      60.0,
      60.0,
      60.0,
      60.0,
      60.0,
      60.0,
      60.0,
      60.0,
      60.0,
      60.0,
      60.0,
      60.0,
      60.0,
      60.0,
      60.0,
      60.0,
      60.0,
      60.0,
      60.0,
      60.0,
      60.0,
      60.0
    ],
    "tw_early_s": [
      674.7176526423177,
      721.4281696672645,
      652.7501478067072,
      276.3884126297322,
      1020.2923154760783,
      0.0,
      51.249516299939614,
      0.0,
      484.3748913685689,
      934.2445060746045,
      846.5564898005234,
      595.4939416457495,
      0.0,
      308.9804067935629,
      134.28506675309993,
      257.36481029802553,
      95.93897628123554,
      176.9458871291555,
      634.361791668242,
      372.40448990673207,
      978.6030565224833,
      428.5952490983798,
      557.5628772844358,
      466.03722992727285,
      897.2863997683164,
      751.613809168088,
      0.0,
      224.2022349345101,
      22.16430569160218,
      349.9728412294536,
      109.79025915176908,
      182.26159425452005,
      811.3497418597394,
      729.1200266315246,
      509.78931725048335,
      375.8741414055572,
      576.278016719571,
      816.9405267763672,
      12.355310378294831,
      902.8899710284843
    ],
    "tw_late_s": [
      914.7176526423177,
      961.4281696672645,
      892.7501478067072,
      516.3884126297322,
      1260.2923154760783,
      167.2911982006289,
      291.2495162999396,
      226.1254767116131,
      724.3748913685689,
      1174.2445060746045,
      1086.5564898005234,
      835.4939416457495,
      168.8654163595708,
      548.9804067935629,
      374.28506675309995,
      497.36481029802553,
      335.93897628123557,
      416.9458871291555,
      874.361791668242,
      612.4044899067321,
      1218.6030565224833,
      668.5952490983798,
      797.5628772844358,
      706.0372299272728,
      1137.2863997683164,
      991.613809168088,
      131.9242536897117,
      464.2022349345101,
      262.1643056916022,
      589.9728412294536,
      349.7902591517691,
      422.26159425452005,
      1051.3497418597394,
      969.1200266315246,
      749.7893172504834,
      615.8741414055572,
      816.278016719571,
      1056.9405267763673,
      252.35531037829483,
      1142.8899710284843
    ],
    "bs_xy": [
      [
        231.63083294360453,
        788.1444569798597
      ],
      [
        977.0234112222906,
        542.5173435108306
      ],
      [
        240.85920987423572,
        352.00418344952675
      ],
      [
        389.1247720453823,
        105.21920887257008
      ]
    ],
    "speed_mps": 10.0,
    "capacity_kg": 6.0,
    "altitude_m": 100.0
  }
}