{
  "spec": {
    "run_id": "seed3_N40_M3_D10_B10_K10_lo0.0_lt0.0_twA",
    "seed": 3,
    "n_clients": 40,
    "num_uavs": 3,
    "delta_min": 10,
    "bs_count": 10,
    "edge_samples": 10,
    "lambda_out": 0.0,
    "lambda_tw": 0.0,
    "tw_family": "A",
    "tw_mode": "soft"
  },
  "scenario": {
    "depot_xy": [
      500.0,
      500.0
    ],
    "client_xy": [
      [
        10.127782348297142,
        454.4767880402971
      ],
      [
        374.4980287424803,
        979.911983809369
      ],
      [
        731.3966797919828,
        910.877277270988
      ],
      [
        544.2381706004273,
        88.39909132712276
      ],
      [
        291.7324241484308,
        618.6424600061059
      ],
      [
        618.5577993646459,
        938.0473311489417
      ],
      [
        634.8049091506991,
        533.1748110151705
      ],
      [
        598.3245152049134,
        387.7951999903506
      ],
      [
        848.2495483439317,
        800.5970955969158
      ],
      [
        144.98999882990526,
        864.1466699120786
      ],
      [
        899.0791391984133,
        660.7134981418766
      ],
      [
        258.7047644769318,
        132.3253088411841
      ],
      [
        73.33940881252265,
        611.1567350236713
      ],
      [
        703.065119624573,
        585.9619617995293
      ],
      [
        669.384171322635,
        524.9493919582335
      ],
      [
        987.8735539729744,
        63.66509682358901
      ],
      [
        990.0297905983832,
        625.1080950126476
      ],
      [
        93.27950231030424,
        627.703889268268
      ],
      [
        558.0536632962397,
        372.71712184405436
      ],
      [
        12.584420375677418,
        852.8943011611548
      ],
      [
        275.41444782568624,
        500.7394995291059
      ],
      [
        995.9293959669594,
        726.2951772375777
      ],
      [
        881.0097083393035,
        215.1805042283077
      ],
      [
        950.5037171251363,
        91.60154649542184
      ],
      [
        869.4790533646194,
        283.9593951497995
      ],
      [
        305.61288902621675,
        852.0806729042093
      ],
      [
        153.77896939310222,
        455.156576775259
      ],
      [
        860.3293428958079,
        81.65403338628407
      ],
      [
        79.27896718973714,
        472.59843866483664
      ],
      [
        310.1165673592785,
        320.96431283689765
      ],
      [
        933.4732477703998,
        955.3148285554074
      ],
      [
        547.436911995004,
        482.69944251796113
      ],
      [
        117.33648257491869,
        134.72803087169981
      ],
      [
        101.59080293472245,
        996.408996703973
      ],
      [
        664.9813184617094,
        136.01510637948132
      ],
      [
        252.22802491360764,
        767.7477982625717
      ],
      [
        532.0573171776318,
        393.6913636057838
      ],
      [
        817.4864299509677,
        630.8382252523248
      ],
      [
        54.999051356532156,
        903.500906992077
      ],
      [
        204.07691405908835,
        985.4130090481931
      ]
    ],
    "delivery": [
      0.0,
      0.0,
      0.0,
      0.0,
      0.8116944053804107,
      0.0,
      0.0,
      0.6451733596827722,
      0.0,
      0.581909754518784,
      0.0,
      0.0,
      1.5623987451145134,
      0.9137662831256494,
      0.0,
      0.0,
      0.9231211553666963,
      0.0,
      0.0,
      0.8963296886905707,
      0.0,
      0.0,
      0.0,
      0.0,
      1.8869739496430313,
      1.0898739304753962,
      0.0,
      1.978537267767522,
      0.6678601030366833,
      1.9474779118674506,
      0.0,
      0.8042255642587337,
      1.1730359004502338,
      0.0,
      0.0,
      0.0,
      0.0,
      0.0,
      1.1052234413659385,
      0.0
    ],
    "pickup": [
      0.7605474974799933,
      1.0480158046130128,
      0.715372325639937,
      1.1705666916355495,
      0.0,
      1.2050286845583276,
      0.6377423153906971,
      0.0,
      1.3959872992903952,
      0.0,
      1.0296295968634837,
      1.6888107454941825,
      0.0,
      0.0,
      0.6796070130744357,
      0.5027749171883257,
      0.0,
      0.5818657311775037,
      1.9353447441141873,
      0.0,
      0.6498008803767399,
      1.4025872683916938,
      1.8899642783473518,
      0.7009073070183456,
      0.0,
      0.0,
      1.2800543576735939,
      0.0,
      0.0,
      0.0,
      1.9527875488303117,
      0.0,
      0.0,
      0.8501736498554076,
      1.6594015110353153,
      0.6048944718078588,
      0.9894026356135244,
      1.0517973733705759,
      0.0,
      1.8834143405119275
    ],
    "service_duration_s": [
      60.0,
      60.0,
      60.0,
      60.0,
      60.0,
      60.0,
      60.0,
      60.0,
      60.0,
      60.0,
      60.0,
      60.0,
      60.0,
      60.0,
      60.0,
      60.0,
      60.0,
      60.0,
      60.0,
      60.0,
      60.0,
      60.0,
      60.0,
      60.0,
      60.0,
      60.0,
      60.0,
      60.0,
      60.0,
      60.0,
      60.0,
      60.0,
      60.0,
      60.0,
      60.0,
      60.0,
      60.0,
      60.0,
      60.0,
      60.0
    ],
    "tw_early_s": [
      0.0,
      365.72091002563116,
      156.80394335047595,
      0.0,
      503.1679193074958,
      239.35883258974616,
      0.0,
      0.0,
      152.59115304846534,
      414.56623116327637,
      0.0,
      0.0,
      500.1249342114936,
      146.2366129833622,
      0.0,
      0.0,
      57.27437167978792,
      611.2991541503288,
      0.0,
      415.199401217787,
      575.0706015432402,
      64.54745414602985,
      0.0,
      0.0,
      0.0,
      259.786367335627,
      0.0,
      0.0,
      0.0,
      0.0,
      249.76929561336442,
      0.0,
      0.0,
      453.06144866928844,
      0.0,
      329.7673379605933,
      0.0,
      75.33877828035554,
      523.455054611904,
      341.07668389186074
    ],
    "tw_late_s": [
      649.1982878212368,
      1565.7209100256312,
      1356.803943350476,
      822.7798034522725,
      1703.1679193074958,
      1439.3588325897463,
      1194.6238849612103,
      915.531512669554,
      1352.5911530484655,
      1614.5662311632764,
      1192.8509038558182,
      728.8567704750888,
      1700.1249342114936,
      1346.2366129833622,
      1106.1691365239308,
      1029.9878117328485,
      1257.274371679788,
      1811.2991541503288,
      911.2451526184877,
      1615.199401217787,
      1775.0706015432402,
      1264.5474541460298,
      1008.6535222116167,
      1019.5196812494228,
      1100.3922800517869,
      1459.786367335627,
      634.9113068562343,
      957.1071566183159,
      642.1612420372714,
      729.7798780947664,
      1449.7692956133644,
      1150.7804279348466,
      742.9226074014957,
      1653.0614486692884,
      829.4861013732982,
      1529.7673379605933,
      851.8158971613714,
      1275.3387782803557,
      1723.455054611904,
      1541.0766838918607
    ],
    "bs_xy": [
      [
        95.2031192582895,
        940.1803204668867
      ],
      [
        334.29678258478924,
        601.914090095871
      ],
      [
        155.69473301422454,
        534.2675399622905
      ],
      [
        1.1154225889050684,
        356.59097770884983
      ],
      [
        826.0203157094031,
        871.0739988705133
      ],
      [
        53.32939909868762,
        409.29192894022026
      ],
      [
        874.3367643263038,
        246.7804905690155
      ],
      [
        330.7199948646612,
        533.5238659404669
      ],
      [
        936.5122833084073,
        823.6334026607743
      ],
      [
        855.9765411504161,
        534.942037874086
      ]
    ],
    "speed_mps": 10.0,
    "capacity_kg": 6.0,
    "altitude_m": 100.0
  }
}