{
  "spec": {
    "run_id": "seed10_N10_M3_D10_B10_K10_lo0.0_lt1.0_twA",
    "seed": 10,
    "n_clients": 10,
    "num_uavs": 3,
    "delta_min": 10,
    "bs_count": 10,
    "edge_samples": 10,
    "lambda_out": 0.0,
    "lambda_tw": 1.0,
    "tw_family": "A",
    "tw_mode": "soft"
  },
  "scenario": {
    "depot_xy": [
      500.0,
      500.0
    ],
    "client_xy": [
      [
        673.4528152440191,
        71.42514918866493
      ],
      [
        87.01304034352297,
        921.1506858463464
      ],
      [
        223.4992484860403,
        57.76105661546793
      ],
      [
        722.6933912170089,
        869.8346406028737
      ],
      [
        33.77670970435742,
        226.27691576163411
      ],
      [
        749.5088824924585,
        73.56187428524996
      ],
      [
        737.1272826163065,
        105.60874323334235
      ],
      [
        537.0413957658967,
        705.7970394166924
      ],
      [
        847.5577839582511,
        878.434935725329
      ],
      [
        765.134680999461,
        182.01404453065217
      ]
    ],
    "delivery": [
      0.0,
      0.0,
      0.8257682108268891,
      1.0483718751273772,
      0.0,
      0.8593955868871104,
      1.7869969874448717,
      1.7932314968212728,
      0.0,
      1.4515518305201713
    ],
    "pickup": [
      1.9240958706785731,
      1.0585967076466742,
      0.0,
      0.0,
      1.582242319979649,
      0.0,
      0.0,
      0.0,
      0.8990833222236378,
      0.0
    ],
    "service_duration_s": [
      60.0,
      60.0,
      60.0,
      60.0,
      60.0,
      60.0,
      60.0,
      60.0,
      60.0,
      60.0
    ],
    "tw_early_s": [
      0.0,
      0.0,
      0.0,
      0.0,
      0.0,
      0.0,
      0.0,
      0.0,
      0.0,
      0.0
    ],
    "tw_late_s": [
      646.2344332574796,
      1064.5046818790831,
      652.1562986257319,
      900.1777054088006,
      654.0637108658904,
      787.2480279739368,
      763.7414862825781,
      837.7287385454467,
      928.3303461518585,
      720.5994839992486
    ],
    "bs_xy": [
      [
        558.4238101034408,
        363.44562798682267
      ],
      [
        176.93832906872143,
        342.7432257310675
      ],
      [
        288.0200515656181,
        216.56918470006892
      ],
      [
        586.5527463424365,
        565.1438936744062
      ],
      [
        514.7872797008916,
        968.6536062772569
      ],
      [
        983.4830517110174,
        681.0111401438404
      ],
      [
        393.5159493575118,
        484.5329363807179
      ],
      [
        214.97984298894823,
        165.5382356767655
      ],
      [
        858.0890463029338,
        502.493945629228
      ],
      [
        856.6727321033543,
        455.2644171643082
      ]
    ],
    "speed_mps": 10.0,
    "capacity_kg": 6.0,
    "altitude_m": 100.0
  }
}