{
  "spec": {
    "run_id": "seed2_N10_M3_D5_B10_K10_lo0.5_lt5.0_twA",
    "seed": 2,
    "n_clients": 10,
    "num_uavs": 3,
    "delta_min": 5,
    "bs_count": 10,
    "edge_samples": 10,
    "lambda_out": 0.5,
    "lambda_tw": 5.0,
    "tw_family": "A",
    "tw_mode": "soft"
  },
  "scenario": {
    "depot_xy": [
      500.0,
      500.0
    ],
    "client_xy": [
      [
        737.9439161968969,
        548.9789537379501
      ],
      [
        189.72502096656896,
        627.6662771558629
      ],
      [
        147.35667538278184,
        939.2104676208287
      ],
      [
        738.1602536784761,
        55.66011266364767
      ],
      [
        437.2820830860854,
        224.54542996245706
      ],
      [
        432.73953445365976,
        3.4379420394423654
      ],
      [
        206.02539517316532,
        762.3534249036262
      ],
      [
        781.3715875615444,
        276.97870804434086
      ],
      [
        102.40185716385386,
        701.6515021328075
      ],
      [
        601.9702475925627,
        490.74024305315413
      ]
    ],
    "delivery": [
      0.8368139098875764,
      0.7107697397833803,
      0.5722779742196441,
      0.0,
      1.2907430027967275,
      0.0,
      1.54294146902715,
      0.0,
      0.7556136113108791,
      0.0
    ],
    "pickup": [
      0.0,
      0.0,
      0.0,
      0.8228497947208195,
      0.0,
      1.1087136389186505,
      0.0,
      1.3782261414610981,
      0.0,
      0.7122981471886849
    ],
    "service_duration_s": [
      60.0,
      60.0,
      60.0,
      60.0,
      60.0,
      60.0,
      60.0,
      60.0,
      60.0,
      60.0
    ],
    "tw_early_s": [
      0.0,
      66.17798521418678,
      0.0,
      0.0,
      0.0,
      0.0,
      0.0,
      0.0,
      0.0,
      0.0
    ],
    "tw_late_s": [
      459.74599817669736,
      666.1779852141867,
      574.736792596861,
      350.4141093256916,
      328.2504437587427,
      350.10966450012756,
      569.7100055927326,
      423.056597775034,
      585.1082667904275,
      461.69479480361326
    ],
    "bs_xy": [
      [
        63.90317410300761,
        991.3169441462142
      ],
      [
        154.39535583058895,
        80.05400678569097
      ],
      [
        215.14310524464364,
        134.16120607218207
      ],
      [
        910.6929236315292,
        7.979985376679988
      ],
      [
        288.72371774220375,
        437.7882332562593
      ],
      [
        915.8611084961011,
        12.470962303556155
      ],
      [
        472.8042793409357,
        498.8109221051776
      ],
      [
        703.9633058764739,
        995.5784612903034
      ],
      [
        140.16256093064538,
        316.8822422698045
      ],
      [
        521.1144988026803,
        857.5000582800689
      ]
    ],
    "speed_mps": 10.0,
    "capacity_kg": 6.0,
    "altitude_m": 100.0
  }
}