{
  "spec": {
    "run_id": "seed1_N10_M3_D5_B7_K10_lo1.0_lt0.0_twA",
    "seed": 1,
    "n_clients": 10,
    "num_uavs": 3,
    "delta_min": 5,
    "bs_count": 7,
    "edge_samples": 10,
    "lambda_out": 1.0,
    "lambda_tw": 0.0,
    "tw_family": "A",
    "tw_mode": "soft"
  },
  "scenario": {
    "depot_xy": [
      500.0,
      500.0
    ],
    "client_xy": [
      [
        162.64343203772847,
        617.9281916522946
      ],
      [
        681.390513678777,
        515.1563559158902
      ],
      [
        376.19590127304326,
        854.7925086918767
      ],
      [
        478.5692808826606,
        229.48874878510662
      ],
      [
        675.2753404322829,
        206.29247364498605
      ],
      [
        523.0383097995513,
        669.8035375228078
      ],
      [
        184.4498381902403,
        677.3478600663534
      ],
      [
        208.7368635328144,
        334.65040033507745
      ],
      [
        489.12730542252524,
        350.90514189799484
      ],
      [
        665.5676914360446,
        840.4525471674554
      ]
    ],
    "delivery": [
      0.0,
      0.0,
      1.2405307167825803,
      0.0,
      0.611201183785547,
      0.0,
      0.0,
      0.8445915793185939,
      1.2821480875499474,
      1.9885800476707725
    ],
    "pickup": [
      1.521795617497581,
      1.4734843672991143,
      0.0,
      1.3410172541671266,
      0.0,
      1.4354905522007737,
      0.9113505255654215,
      0.0,
      0.0,
      0.0
    ],
    "service_duration_s": [
      60.0,
      60.0,
      60.0,
      60.0,
      60.0,
      60.0,
      60.0,
      60.0,
      60.0,
      60.0
    ],
    "tw_early_s": [
      47.077951271063625,
      0.0,
      0.0,
      0.0,
      0.0,
      0.0,
      0.0,
      0.0,
      0.0,
      0.0
    ],
    "tw_late_s": [
      647.0779512710636,
      422.1704990006324,
      527.8319124384531,
      327.1358826566842,
      441.87987793126615,
      550.6670299113748,
      537.787691078795,
      333.4924924086059,
      314.94907763035303,
      426.9863596330346
    ],
    "bs_xy": [
      [
        858.5367983666893,
        813.4715032414767
      ],
      [
        405.6339276444517,
        807.5192268226211
      ],
      [
        809.9318723671539,
        976.6152868384881
      ],
      [
        268.0845998444902,
        931.1719698466554
      ],
      [
        105.36233753265844,
        733.3038158078236
      ],
      [
        584.7269444988203,
        668.0091938569627
      ],
      [
        113.07676878774564,
        528.7479487427935
      ]
    ],
    "speed_mps": 10.0,
    "capacity_kg": 6.0,
    "altitude_m": 100.0
  }
}