{
  "spec": {
    "run_id": "seed1_N40_M3_D5_B7_K10_lo0.5_lt0.0_twA",
    "seed": 1,
    "n_clients": 40,
    "num_uavs": 3,
    "delta_min": 5,
    "bs_count": 7,
    "edge_samples": 10,
    "lambda_out": 0.5,
    "lambda_tw": 0.0,
    "tw_family": "A",
    "tw_mode": "soft"
  },
  "scenario": {
    "depot_xy": [
      500.0,
      500.0
    ],
    "client_xy": [
      [
        204.41204436696748,
        289.7864942173718
      ],
      [
        300.3344494111193,
        226.2761834200916
      ],
      [
        488.7623186234531,
        996.0513480925936
      ],
      [
        342.7958224652481,
        760.552087088926
      ],
      [
        418.92189926359356,
        115.66460675062906
      ],
      [
        655.0715190981405,
        551.7762737974896
      ],
      [
        313.5042035699932,
        968.7168304961374
      ],
      [
        963.0407891412585,
        120.23012650843023
      ],
      [
        264.3225796078994,
        984.1026199402444
      ],
      [
        413.2208492352544,
        431.5915613395026
      ],
      [
        89.2744610807653,
        557.9872498976482
      ],
      [
        46.98428941309174,
        744.8325327807052
      ],
      [
        983.8469325903069,
        109.96885348097362
      ],
      [
        116.79629908744549,
        512.2672732634842
      ],
      [
        963.4580861409152,
        506.5549341380262
      ],
      [
        827.7957012861224,
        85.42976775351296
      ],
      [
        366.50802740175413,
        368.36864780608136
      ],
      [
        94.53045922593051,
        853.4726354148448
      ],
      [
        93.65519959721979,
        290.4107188687743
      ],
      [
        361.9450809167831,
        829.7162578206162
      ],
      [
        252.2637046820545,
        358.84861414853697
      ],
      [
        308.90389249963914,
        681.696825503835
      ],
      [
        495.59717643563795,
        37.32007843978214
      ],
      [
        958.7638935269641,
        476.23104995116796
      ],
      [
        642.7122904564792,
        796.2091380345397
      ],
      [
        86.16017970212685,
        27.310958694472976
      ],
      [
        474.1251670518171,
        185.88661804861607
      ],
      [
        176.1131225259548,
        710.2818376066081
      ],
      [
        400.084656774908,
        782.0249427898856
      ],
      [
        644.1614145071691,
        447.5795879027492
      ],
      [
        490.83767896264186,
        849.1115141315349
      ],
      [
        870.6753899597087,
        185.77352714649186
      ],
      [
        28.310184330356257,
        511.0996956460727
      ],
      [
        635.8313178539125,
        619.8232393420892
      ],
      [
        920.8519696978359,
        430.08266457051405
      ],
      [
        597.7628441484261,
        494.5595201737898
      ],
      [
        139.53322756499165,
        599.0438546498227
      ],
      [
        885.5868201473218,
        752.9066674352861
      ],
      [
        762.1639493044247,
        206.55770670161488
      ],
      [
        449.91320486456345,
        119.45160788170573
      ]
    ],
    "delivery": [
      0.0,
      0.600714594771546,
      0.0,
      1.00167529447793,
      0.0,
      0.0,
      0.0,
      1.6247080871583617,
      1.6374881472409186,
      1.4459224492443716,
      0.0,
      0.5296294864914162,
      0.0,
      0.5282248094132462,
      1.3132387923991535,
      0.0,
      0.5345123470730039,
      1.070215962185158,
      1.1518075136401205,
      0.5085975659534854,
      1.941824896100527,
      0.0,
      0.0,
      1.5619552958023177,
      1.2180350872130536,
      0.0,
      0.0,
      1.1179375851399618,
      0.0,
      1.306126502400669,
      0.5355338369009359,
      0.0,
      0.0,
      0.0,
      1.310195368770211,
      0.0,
      0.6214442813707111,
      1.8344501755565936,
      0.0,
      0.802112925905218
    ],
    "pickup": [
      1.5518514261806788,
      0.0,
      1.3393481809429413,
      0.0,
      1.5247068005059234,
      1.9757782947420535,
      1.8579135540931297,
      0.0,
      0.0,
      0.0,
      0.8780656584498304,
      0.0,
      1.0578047404716433,
      0.0,
      0.0,
      1.967184442170622,
      0.0,
      0.0,
      0.0,
      0.0,
      0.0,
      1.4839450403271945,
      1.4357864333789592,
      0.0,
      0.0,
      1.5085220746065318,
      1.0101376470426764,
      0.0,
      1.2932380663734968,
      0.0,
      0.0,
      1.0996998680243275,
      1.3036630705796979,
      1.9369722213312741,
      0.0,
      0.7770885109973389,
      0.0,
      0.0,
      0.7660541646857808,
      0.0
    ],
    "service_duration_s": [
      60.0,
      60.0,
      60.0,
      60.0,
      60.0,
      60.0,
      60.0,
      60.0,
      60.0,
      60.0,
      60.0,
      60.0,
      60.0,
      60.0,
      60.0,
      60.0,
      60.0,
      60.0,
      60.0,
      60.0,
      60.0,
      60.0,
      60.0,
      60.0,
      60.0,
      60.0,
      60.0,
      60.0,
      60.0,
      60.0,
      60.0,
      60.0,
      60.0,
      60.0,
      60.0,
      60.0,
      60.0,
      60.0,
      60.0,
      60.0
    ],
    "tw_early_s": [
      0.0,
      0.0,
      438.4539147692708,
      597.2131605573718,
      0.0,
      357.58237227563666,
      516.191609868782,
      94.4901256983191,
      610.7058326300714,
      0.0,
      752.154276010187,
      672.0094486760951,
      174.98916208926596,
      756.2911942124201,
      254.51529869224987,
      20.52506259125994,
      0.0,
      692.1286141957111,
      0.0,
      509.34370176525226,
      0.0,
      585.0672891460267,
      0.0,
      243.2958651642407,
      442.05688466132983,
      0.0,
      1.9300664541255514,
      674.6229912406573,
      526.3610736049372,
      151.705419443594,
      436.3093326595466,
      57.085917060685176,
      852.1455449476287,
      349.18070050183314,
      185.76127723284765,
      289.4841989509126,
      777.9664263398836,
      331.9147892143561,
      90.80802240458456,
      0.0
    ],
    "tw_late_s": [
      336.2714705421132,
      524.0878327013228,
      1038.4539147692708,
      1197.2131605573718,
      485.78489947415756,
      957.5823722756367,
      1116.191609868782,
      694.4901256983192,
      1210.7058326300714,
      440.65756516647696,
      1352.154276010187,
      1272.009448676095,
      774.989162089266,
      1356.2911942124201,
      854.5152986922499,
      620.5250625912599,
      399.97665537865487,
      1292.1286141957112,
      345.72130395991337,
      1109.3437017652523,
      328.51262628128967,
      1185.0672891460267,
      556.7470905168548,
      843.2958651642407,
      1042.0568846613298,
      425.05982065891294,
      601.9300664541256,
      1274.6229912406573,
      1126.3610736049372,
      751.705419443594,
      1036.3093326595467,
      657.0859170606852,
      1452.1455449476287,
      949.1807005018331,
      785.7612772328476,
      889.4841989509126,
      1377.9664263398836,
      931.9147892143561,
      690.8080224045846,
      522.5839678907248
    ],
    "bs_xy": [
      [
        231.78031014099588,
        855.2339526723359
      ],
      [
        133.6638094623901,
        102.4683790237192
      ],
      [
        886.6369243597487,
        929.01457884001
      ],
      [
        29.31670946381071,
        943.8135058399114
      ],
      [
        695.0004294388041,
        63.03482687532291
      ],
      [
        166.60441517563996,
        471.22118081714694
      ],
      [
        713.5213830628188,
        101.07184535735558
      ]
    ],
    "speed_mps": 10.0,
    "capacity_kg": 6.0,
    "altitude_m": 100.0
  }
}