{
  "spec": {
    "run_id": "seed10_N20_M3_D10_B10_K10_lo0.5_lt5.0_twA",
    "seed": 10,
    "n_clients": 20,
    "num_uavs": 3,
    "delta_min": 10,
    "bs_count": 10,
    "edge_samples": 10,
    "lambda_out": 0.5,
    "lambda_tw": 5.0,
    "tw_family": "A",
    "tw_mode": "soft"
  },
  "scenario": {
    "depot_xy": [
      500.0,
      500.0
    ],
    "client_xy": [
      [
        505.8248524844124,
        958.0906291267248
      ],
      [
        414.7220396150081,
        646.336816366013
      ],
      [
        627.2231773848525,
        106.74429578652145
      ],
      [
        545.588306316373,
        849.7453262560721
      ],
      [
        575.0981656998539,
        727.7272535795648
      ],
      [
        273.30792787446615,
        242.27685361489404
      ],
      [
        693.3582475659101,
        703.6835929280874
      ],
      [
        824.2513543499207,
        270.0710020242171
      ],
      [
        105.24272579799721,
        859.257174510952
      ],
      [
        604.1013595955211,
        916.6270080450128
      ],
      [
        752.2010631479928,
        157.67039538931994
      ],
      [
        50.54757271850507,
        930.6108173859462
      ],
      [
        166.19791710178023,
        168.457975480779
      ],
      [
        760.341437463164,
        218.90002356249016
      ],
      [
        868.9999961870587,
        208.43928657340672
      ],
      [
        240.1532952687866,
        841.0504548966987
      ],
      [
        125.5559326329878,
        779.9225622885798
      ],
      [
        31.158915478947446,
        364.3425939178614
      ],
      [
        311.22606928006957,
        586.2672439550098
      ],
      [
        343.22740809203776,
        645.3550176239638
      ]
    ],
    "delivery": [
      0.0,
      0.0,
      0.0,
      1.3693321514464623,
      0.0,
      1.3349943236801025,
      0.8661136461984469,
      0.0,
      0.0,
      0.933702371253881,
      1.6406889041726562,
      1.9278875461224807,
      0.0,
      0.0,
      1.648498159693723,
      0.0,
      0.0,
      0.0,
      1.6991258238103044,
      1.7866924497648462
    ],
    "pickup": [
      0.7319557477041877,
      1.8930253259404242,
      0.6473155759155678,
      0.0,
      0.6375412666038398,
      0.0,
      0.0,
      1.3754513787444869,
      1.7975149818235086,
      0.0,
      0.0,
      0.0,
      0.917817684958756,
      1.5208742322882294,
      0.0,
      0.8785025734507479,
      1.0557977560373302,
      1.5525942973752247,
      0.0,
      0.0
    ],
    "service_duration_s": [
      60.0,
      60.0,
      60.0,
      60.0,
      60.0,
      60.0,
      60.0,
      60.0,
      60.0,
      60.0,
      60.0,
      60.0,
      60.0,
      60.0,
      60.0,
      60.0,
      60.0,
      60.0,
      60.0,
      60.0
    ],
    "tw_early_s": [
      0.0,
      0.0,
      0.0,
      0.0,
      0.0,
      0.0,
      0.0,
      0.0,
      0.0,
      0.0,
      0.0,
      0.0,
      0.0,
      0.0,
      0.0,
      0.0,
      46.138526630298884,
      0.0,
      0.0,
      0.0
    ],
    "tw_late_s": [
      1063.6954722688397,
      1060.3126151910637,
      773.7418062304548,
      932.7992726910861,
      979.6401034881856,
      634.3235364942494,
      852.021884626253,
      839.0085301582338,
      1096.9685032966013,
      967.3093858711695,
      765.6574474927062,
      1169.3060567338905,
      647.0472044408053,
      743.0829577013949,
      859.97116025629,
      1023.3551472100057,
      1246.1385266302989,
      648.8072632258571,
      1194.1824627615647,
      1127.4627524382604
    ],
    "bs_xy": [
      [
        226.44544418545453,
        898.996011266234
      ],
      [
        615.8673546533197,
        325.3209649584178
      ],
      [
        875.2456592822276,
        105.342842812853
      ],
      [
        425.83009534029003,
        129.49405929544366
      ],
      [
        131.47369021732868,
        926.1170086701724
      ],
      [
        845.9646300341959,
        392.1157433079714
      ],
      [
        972.2233960835923,
        136.21071797306038
      ],
      [
        207.2774481438836,
        920.6974335405584
      ],
      [
        922.7671322611527,
        426.99365888691733
      ],
      [
        400.90472484971997,
        935.8784048145136
      ]
    ],
    "speed_mps": 10.0,
    "capacity_kg": 6.0,
    "altitude_m": 100.0
  }
}