{
  "spec": {
    "run_id": "seed1_N20_M3_D2_B7_K10_lo1.0_lt0.0_twA",
    "seed": 1,
    "n_clients": 20,
    "num_uavs": 3,
    "delta_min": 2,
    "bs_count": 7,
    "edge_samples": 10,
    "lambda_out": 1.0,
    "lambda_tw": 0.0,
    "tw_family": "A",
    "tw_mode": "soft"
  },
  "scenario": {
    "depot_xy": [
      500.0,
      500.0
    ],
    "client_xy": [
      [
        399.2389295207127,
        386.98267766531023
      ],
      [
        426.2778878212508,
        191.05097475750742
      ],
      [
        370.3014033760513,
        974.7909295667014
      ],
      [
        675.3974654662737,
        36.72889682351577
      ],
      [
        998.7375593829273,
        709.5481386283194
      ],
      [
        192.95715974521787,
        31.36562192366621
      ],
      [
        408.9749298052252,
        330.5031804088961
      ],
      [
        280.7098438584977,
        288.4194281151774
      ],
      [
        667.0681796955568,
        713.996523441964
      ],
      [
        909.3310064425941,
        13.55333890654087
      ],
      [
        745.1674305362968,
        747.9468868909514
      ],
      [
        66.43863237833148,
        805.1775631695413
      ],
      [
        234.61822631298446,
        211.3188777242484
      ],
      [
        910.8972931720509,
        174.01740787741272
      ],
      [
        889.6262954559203,
        102.34217857361783
      ],
      [
        887.824095435105,
        362.531906906399
      ],
      [
        547.6790460266717,
        844.2833175579034
      ],
      [
        164.89340039470113,
        717.0036998180391
      ],
      [
        112.17224567688777,
        331.8790172307352
      ],
      [
        431.290335304115,
        335.38173121893766
      ]
    ],
    "delivery": [
      0.0,
      0.0,
      0.7269975128314305,
      1.4321570741645986,
      1.3681647137695765,
      0.0,
      1.842362866157648,
      0.9961627488424117,
      1.869240515064291,
      1.465835109294938,
      0.7798192809085236,
      0.0,
      1.1066362987602045,
      0.0,
      0.0,
      0.0,
      0.0,
      0.0,
      1.867688225575415,
      1.1044640118119955
    ],
    "pickup": [
      0.7080417649556112,
      0.9045701895043916,
      0.0,
      0.0,
      0.0,
      0.679252906555381,
      0.0,
      0.0,
      0.0,
      0.0,
      0.0,
      1.0369748978299178,
      0.0,
      1.9935822812185442,
      1.060661589404611,
      1.120220961791171,
      1.0580225425092031,
      0.5834496197618848,
      0.0,
      0.0
    ],
    "service_duration_s": [
      60.0,
      60.0,
      60.0,
      60.0,
      60.0,
      60.0,
      60.0,
      60.0,
      60.0,
      60.0,
      60.0,
      60.0,
      60.0,
      60.0,
      60.0,
      60.0,
      60.0,
      60.0,
      60.0,
      60.0
    ],
    "tw_early_s": [
      11.500722855162849,
      85.90729991884902,
      410.8050727825164,
      99.99180585063854,
      314.77681032128663,
      0.0,
      0.33272149356263014,
      0.0,
      391.671373121657,
      195.20302451467995,
      306.98923568947623,
      512.4224912279352,
      0.0,
      187.25135539145947,
      193.08367084519085,
      290.1670900883966,
      421.8520002744183,
      522.1911811775911,
      0.0,
      77.57521895513173
    ],
    "tw_late_s": [
      251.50072285516285,
      325.90729991884905,
      650.8050727825164,
      339.99180585063857,
      554.7768103212866,
      237.63399553828563,
      240.33272149356264,
      150.4720381628261,
      631.671373121657,
      435.20302451467995,
      546.9892356894762,
      752.4224912279352,
      159.21278824103865,
      427.25135539145947,
      433.08367084519085,
      530.1670900883967,
      661.8520002744183,
      762.1911811775911,
      162.26996946658605,
      317.57521895513173
    ],
    "bs_xy": [
      [
        394.68307603453536,
        501.60647395842716
      ],
      [
        814.5307455381643,
        79.40219908135127
      ],
      [
        998.7908116493127,
        965.1711519114722
      ],
      [
        785.8657216236659,
        570.6569520188093
      ],
      [
        691.0650308497725,
        475.31078118931214
      ],
      [
        58.03284688617472,
        593.7883895036913
      ],
      [
        773.8293213310545,
        494.3876570088036
      ]
    ],
    "speed_mps": 10.0,
    "capacity_kg": 6.0,
    "altitude_m": 100.0
  }
}