{
  "spec": {
    "run_id": "seed6_N40_M3_D10_B10_K10_lo0.0_lt1.0_twA",
    "seed": 6,
    "n_clients": 40,
    "num_uavs": 3,
    "delta_min": 10,
    "bs_count": 10,
    "edge_samples": 10,
    "lambda_out": 0.0,
    "lambda_tw": 1.0,
    "tw_family": "A",
    "tw_mode": "soft"
  },
  "scenario": {
    "depot_xy": [
      500.0,
      500.0
    ],
    "client_xy": [
      [
        26.935990950669897,
        102.267867735359
      ],
      [
        928.344172544812,
        101.42041074203323
      ],
      [
        225.80065315613075,
        275.217974981759
      ],
      [
        102.37504294232957,
        52.730825925795145
      ],
      [
        772.8219413949489,
        238.39114651850423
      ],
      [
        427.46066820956577,
        605.9776959470341
      ],
      [
        325.47102939409666,
        759.9369156790835
      ],
      [
        716.1979497353589,
        621.1611351907713
      ],
      [
        676.6774223669711,
        472.8301439850313
      ],
      [
        48.45120745655696,
        854.3846632239872
      ],
      [
        726.4973232066877,
        767.6646566076234
      ],
      [
        254.49563420860954,
        574.9604025578402
      ],
      [
        925.8760079429293,
        665.4879925562875
      ],
      [
        798.6152231827926,
        619.5004026368558
      ],
      [
        840.7016236964608,
        89.04163508622499
      ],
      [
        264.1981131163078,
        947.56606372169
      ],
      [
        315.4768739874353,
        195.0350784020517
      ],
      [
        321.6281779818194,
        217.41609839923282
      ],
      [
        296.6232719433425,
        102.49832497509448
      ],
      [
        214.59529593643222,
        806.4980183279629
      ],
      [
        209.07127481664378,
        82.44150260227067
      ],
      [
        831.6291093251274,
        255.7832644433119
      ],
      [
        687.2916406519643,
        312.9294727442513
      ],
      [
        635.8429888122643,
        226.43841702551683
      ],
      [
        599.1921539177168,
        673.719536511464
      ],
      [
        44.649099720391995,
        630.9299395670554
      ],
      [
        481.9804692096098,
        864.147753390153
      ],
      [
        64.99909756200906,
        190.22676359299584
      ],
      [
        842.8431249906357,
        707.7277743548765
      ],
      [
        112.6608349471604,
        115.83998267525641
      ],
      [
        749.7061047936016,
        677.5686290712767
      ],
      [
        351.43399320020865,
        882.8314326088437
      ],
      [
        155.68906815536243,
        93.49960975260552
      ],
      [
        399.8558486929432,
        540.4763595028375
      ],
      [
        308.5778113559615,
        39.03683881527442
      ],
      [
        158.17849811122952,
        655.9737192638954
      ],
      [
        735.9989643151339,
        36.28945997309607
      ],
      [
        228.07987510407978,
        299.31108238781457
      ],
      [
        726.0937644871807,
        55.72042657057308
      ],
      [
        983.6885392340567,
        67.96951368383641
      ]
    ],
    "delivery": [
      0.0,
      0.0,
      0.0,
      1.3061137876141338,
      1.2768261393913296,
      1.8446075892768183,
      0.5030687030509317,
      0.0,
      0.70198566694469,
      1.9059929481048914,
      1.430447752834533,
      0.6330105646181353,
      0.0,
      0.0,
      0.5861301698420103,
      1.9741813671019772,
      0.8153309599032705,
      1.5652174826554768,
      1.2358216779716922,
      0.0,
      0.6607796632532246,
      0.0,
      0.0,
      1.7042686487789682,
      0.0,
      0.0,
      0.0,
      0.0,
      1.0613375641889622,
      0.0,
      0.0,
      1.8104267638730298,
      1.898770292798437,
      1.5302798119268273,
      0.0,
      0.0,
      0.0,
      1.5071235430159615,
      0.0,
      0.0
    ],
    "pickup": [
      1.2797001199264064,
      0.7905669844641452,
      0.8378352476466355,
      0.0,
      0.0,
      0.0,
      0.0,
      1.557087009065346,
      0.0,
      0.0,
      0.0,
      0.0,
      1.4520473109268437,
      0.9116566186307136,
      0.0,
      0.0,
      0.0,
      0.0,
      0.0,
      1.2241339295695566,
      0.0,
      1.088085347116142,
      1.4051872880477454,
      0.0,
      1.7145761592197992,
      1.5904062731049369,
      0.5916094433113479,
      1.297153087399285,
      0.0,
      1.6441430095734002,
      0.9410765682928751,
      0.0,
      0.0,
      0.0,
      1.7258321652881958,
      0.8690032618286256,
      0.957907895472621,
      0.0,
      1.7434175663498461,
      1.7092237104617014
    ],
    "service_duration_s": [
      60.0,
      60.0,
      60.0,
      60.0,
      60.0,
      60.0,
      60.0,
      60.0,
      60.0,
      60.0,
      60.0,
      60.0,
      60.0,
      60.0,
      60.0,
      60.0,
      60.0,
      60.0,
      60.0,
      60.0,
      60.0,
      60.0,
      60.0,
      60.0,
      60.0,
      60.0,
      60.0,
      60.0,
      60.0,
      60.0,
      60.0,
      60.0,
      60.0,
      60.0,
      60.0,
      60.0,
      60.0,
      60.0,
      60.0,
      60.0
    ],
    "tw_early_s": [
      0.0,
      0.0,
      0.0,
      0.0,
      0.0,
      363.3784510244326,
      271.1731760496966,
      100.74699128758925,
      25.39643591146273,
      360.44096700880596,
      175.43350172453097,
      455.15871797922523,
      62.35268432209955,
      32.14548888566708,
      0.0,
      319.5380173549788,
      0.0,
      0.0,
      0.0,
      394.4914894947151,
      0.0,
      0.0,
      0.0,
      0.0,
      216.26990810144696,
      522.3927419098854,
      192.3702232369577,
      0.0,
      131.6686162764247,
      0.0,
      99.73760373124674,
      274.66816596548813,
      0.0,
      486.9089223621893,
      0.0,
      450.76685906147804,
      0.0,
      0.0,
      0.0,
      0.0
    ],
    "tw_late_s": [
      722.9868746537891,
      1120.5320465706159,
      635.4559220132414,
      720.8988803223099,
      1069.4917414326421,
      1563.3784510244327,
      1471.1731760496966,
      1300.7469912875893,
      1225.3964359114627,
      1560.440967008806,
      1375.433501724531,
      1655.1587179792252,
      1262.3526843220995,
      1232.145488885667,
      1051.6808034627961,
      1519.5380173549788,
      874.8238807155394,
      808.3202545027362,
      854.6567040328051,
      1594.491489494715,
      785.6747063014714,
      1135.6242521467611,
      1043.8696936829397,
      967.0140371619837,
      1416.269908101447,
      1722.3927419098854,
      1392.3702232369578,
      653.4027380492738,
      1331.6686162764247,
      715.4715541478412,
      1299.7376037312467,
      1474.6681659654882,
      795.8920043461748,
      1686.9089223621893,
      886.2058555043214,
      1650.766859061478,
      988.9488537715758,
      633.7959459071296,
      957.8577544534825,
      1142.321807153068
    ],
    "bs_xy": [
      [
        776.6357078364667,
        929.3359697714193
      ],
      [
        61.43423738193976,
        776.6134445497131
      ],
      [
        668.7732800682329,
        411.8251231238287
      ],
      [
        342.13851797590667,
        554.4179731547961
      ],
      [
        696.3230672376561,
        408.58956529867754
      ],
      [
        540.8103594610459,
        375.31327482616706
      ],
      [
        642.368972812534,
        620.4237804997327
      ],
      [
        955.3539707470345,
        654.5916979779846
      ],
      [
        265.73768084851747,
        20.990675695947147
      ],
      [
        483.60288997312705,
        477.4183990179752
      ]
    ],
    "speed_mps": 10.0,
    "capacity_kg": 6.0,
    "altitude_m": 100.0
  }
}