{
  "spec": {
    "run_id": "seed5_N20_M3_D10_B7_K10_lo0.5_lt0.0_twA",
    "seed": 5,
    "n_clients": 20,
    "num_uavs": 3,
    "delta_min": 10,
    "bs_count": 7,
    "edge_samples": 10,
    "lambda_out": 0.5,
    "lambda_tw": 0.0,
    "tw_family": "A",
    "tw_mode": "soft"
  },
  "scenario": {
    "depot_xy": [
      500.0,
      500.0
    ],
    "client_xy": [
      [
        732.6790087416147,
        453.87113069389994
      ],
      [
        527.7293556302413,
        320.0373046251981
      ],
      [
        887.9450109747318,
        260.16499567888974
      ],
      [
        828.0788510724675,
        617.2827206893728
      ],
      [
        104.22233425378703,
        107.56894058225552
      ],
      [
        735.7140790564621,
        946.2410754463211
      ],
      [
        63.63587496707479,
        559.1723654530426
      ],
      [
        681.7734386906633,
        998.5382521826727
      ],
      [
        205.83844643833783,
        80.77926995850848
      ],
      [
        539.8435783607023,
        70.84639417845806
      ],
      [
        542.8406909297944,
        899.0062591861353
      ],
      [
        636.5969089957405,
        180.42606045398247
      ],
      [
        518.1305474263823,
        422.87461356793585
      ],
      [
        341.2502942813458,
        471.74105095311614
      ],
      [
        493.4328995400308,
        209.8490402757942
      ],
      [
        824.1753595132409,
        203.72974186037996
      ],
      [
        78.48280145034903,
        549.7014641528681
      ],
      [
        759.8299228755391,
        965.1335845589215
      ],
      [
        40.56370526854391,
        914.6718449958993
      ],
      [
        615.524216875912,
        998.3203014776311
      ]
    ],
    "delivery": [
      1.0177089418666223,
      1.425906548075571,
      0.0,
      1.5238856939327003,
      1.132339090716516,
      0.0,
      0.0,
      0.994728815723809,
      0.9718187356787085,
      0.0,
      0.8169146254770128,
      0.0,
      1.707572914704704,
      1.5665264316379952,
      0.0,
      0.7967687833800947,
      0.0,
      0.0,
      0.0,
      0.0
    ],
    "pickup": [
      0.0,
      0.0,
      1.4958101868975557,
      0.0,
      0.0,
      0.9619353800396151,
      1.9750385115962317,
      0.0,
      0.0,
      0.6728912224013435,
      0.0,
      1.941765304001129,
      0.0,
      0.0,
      1.8185416194376227,
      0.0,
      1.6590159610622428,
      1.4268960028544595,
      1.8928859991526914,
      0.9548690886276341
    ],
    "service_duration_s": [
      60.0,
      60.0,
      60.0,
      60.0,
      60.0,
      60.0,
      60.0,
      60.0,
      60.0,
      60.0,
      60.0,
      60.0,
      60.0,
      60.0,
      60.0,
      60.0,
      60.0,
      60.0,
      60.0,
      60.0
    ],
    "tw_early_s": [
      0.0,
      0.0,
      0.0,
      0.0,
      0.0,
      0.0,
      25.249781927137292,
      0.0,
      0.0,
      0.0,
      0.0,
      0.0,
      0.0,
      0.0,
      0.0,
      0.0,
      30.25567539500264,
      0.0,
      0.0,
      0.0
    ],
    "tw_late_s": [
      923.0534585677526,
      751.3201176672044,
      888.2621564144453,
      944.5218306542087,
      655.735275822342,
      1032.2913884742097,
      1225.2497819271373,
      1045.3582181029594,
      651.2129905483298,
      759.4519103830714,
      1112.1486973841788,
      834.0700191013798,
      787.8595380335589,
      616.1245270525972,
      706.4142894484845,
      843.1646905760207,
      1230.2556753950025,
      1019.913687249883,
      1170.0253269365608,
      1094.7209472813315
    ],
    "bs_xy": [
      [
        253.53716868529486,
        258.09745724794163
      ],
      [
        405.1650683282588,
        572.1295308829025
      ],
      [
        539.5413629895179,
        909.7856416461822
      ],
      [
        34.73519264756308,
        916.5207119580376
      ],
      [
        278.3179732500566,
        889.5968855457737
      ],
      [
        643.8712300353448,
        0.6200840271252117
      ],
      [
        690.4886647731355,
        400.4009042512917
      ]
    ],
    "speed_mps": 10.0,
    "capacity_kg": 6.0,
    "altitude_m": 100.0
  }
}