{
  "spec": {
    "run_id": "seed9_N10_M3_D2_B4_K10_lo0.5_lt5.0_twA",
    "seed": 9,
    "n_clients": 10,
    "num_uavs": 3,
    "delta_min": 2,
    "bs_count": 4,
    "edge_samples": 10,
    "lambda_out": 0.5,
    "lambda_tw": 5.0,
    "tw_family": "A",
    "tw_mode": "soft"
  },
  "scenario": {
    "depot_xy": [
      500.0,
      500.0
    ],
    "client_xy": [
      [
        532.9194966118405,
        835.6366034501988
      ],
      [
        654.0129649118721,
        654.1431339932042
      ],
      [
        754.0680045445303,
        437.30409313928584
      ],
      [
        748.7227600541127,
        80.94867533931416
      ],
      [
        385.8719648788562,
        969.3305752130407
      ],
      [
        936.5574490621,
        375.07793373197717
      ],
      [
        95.74141942055991,
        270.683687845108
      ],
      [
        422.2524888267276,
        789.2872572272576
      ],
      [
        294.43432554785585,
        825.2215440853322
      ],
      [
        876.0598977814777,
        643.2706956322991
      ]
    ],
    "delivery": [
      0.0,
      0.7603815060754302,
      1.9991633268992084,
      0.0,
      1.7397521784191943,
      0.0,
      0.0,
      0.0,
      0.0,
      1.3339979265014401
    ],
    "pickup": [
      0.9190525956724396,
      0.0,
      0.0,
      1.0610715593878255,
      0.0,
      1.6686952378538327,
      0.9050884510706014,
      1.1920456890912334,
      1.6602093089750372,
      0.0
    ],
    "service_duration_s": [
      60.0,
      60.0,
      60.0,
      60.0,
      60.0,
      60.0,
      60.0,
      60.0,
      60.0,
      60.0
    ],
    "tw_early_s": [
      159.9459158054899,
      25.12048469668781,
      54.38546680293416,
      0.0,
      165.25921431574403,
      0.0,
      0.0,
      111.94898676443543,
      243.81716426027157,
      46.38653350065351
    ],
    "tw_late_s": [
      399.9459158054899,
      265.1204846966878,
      294.38546680293416,
      168.7305883474447,
      405.25921431574403,
      165.40792100198823,
      166.47698043036183,
      351.9489867644354,
      483.81716426027157,
      286.3865335006535
    ],
    "bs_xy": [
      [
        967.8936871913779,
        956.1000977426843
      ],
      [
        831.8656461192601,
        755.234560058448
      ],
      [
        822.93196167826,
        357.327358069083
      ],
      [
        629.6890916437642,
        902.4961487086476
      ]
    ],
    "speed_mps": 10.0,
    "capacity_kg": 6.0,
    "altitude_m": 100.0
  }
}