{
  "spec": {
    "run_id": "seed5_N10_M3_D2_B4_K10_lo0.0_lt0.0_twA",
    "seed": 5,
    "n_clients": 10,
    "num_uavs": 3,
    "delta_min": 2,
    "bs_count": 4,
    "edge_samples": 10,
    "lambda_out": 0.0,
    "lambda_tw": 0.0,
    "tw_family": "A",
    "tw_mode": "soft"
  },
  "scenario": {
    "depot_xy": [
      500.0,
      500.0
    ],
    "client_xy": [
      [
        535.3054809151698,
        229.25212990600795
      ],
      [
        817.0773604825363,
        447.0798061358776
      ],
      [
        463.1133372184032,
        180.32151621178528
      ],
      [
        494.4706510042129,
        848.3729865742602
      ],
      [
        609.2602340424413,
        154.3920339271979
      ],
      [
        738.0293790685165,
        581.6896576254829
      ],
      [
        801.8169612235926,
        583.824043822585
      ],
      [
        637.0521736272486,
        297.86150965872605
      ],
      [
        828.0725751542353,
        526.8034508444465
      ],
      [
        441.9802848077348,
        268.0570098390895
      ]
    ],
    "delivery": [
      1.1909614182766992,
      0.0,
      0.9679294138225059,
      0.0,
      0.0,
      0.0,
      0.0,
      0.0,
      1.6970314609391979,
      0.9628198967473631
    ],
    "pickup": [
      0.0,
      0.5515160303532751,
      0.0,
      0.7597823779739559,
      0.9914071850674652,
      0.848868702659095,
      0.5737187554027177,
      1.3651791660976644,
      0.0,
      0.0
    ],
    "service_duration_s": [
      60.0,
      60.0,
      60.0,
      60.0,
      60.0,
      60.0,
      60.0,
      60.0,
      60.0,
      60.0
    ],
    "tw_early_s": [
      0.0,
      2.9192139890263746,
      0.0,
      193.66235545490423,
      0.0,
      78.52959370371778,
      86.17623420653314,
      0.0,
      87.32692515517732,
      0.0
    ],
    "tw_late_s": [
      147.30400815687773,
      242.9192139890264,
      152.1799563219553,
      433.66235545490423,
      224.13327931772375,
      318.52959370371775,
      326.17623420653314,
      233.1729001057056,
      327.3269251551773,
      143.9089602525446
    ],
    "bs_xy": [
      [
        763.9769080116608,
        387.1275006639986
      ],
      [
        459.0821955026142,
        489.5473016872859
      ],
      [
        720.2745397401237,
        694.4280326004603
      ],
      [
        484.0196441863417,
        667.5184262833535
      ]
    ],
    "speed_mps": 10.0,
    "capacity_kg": 6.0,
    "altitude_m": 100.0
  }
}