{
  "spec": {
    "run_id": "seed10_N40_M3_D2_B7_K10_lo0.5_lt0.0_twA",
    "seed": 10,
    "n_clients": 40,
    "num_uavs": 3,
    "delta_min": 2,
    "bs_count": 7,
    "edge_samples": 10,
    "lambda_out": 0.5,
    "lambda_tw": 0.0,
    "tw_family": "A",
    "tw_mode": "soft"
  },
  "scenario": {
    "depot_xy": [
      500.0,
      500.0
    ],
    "client_xy": [
      [
        152.035201385045,
        703.6555955724356
      ],
      [
        400.36032468161034,
        67.93444866170428
      ],
      [
        708.9477933159272,
        993.5683579259127
      ],
      [
        845.1302238112255,
        504.17931253499125
      ],
      [
        971.3534937053379,
        994.6757492395219
      ],
      [
        408.18482871102356,
        838.4214867435875
      ],
      [
        718.7080988642406,
        822.9148530877799
      ],
      [
        833.5835851138262,
        524.7395681539658
      ],
      [
        159.04335755767318,
        557.2373263005067
      ],
      [
        3.7501717653589672,
        501.3141964531973
      ],
      [
        829.7827236293413,
        436.87971109899826
      ],
      [
        647.8985683669807,
        353.7724813157076
      ],
      [
        945.4949303704472,
        913.8694866766933
      ],
      [
        973.6233695394993,
        316.6550828467932
      ],
      [
        666.5431069288801,
        637.0147798504712
      ],
      [
        840.6266163780127,
        787.7379128794103
      ],
      [
        27.345153680093826,
        136.62589773685374
      ],
      [
        604.703262838687,
        730.3819141515925
      ],
      [
        628.595548816224,
        397.1382761629585
      ],
      [
        790.3863337705533,
        126.75336911464008
      ],
      [
        116.66673608226175,
        613.0602671984263
      ],
      [
        435.2855681653989,
        359.95323088573747
      ],
      [
        411.67410330716405,
        670.9107555407272
      ],
      [
        271.07800395113156,
        240.16761022143274
      ],
      [
        567.2828574189399,
        776.643149719309
      ],
      [
        452.7091408596687,
        633.3393745168398
      ],
      [
        864.0619633955716,
        189.12238144724037
      ],
      [
        476.21045600807435,
        568.9543347824083
      ],
      [
        340.56037811626027,
        461.28786465685613
      ],
      [
        82.57674013867766,
        356.89934031856774
      ],
      [
        815.7749622931192,
        988.6385100221848
      ],
      [
        912.106625427054,
        848.8518936391109
      ],
      [
        680.3560111342871,
        811.1265683614363
      ],
      [
        657.4960164732323,
        312.9149754363456
      ],
      [
        315.1897398209957,
        90.51356619221596
      ],
      [
        843.5311569575856,
        622.3528099805657
      ],
      [
        236.71412222777553,
        178.55998166974362
      ],
      [
        603.2358953304973,
        289.885087901153
      ],
      [
        237.03797797219795,
        668.820211750076
      ],
      [
        164.85025565938471,
        926.9124939098729
      ]
    ],
    "delivery": [
      1.0860271353458573,
      1.75293876226052,
      0.0,
      0.73613263324523,
      1.8200760560520504,
      0.0,
      1.0797985003341872,
      0.0,
      0.0,
      0.910138368055956,
      0.5512594639577012,
      1.1735025650187314,
      1.5004609989261986,
      0.0,
      1.3506457163162064,
      0.0,
      1.5417979993698172,
      0.0,
      1.629956037663601,
      0.0,
      0.0,
      1.3099045643783587,
      1.8482055677572993,
      0.9795358007058028,
      1.742086754681036,
      0.6597299232963354,
      0.5418289795766751,
      0.0,
      0.0,
      0.0,
      1.384041995046804,
      0.0,
      0.0,
      0.0,
      1.1641093046962168,
      0.0,
      0.0,
      0.7142162394113717,
      1.4249459317475388,
      0.0
    ],
    "pickup": [
      0.0,
      0.0,
      1.750792061824125,
      0.0,
      0.0,
      1.7354251513451702,
      0.0,
      0.9347580269845798,
      1.4753911994111102,
      0.0,
      0.0,
      0.0,
      0.0,
      1.387578434187286,
      0.0,
      1.722251580690015,
      0.0,
      1.269043785146358,
      0.0,
      1.4415749172878414,
      0.9476150449801657,
      0.0,
      0.0,
      0.0,
      0.0,
      0.0,
      0.0,
      0.826211515649982,
      0.9281958569121663,
      1.8278265099040705,
      0.0,
      0.8959165158707525,
      1.9497959184388085,
      0.5522579816834745,
      0.0,
      1.289791384332767,
      1.2523215448702456,
      0.0,
      0.0,
      0.9070246338793159
    ],
    "service_duration_s": [
      60.0,
      60.0,
      60.0,
      60.0,
      60.0,
      60.0,
      60.0,
      60.0,
      60.0,
      60.0,
      60.0,
      60.0,
      60.0,
      60.0,
      60.0,
      60.0,
      60.0,
      60.0,
      60.0,
      60.0,
      60.0,
      60.0,
      60.0,
      60.0,
      60.0,
      60.0,
      60.0,
      60.0,
      60.0,
      60.0,
      60.0,
      60.0,
      60.0,
      60.0,
      60.0,
      60.0,
      60.0,
      60.0,
      60.0,
      60.0
    ],
    "tw_early_s": [
      879.3192924165344,
      87.4519435256934,
      663.2520543050193,
      336.0264251997858,
      540.7708003823519,
      716.3950261797146,
      559.2860027071056,
      369.98444888818403,
      940.8156160021758,
      964.4052430277513,
      317.5095506972851,
      192.11924387313763,
      517.5854345106652,
      284.90252427153234,
      418.2836980995079,
      456.2937122031673,
      0.0,
      633.9691384162726,
      251.87170538299023,
      162.84482660037258,
      970.8689568753143,
      46.126109533886165,
      793.1497330125196,
      0.0,
      706.9971581019275,
      785.3446670645862,
      232.49780132321678,
      771.6735099654248,
      0.0,
      0.0,
      592.5579683543476,
      479.7730018745251,
      635.1757181505584,
      182.96732364359963,
      55.187180181658505,
      396.10774680005613,
      7.698946757892742,
      124.32414708087782,
      867.2016888909938,
      879.1160244484388
    ],
    "tw_late_s": [
      1119.3192924165344,
      327.4519435256934,
      903.2520543050193,
      576.0264251997858,
      780.7708003823519,
      956.3950261797146,
      799.2860027071056,
      609.984448888184,
      1180.8156160021758,
      1204.4052430277513,
      557.509550697285,
      432.11924387313763,
      757.5854345106652,
      524.9025242715323,
      658.2836980995079,
      696.2937122031673,
      179.6190692601991,
      873.9691384162726,
      491.8717053829902,
      402.8448266003726,
      1210.8689568753143,
      286.12610953388617,
      1033.1497330125196,
      219.585200135603,
      946.9971581019275,
      1025.3446670645862,
      472.4978013232168,
      1011.6735099654248,
      136.40720038557944,
      164.12708654267968,
      832.5579683543476,
      719.7730018745251,
      875.1757181505584,
      422.9673236435996,
      295.1871801816585,
      636.1077468000561,
      247.69894675789274,
      364.3241470808778,
      1107.2016888909939,
      1119.1160244484388
    ],
    "bs_xy": [
      [
        345.5704805379358,
        307.3224906374835
      ],
      [
        872.2108638911974,
        323.43215878819467
      ],
      [
        432.4113027118296,
        151.36966858923483
      ],
      [
        337.5712334264207,
        813.4780675898912
      ],
      [
        411.67136832483743,
        704.7906996632562
      ],
      [
        262.79463847470686,
        19.635555182419438
      ],
      [
        797.1186732794604,
        524.8256795637485
      ]
    ],
    "speed_mps": 10.0,
    "capacity_kg": 6.0,
    "altitude_m": 100.0
  }
}