{
  "spec": {
    "run_id": "seed7_N20_M3_D2_B10_K10_lo0.0_lt0.0_twA",
    "seed": 7,
    "n_clients": 20,
    "num_uavs": 3,
    "delta_min": 2,
    "bs_count": 10,
    "edge_samples": 10,
    "lambda_out": 0.0,
    "lambda_tw": 0.0,
    "tw_family": "A",
    "tw_mode": "soft"
  },
  "scenario": {
    "depot_xy": [
      500.0,
      500.0
    ],
    "client_xy": [
      [
        597.3925384753258,
        818.9621148070422
      ],
      [
        188.3714291663644,
        498.42281724201933
      ],
      [
        713.9483370582162,
        64.82400586111592
      ],
      [
        899.7975166043433,
        912.0202243454021
      ],
      [
        52.37379352505356,
        73.81060674955032
      ],
      [
        461.8120975876026,
        912.3180507050628
      ],
      [
        872.3002188387551,
        134.25270030265324
      ],
      [
        429.3796278167338,
        135.33514737626163
      ],
      [
        63.99294822063617,
        516.7605739965775
      ],
      [
        944.2205352985744,
        519.8721987724061
      ],
      [
        617.6635646046354,
        488.3487117502109
      ],
      [
        799.5481872892635,
        916.5408809741604
      ],
      [
        94.06518040679369,
        963.6771170089514
      ],
      [
        659.5667963848737,
        706.9376102034665
      ],
      [
        776.0056089140195,
        93.29992399645593
      ],
      [
        175.22711203030872,
        695.7919135835572
      ],
      [
        791.9348891666128,
        45.20111481302913
      ],
      [
        238.57286583663216,
        809.4527281882728
      ],
      [
        481.0303465078586,
        782.4008353832199
      ],
      [
        429.6411318422525,
        620.8949994816454
      ]
    ],
    "delivery": [
      0.7342794330443247,
      0.0,
      1.9665632798092594,
      1.3970681060950627,
      0.9046746206535528,
      1.580002604425318,
      0.0,
      1.3968371932738732,
      1.0007029595526207,
      1.3702148225640132,
      1.777072866106123,
      0.0,
      1.6934842517599829,
      0.0,
      0.615991161673807,
      0.6690043283670624,
      0.7766556674997251,
      1.710311662631879,
      1.621759646651461,
      0.5278550875938668
    ],
    "pickup": [
      0.0,
      0.8473812162735281,
      0.0,
      0.0,
      0.0,
      0.0,
      0.7679141309026088,
      0.0,
      0.0,
      0.0,
      0.0,
      0.9696895708452329,
      0.0,
      0.7526997021115724,
      0.0,
      0.0,
      0.0,
      0.0,
      0.0,
      0.0
    ],
    "service_duration_s": [
      60.0,
      60.0,
      60.0,
      60.0,
      60.0,
      60.0,
      60.0,
      60.0,
      60.0,
      60.0,
      60.0,
      60.0,
      60.0,
      60.0,
      60.0,
      60.0,
      60.0,
      60.0,
      60.0,
      60.0
    ],
    "tw_early_s": [
      346.0539905420791,
      0.0,
      39.29834372962958,
      254.41405019003906,
      0.0,
      313.91369204528013,
      116.5887058066059,
      0.0,
      523.5528115286352,
      117.914684918597,
      183.43641399586113,
      220.1374432034608,
      411.04528893897646,
      265.6933201961029,
      12.060550201421279,
      518.530880080432,
      75.81811003238664,
      429.4724880618335,
      345.0762926949788,
      432.00993718262737
    ],
    "tw_late_s": [
      586.0539905420791,
      151.1632561946383,
      279.29834372962955,
      494.41405019003906,
      181.80668407561905,
      553.9136920452802,
      356.5887058066059,
      157.1440024373244,
      763.5528115286352,
      357.914684918597,
      423.43641399586113,
      460.1374432034608,
      651.0452889389765,
      505.6933201961029,
      252.06055020142128,
      758.530880080432,
      315.81811003238664,
      669.4724880618335,
      585.0762926949787,
      672.0099371826274
    ],
    "bs_xy": [
      [
        884.9989364851749,
        781.9181462895524
      ],
      [
        146.28026503857637,
        732.9808324798005
      ],
      [
        980.0431987411986,
        341.90156339771903
      ],
      [
        718.5998923840262,
        763.9135126022841
      ],
      [
        132.8095300101828,
        108.16929130705167
      ],
      [
        180.34211661182653,
        228.91838566229018
      ],
      [
        786.0411094498671,
        332.5954165853372
      ],
      [
        917.3809422432639,
        765.3083953971961
      ],
      [
        870.355440323845,
        93.86059726884655
      ],
      [
        58.46637946757372,
        571.2388142938034
      ]
    ],
    "speed_mps": 10.0,
    "capacity_kg": 6.0,
    "altitude_m": 100.0
  }
}