{
  "spec": {
    "run_id": "seed1_N10_M3_D2_B4_K10_lo0.0_lt0.0_twA",
    "seed": 1,
    "n_clients": 10,
    "num_uavs": 3,
    "delta_min": 2,
    "bs_count": 4,
    "edge_samples": 10,
    "lambda_out": 0.0,
    "lambda_tw": 0.0,
    "tw_family": "A",
    "tw_mode": "soft"
  },
  "scenario": {
    "depot_xy": [
      500.0,
      500.0
    ],
    "client_xy": [
      [
        583.6259327934973,
        655.09633826434
      ],
      [
        507.0406476488498,
        970.8622299501083
      ],
      [
        783.080481407569,
        451.8999319662008
      ],
      [
        578.2771065844177,
        659.140208676464
      ],
      [
        712.5086717082144,
        739.1234958564669
      ],
      [
        184.01640890477077,
        640.2039807339199
      ],
      [
        817.3090503824351,
        521.8754796479222
      ],
      [
        496.52909428731505,
        121.71328570577333
      ],
      [
        294.6954186518528,
        615.7670820424526
      ],
      [
        940.2831655191995,
        767.7975231904629
      ]
    ],
    "delivery": [
      0.6914137565573011,
      0.0,
      1.4022022290853255,
      0.0,
      0.0,
      0.0,
      0.0,
      0.0,
      1.1571227007420382,
      0.0
    ],
    "pickup": [
      0.0,
      0.5021768929790861,
      0.0,
      0.9056356926266627,
      1.7555815237198826,
      1.4695517698559604,
      1.6109269752805553,
      1.9851691822897988,
      0.0,
      1.7773451114951462
    ],
    "service_duration_s": [
      60.0,
      60.0,
      60.0,
      60.0,
      60.0,
      60.0,
      60.0,
      60.0,
      60.0,
      60.0
    ],
    "tw_early_s": [
      0.0,
      89.26137510686226,
      0.0,
      154.00640588262945,
      0.0,
      253.47792453387137,
      0.0,
      0.0,
      87.86471474076939,
      56.21026868543868
    ],
    "tw_late_s": [
      238.7052167346099,
      329.26137510686226,
      148.71379032778452,
      394.00640588262945,
      238.2904290783369,
      493.4779245338714,
      151.80622109972032,
      157.83026373130224,
      327.8647147407694,
      296.2102686854387
    ],
    "bs_xy": [
      [
        116.0817833012563,
        28.486377675320142
      ],
      [
        467.404163166915,
        274.27657479955116
      ],
      [
        278.37007607568967,
        167.8977365069676
      ],
      [
        874.0692863255691,
        565.9974439473787
      ]
    ],
    "speed_mps": 10.0,
    "capacity_kg": 6.0,
    "altitude_m": 100.0
  }
}