{
  "spec": {
    "run_id": "seed4_N20_M3_D2_B4_K10_lo1.0_lt5.0_twA",
    "seed": 4,
    "n_clients": 20,
    "num_uavs": 3,
    "delta_min": 2,
    "bs_count": 4,
    "edge_samples": 10,
    "lambda_out": 1.0,
    "lambda_tw": 5.0,
    "tw_family": "A",
    "tw_mode": "soft"
  },
  "scenario": {
    "depot_xy": [
      500.0,
      500.0
    ],
    "client_xy": [
      [
        533.38058134533,
        408.09036437811994
      ],
      [
        58.87292353634255,
        730.2251805938095
      ],
      [
        915.9526422769969,
        775.5677320871714
      ],
      [
        49.166561413809816,
        538.4153044049801
      ],
      [
        357.7844347527803,
        198.02743873484275
      ],
      [
        545.6006399966546,
        942.8900741234906
      ],
      [
        876.6177105188806,
        702.0044799136214
      ],
      [
        409.2020585904639,
        488.79715414346504
      ],
      [
        691.0168271924989,
        670.6946349590495
      ],
      [
        689.7033868034965,
        817.3149766017353
      ],
      [
        902.7588139902988,
        39.151318862648225
      ],
      [
        589.9639207084841,
        251.3026802762971
      ],
      [
        665.9051495958385,
        462.29339344669216
      ],
      [
        159.9933077636614,
        896.8805093214014
      ],
      [
        92.8230067604805,
        89.745487933373
      ],
      [
        755.0169529321281,
        337.1196955972423
      ],
      [
        798.9044899762393,
        161.07463550344337
      ],
      [
        776.3666705841619,
        421.26276957960005
      ],
      [
        335.1520849578453,
        373.37706821911223
      ],
      [
        607.8239746893674,
        151.5219362515179
      ]
    ],
    "delivery": [
      0.0,
      1.1895254901821863,
      0.0,
      1.2617882402099578,
      0.0,
      0.0,
      1.4790651064659905,
      1.703712340995955,
      0.8874013503536278,
      1.9720552275886276,
      0.7247510082898727,
      0.8182686811883331,
      0.0,
      1.747339951630345,
      0.0,
      0.0,
      0.0,
      0.0,
      0.0,
      1.5903965013685084
    ],
    "pickup": [
      1.865764652324825,
      0.0,
      1.416310816653231,
      0.0,
      1.5031251129364782,
      1.7887468781172642,
      0.0,
      0.0,
      0.0,
      0.0,
      0.0,
      0.0,
      1.773578097715625,
      0.0,
      0.9386073377322972,
      1.438584402236811,
      1.7375123825755494,
      1.9827289385749585,
      1.2924748416343754,
      0.0
    ],
    "service_duration_s": [
      60.0,
      60.0,
      60.0,
      60.0,
      60.0,
      60.0,
      60.0,
      60.0,
      60.0,
      60.0,
      60.0,
      60.0,
      60.0,
      60.0,
      60.0,
      60.0,
      60.0,
      60.0,
      60.0,
      60.0
    ],
    "tw_early_s": [
      66.05563707567453,
      453.43269036607717,
      285.82895133440087,
      510.50339361502324,
      0.0,
      386.4685098627089,
      247.78919818414118,
      0.0,
      306.75216261200706,
      329.751318996221,
      87.50069947977815,
      50.07484812924599,
      225.76128987750394,
      424.4709661293748,
      0.0,
      149.32783444450206,
      132.8338598717329,
      187.7479521417688,
      0.0,
      0.0
    ],
    "tw_late_s": [
      306.05563707567455,
      693.4326903660772,
      525.8289513344009,
      750.5033936150232,
      218.67673289235023,
      626.468509862709,
      487.7891981841412,
      129.14864466437234,
      546.752162612007,
      569.751318996221,
      327.5006994797782,
      290.074848129246,
      465.76128987750394,
      664.4709661293748,
      177.80154569685848,
      389.32783444450206,
      372.8338598717329,
      427.7479521417688,
      140.7865826788659,
      235.939058982836
    ],
    "bs_xy": [
      [
        980.7310389947238,
        415.8365690368802
      ],
      [
        109.61278876123082,
        784.1565988827774
      ],
      [
        635.677854842875,
        42.853712848533455
      ],
      [
        606.8329357567274,
        754.877210693244
      ]
    ],
    "speed_mps": 10.0,
    "capacity_kg": 6.0,
    "altitude_m": 100.0
  }
}