{
  "spec": {
    "run_id": "seed8_N20_M3_D10_B4_K10_lo0.0_lt5.0_twA",
    "seed": 8,
    "n_clients": 20,
    "num_uavs": 3,
    "delta_min": 10,
    "bs_count": 4,
    "edge_samples": 10,
    "lambda_out": 0.0,
    "lambda_tw": 5.0,
    "tw_family": "A",
    "tw_mode": "soft"
  },
  "scenario": {
    "depot_xy": [
      500.0,
      500.0
    ],
    "client_xy": [
      [
        348.17481110275116,
        792.5334844715613
      ],
      [
        66.58618087836277,
        288.23192305642687
      ],
      [
        512.0114186158874,
        986.1372312563947
      ],
      [
        108.54677486921483,
        406.71861411355036
      ],
      [
        954.8886143746591,
        168.6975840979086
      ],
      [
        908.916289779935,
        107.07067449666874
      ],
      [
        784.372172462842,
        64.4440982690746
      ],
      [
        878.2322400199748,
        911.4741607429548
      ],
      [
        121.68430538376163,
        79.63807918095634
      ],
      [
        330.1011208796106,
        251.44177686346703
      ],
      [
        316.62247995871564,
        11.33643901003678
      ],
      [
        836.2804970695987,
        148.85692880992508
      ],
      [
        566.3992877814322,
        258.8872884948564
      ],
      [
        996.6781022536419,
        479.53238273349376
      ],
      [
        825.2030369048634,
        764.7891974068127
      ],
      [
        199.73386070979538,
        243.33471811833905
      ],
      [
        921.7916692907429,
        506.10542564572404
      ],
      [
        707.167478245695,
        189.1452803933319
      ],
      [
        331.9599244656738,
        291.7506933483727
      ],
      [
        423.04918317208563,
        302.50197194457996
      ]
    ],
    "delivery": [
      1.497128951060428,
      1.2804239159652815,
      0.5155780710837055,
      0.0,
      0.0,
      1.5757575590401351,
      1.891557544249562,
      0.0,
      0.0,
      0.0,
      0.9631188487791402,
      0.0,
      0.0,
      1.9522393359516244,
      1.6329102992244857,
      0.7899419574047071,
      0.5533045340486158,
      0.7249573751662186,
      0.0,
      0.0
    ],
    "pickup": [
      0.0,
      0.0,
      0.0,
      0.5244531695768262,
      1.4939682989126604,
      0.0,
      0.0,
      1.4026662320826744,
      1.2812782541996812,
      0.8214568263238406,
      0.0,
      1.569679499650822,
      0.5069760999805035,
      0.0,
      0.0,
      0.0,
      0.0,
      0.0,
      0.5369733633421989,
      1.4187156366954028
    ],
    "service_duration_s": [
      60.0,
      60.0,
      60.0,
      60.0,
      60.0,
      60.0,
      60.0,
      60.0,
      60.0,
      60.0,
      60.0,
      60.0,
      60.0,
      60.0,
      60.0,
      60.0,
      60.0,
      60.0,
      60.0,
      60.0
    ],
    "tw_early_s": [
      39.41640047761575,
      0.0,
      29.930240912431373,
      0.0,
      0.0,
      0.0,
      0.0,
      0.0,
      0.0,
      0.0,
      0.0,
      0.0,
      0.0,
      0.0,
      0.0,
      0.0,
      0.0,
      0.0,
      0.0,
      0.0
    ],
    "tw_late_s": [
      1239.4164004776158,
      648.2382894615866,
      1229.9302409124314,
      640.2414021150096,
      1010.6293942534292,
      1006.8909939430166,
      933.7273082284529,
      1086.8909607764447,
      732.9758291055364,
      712.563405439188,
      822.8613353033215,
      885.3498539703917,
      796.2049492391632,
      982.1022209113569,
      1131.6329646785189,
      639.5014963422446,
      1106.8152357043996,
      925.7730329813494,
      734.7779966057718,
      830.4577052941861
    ],
    "bs_xy": [
      [
        380.66791972285785,
        321.65231097562486
      ],
      [
        353.0575380416735,
        134.36020058337817
      ],
      [
        875.2538648927334,
        117.45845432136038
      ],
      [
        957.9656442335686,
        44.634323555020615
      ]
    ],
    "speed_mps": 10.0,
    "capacity_kg": 6.0,
    "altitude_m": 100.0
  }
}