{
  "spec": {
    "run_id": "seed4_N40_M3_D10_B10_K10_lo0.5_lt1.0_twA",
    "seed": 4,
    "n_clients": 40,
    "num_uavs": 3,
    "delta_min": 10,
    "bs_count": 10,
    "edge_samples": 10,
    "lambda_out": 0.5,
    "lambda_tw": 1.0,
    "tw_family": "A",
    "tw_mode": "soft"
  },
  "scenario": {
    "depot_xy": [
      500.0,
      500.0
    ],
    "client_xy": [
      [
        964.5671143112831,
        253.21993437327328
      ],
      [
        939.4156814601126,
        102.34437109374184
      ],
      [
        524.1111727057686,
        321.62908542989265
      ],
      [
        301.71779540240595,
        506.02022173376395
      ],
      [
        446.6116135913364,
        769.3767578343269
      ],
      [
        182.60825315504115,
        934.0271272490156
      ],
      [
        670.8445344633286,
        605.340867761686
      ],
      [
        452.9486339132569,
        820.628032840898
      ],
      [
        228.03829184320446,
        227.38494897693795
      ],
      [
        791.0417712968716,
        461.88490283556393
      ],
      [
        579.8431410791675,
        255.2585385165338
      ],
      [
        406.4146988616435,
        319.39046362443844
      ],
      [
        437.86093104770185,
        561.7481071595005
      ],
      [
        724.8285705323834,
        875.2899905135822
      ],
      [
        509.76384066567215,
        500.76613091258713
      ],
      [
        176.86624268994467,
        581.7139414988027
      ],
      [
        590.8960977718993,
        577.6539546975135
      ],
      [
        416.1870371041507,
        191.42860987305465
      ],
      [
        958.2430928611755,
        589.748651602251
      ],
      [
        51.91305349536801,
        590.206013124712
      ],
      [
        503.51640834439684,
        99.11289345692886
      ],
      [
        190.43451933635035,
        943.8569993044457
      ],
      [
        929.2300697591244,
        475.03040985871394
      ],
      [
        110.05160226505161,
        154.07487037805856
      ],
      [
        899.3491243311471,
        944.6989315934754
      ],
      [
        629.030795744728,
        812.8656007069523
      ],
      [
        229.38223262758385,
        889.2867530476376
      ],
      [
        739.6192565393827,
        792.8007721857056
      ],
      [
        420.23631687480247,
        531.3345948574499
      ],
      [
        286.43802116019725,
        672.1490114201116
      ],
      [
        254.31898379785378,
        534.1617298646414
      ],
      [
        632.7367818843638,
        417.2821170964034
      ],
      [
        21.09228478565339,
        231.83683158768443
      ],
      [
        522.8667371389704,
        645.5918123860589
      ],
      [
        496.38755628778455,
        649.5064849227267
      ],
      [
        796.8510986769668,
        507.9755277565248
      ],
      [
        287.02592745506985,
        123.8794922368286
      ],
      [
        546.2712189056117,
        399.98559113540443
      ],
      [
        39.34512468834217,
        717.4549043388898
      ],
      [
        547.0429426135983,
        437.31470015850294
      ]
    ],
    "delivery": [
      1.1207638158823605,
      0.0,
      0.0,
      0.9061508255336587,
      0.0,
      1.7326414350860084,
      0.0,
      0.0,
      0.0,
      0.0,
      0.0,
      0.0,
      0.0,
      1.003442432304182,
      1.5908384809682206,
      0.0,
      1.217036468326155,
      0.6376549083816343,
      0.0,
      0.0,
      0.0,
      1.375882418652956,
      1.7751685166051598,
      1.1706883809599717,
      1.4754234131258197,
      0.5197379791660688,
      0.0,
      0.6389712028018064,
      0.0,
      1.9136462495645994,
      1.92562140078563,
      0.0,
      0.0,
      1.9904245928297546,
      1.556067348553513,
      0.0,
      1.3652302541135413,
      1.509100849509942,
      1.4639706817609843,
      0.0
    ],
    "pickup": [
      0.0,
      1.8031050284330725,
      1.0516316521755897,
      0.0,
      1.1190144211409976,
      0.0,
      0.6054036314858834,
      1.6314005996899805,
      1.422457306273204,
      0.8665069928410889,
      1.909944773719261,
      0.8645290934585643,
      0.7476089462537189,
      0.0,
      0.0,
      1.602062820236613,
      0.0,
      0.0,
      1.0474232706639985,
      0.7785718005867571,
      1.8610044112900563,
      0.0,
      0.0,
      0.0,
      0.0,
      0.0,
      1.850637762288138,
      0.0,
      1.768755865597843,
      0.0,
      0.0,
      1.0615255057082738,
      0.9914798192349723,
      0.0,
      0.0,
      1.659525896841453,
      0.0,
      0.0,
      0.0,
      1.2802047450630356
    ],
    "service_duration_s": [
      60.0,
      60.0,
      60.0,
      60.0,
      60.0,
      60.0,
      60.0,
      60.0,
      60.0,
      60.0,
      60.0,
      60.0,
      60.0,
      60.0,
      60.0,
      60.0,
      60.0,
      60.0,
      60.0,
      60.0,
      60.0,
      60.0,
      60.0,
      60.0,
      60.0,
      60.0,
      60.0,
      60.0,
      60.0,
      60.0,
      60.0,
      60.0,
      60.0,
      60.0,
      60.0,
      60.0,
      60.0,
      60.0,
      60.0,
      60.0
    ],
    "tw_early_s": [
      0.0,
      0.0,
      0.0,
      536.9311900515966,
      202.39153332427475,
      293.50543993692145,
      0.0,
      210.30665920048034,
      0.0,
      0.0,
      0.0,
      0.0,
      332.24100796362495,
      45.409224887265964,
      0.0,
      462.3306936810684,
      0.0,
      0.0,
      0.0,
      452.25911641511675,
      0.0,
      299.30649342893264,
      0.0,
      0.0,
      42.60609802056638,
      132.68134131175032,
      233.41512326730663,
      41.651220554923725,
      395.75613065748723,
      388.12348547227316,
      472.3502724273153,
      0.0,
      0.0,
      127.8527725150119,
      137.52829840846152,
      0.0,
      0.0,
      0.0,
      379.472313394136,
      0.0
    ],
    "tw_late_s": [
      995.2586942616078,
      894.3027806385967,
      817.8342045285308,
      1736.9311900515966,
      1402.3915333242749,
      1493.5054399369214,
      1161.6834519857266,
      1410.3066592004802,
      638.507419641917,
      993.1980517113533,
      795.2291124726039,
      746.0624283741313,
      1532.241007963625,
      1245.409224887266,
      1081.593302046039,
      1662.3306936810684,
      1152.7710391110863,
      717.6627866874793,
      1146.625797744573,
      1652.2591164151168,
      825.3789126295366,
      1499.3064934289328,
      1074.7927801673661,
      652.1271472651257,
      1242.6060980205664,
      1332.6813413117502,
      1433.4151232673066,
      1241.6512205549238,
      1595.7561306574871,
      1588.1234854722732,
      1672.3502724273153,
      984.5863015457612,
      654.8875290557662,
      1327.852772515012,
      1337.5282984084615,
      1085.7593621658198,
      743.5886595950221,
      915.76844274016,
      1579.472313394136,
      889.6278585535741
    ],
    "bs_xy": [
      [
        601.3065307260423,
        374.7594731013007
      ],
      [
        634.3280531444839,
        128.4059890469066
      ],
      [
        32.25798408189395,
        335.55033994400105
      ],
      [
        725.1894967059537,
        464.708502329247
      ],
      [
        108.5548337206469,
        538.566519413915
      ],
      [
        425.02584742927183,
        392.1831582677493
      ],
      [
        945.1944659200052,
        341.19326190761956
      ],
      [
        219.3389598337253,
        170.04260373532765
      ],
      [
        549.1354014274078,
        478.32322116021396
      ],
      [
        920.2122596623191,
        786.0236752339854
      ]
    ],
    "speed_mps": 10.0,
    "capacity_kg": 6.0,
    "altitude_m": 100.0
  }
}