{
  "spec": {
    "run_id": "seed2_N40_M3_D10_B4_K10_lo1.0_lt5.0_twA",
    "seed": 2,
    "n_clients": 40,
    "num_uavs": 3,
    "delta_min": 10,
    "bs_count": 4,
    "edge_samples": 10,
    "lambda_out": 1.0,
    "lambda_tw": 5.0,
    "tw_family": "A",
    "tw_mode": "soft"
  },
  "scenario": {
    "depot_xy": [
      500.0,
      500.0
    ],
    "client_xy": [
      [
        968.2715350159326,
        113.42005287805046
      ],
      [
        649.3210741429384,
        982.6659556387855
      ],
      [
        838.1087405255461,
        825.1367184577609
      ],
      [
        524.7980435425718,
        444.1554296095732
      ],
      [
        295.8464384499387,
        19.789709119982014
      ],
      [
        882.7250778515887,
        133.69536545723128
      ],
      [
        942.1519317780626,
        688.4952718554684
      ],
      [
        184.39270745398306,
        658.5039018312867
      ],
      [
        575.8393261483076,
        402.6173688609257
      ],
      [
        12.627942489208067,
        443.1936482594672
      ],
      [
        931.2089124786482,
        398.83155393778446
      ],
      [
        468.2282001413505,
        799.9041750019227
      ],
      [
        489.35310820792097,
        274.4053708125286
      ],
      [
        916.8262134512751,
        472.7601813464008
      ],
      [
        476.0749561258198,
        953.5183144006411
      ],
      [
        366.3103836971302,
        555.6862992474591
      ],
      [
        598.4453051489361,
        557.2240901208959
      ],
      [
        751.7307869471725,
        497.6640103492147
      ],
      [
        482.1482972846175,
        534.1572710727536
      ],
      [
        270.3045473303229,
        794.395353427292
      ],
      [
        710.4619989818403,
        205.59968512518546
      ],
      [
        934.9069286213473,
        50.59103584006752
      ],
      [
        696.6114364241183,
        122.86254129404905
      ],
      [
        806.8109466038603,
        306.72173658142833
      ],
      [
        803.3205280017648,
        819.1722121165193
      ],
      [
        702.8679983682895,
        188.2095245095058
      ],
      [
        92.91810153932988,
        297.67372966195217
      ],
      [
        325.4505248725703,
        386.2359091468476
      ],
      [
        958.8687537234815,
        913.3112472784044
      ],
      [
        337.99527039535684,
        333.9983769662174
      ],
      [
        72.225118464733,
        648.0384657428561
      ],
      [
        618.2090647718837,
        493.18165841656423
      ],
      [
        809.5956706242276,
        950.0958245041871
      ],
      [
        58.298560932138585,
        530.7650658345016
      ],
      [
        370.18473029189346,
        695.1915708067525
      ],
      [
        819.7124863629709,
        640.9309424397748
      ],
      [
        574.6702926804446,
        325.5751347271455
      ],
      [
        888.8241504052563,
        503.8565762918825
      ],
      [
        304.82408184694833,
        599.0460275712448
      ],
      [
        469.8272610792205,
        856.4843443144857
      ]
    ],
    "delivery": [
      1.5862535925222871,
      0.0,
      1.3409348439237614,
      1.4998197526447647,
      0.0,
      1.4835354878216183,
      0.5786627570725402,
      0.0,
      1.26898165804828,
      0.0,
      1.862606189813612,
      0.0,
      0.0,
      0.0,
      0.0,
      1.5820031125042155,
      0.0,
      0.0,
      0.0,
      1.4280513174589116,
      0.0,
      0.0,
      0.5520781692857557,
      0.0,
      0.0,
      0.0,
      0.0,
      1.707078961970981,
      1.3953507918386299,
      0.0,
      0.0,
      0.9908840038957147,
      0.0,
      0.0,
      0.0,
      0.0,
      1.4669068649990622,
      0.0,
      0.0,
      1.6357153380298242
    ],
    "pickup": [
      0.0,
      1.4822140082189632,
      0.0,
      0.0,
      1.5191809961980922,
      0.0,
      0.0,
      1.9754613315606824,
      0.0,
      1.7000452285485825,
      0.0,
      0.7251769995390863,
      1.156179796397119,
      1.7171314778931892,
      1.758996202186398,
      0.0,
      0.8987442867089777,
      0.9640517182449255,
      1.7646253208201037,
      0.0,
      1.0428755135658143,
      1.0185302981201743,
      0.0,
      1.8723861694515695,
      1.2266605934840422,
      1.7579662950669073,
      1.8084954063531586,
      0.0,
      0.0,
      1.8857440635967813,
      0.7801597985089866,
      0.0,
      1.0455661157936502,
      0.7420475823561961,
      1.2794667515649638,
      0.7657226692456409,
      0.0,
      1.5365488248970165,
      0.6328482739973879,
      0.0
    ],
    "service_duration_s": [
      60.0,
      60.0,
      60.0,
      60.0,
      60.0,
      60.0,
      60.0,
      60.0,
      60.0,
      60.0,
      60.0,
      60.0,
      60.0,
      60.0,
      60.0,
      60.0,
      60.0,
      60.0,
      60.0,
      60.0,
      60.0,
      60.0,
      60.0,
      60.0,
      60.0,
      60.0,
      60.0,
      60.0,
      60.0,
      60.0,
      60.0,
      60.0,
      60.0,
      60.0,
      60.0,
      60.0,
      60.0,
      60.0,
      60.0,
      60.0
    ],
    "tw_early_s": [
      0.0,
      223.38302485243366,
      138.79517347313936,
      0.0,
      0.0,
      0.0,
      65.82282527355869,
      476.880043666481,
      0.0,
      0.0,
      0.0,
      309.11170485660637,
      0.0,
      0.0,
      224.21062157429083,
      474.64092722982423,
      35.58051912261226,
      0.0,
      326.1511234947359,
      388.9117350225433,
      0.0,
      0.0,
      0.0,
      0.0,
      128.83569549502533,
      0.0,
      0.0,
      0.0,
      148.36648845000832,
      0.0,
      488.8037659223694,
      0.0,
      223.74034888245546,
      554.829122753968,
      397.942076297976,
      60.282963965465115,
      0.0,
      0.0,
      405.0335036679305,
      318.9831752940886
    ],
    "tw_late_s": [
      985.571275210405,
      1423.3830248524337,
      1338.7951734731394,
      848.0869499988016,
      739.8681671231273,
      1016.9828281346067,
      1265.8228252735587,
      1676.880043666481,
      876.8231341044693,
      649.0671462427123,
      1103.936098930957,
      1509.1117048566064,
      700.6769223258278,
      1081.8716814117881,
      1424.2106215742908,
      1674.6409272298242,
      1235.5805191226123,
      1184.4251818739804,
      1526.1511234947359,
      1588.9117350225433,
      938.3160663563559,
      992.8371038795094,
      786.3520550019095,
      1081.4747567985746,
      1328.8356954950254,
      905.8591659344693,
      645.458947603662,
      620.835015631121,
      1348.3664884500083,
      743.387330586855,
      1688.8037659223694,
      1167.9960637575705,
      1423.7403488824555,
      1754.829122753968,
      1597.942076297976,
      1260.2829639654651,
      827.0698171926709,
      1146.0562976587557,
      1605.0335036679305,
      1518.9831752940886
    ],
    "bs_xy": [
      [
        985.0893170560337,
        907.6169977923726
      ],
      [
        359.4365996279325,
        216.20907347754803
      ],
      [
        327.5866342269617,
        789.5099225026416
      ],
      [
        110.41422712973036,
        564.2624310325299
      ]
    ],
    "speed_mps": 10.0,
    "capacity_kg": 6.0,
    "altitude_m": 100.0
  }
}