{
  "spec": {
    "run_id": "seed1_N10_M3_D10_B10_K10_lo1.0_lt1.0_twA",
    "seed": 1,
    "n_clients": 10,
    "num_uavs": 3,
    "delta_min": 10,
    "bs_count": 10,
    "edge_samples": 10,
    "lambda_out": 1.0,
    "lambda_tw": 1.0,
    "tw_family": "A",
    "tw_mode": "soft"
  },
  "scenario": {
    "depot_xy": [
      500.0,
      500.0
    ],
    "client_xy": [
      [
        470.2507000362521,
        746.7976644008219
      ],
      [
        963.0346394264059,
        11.842914306849472
      ],
      [
        819.2827460542944,
        755.0262285166942
      ],
      [
        757.5598785079316,
        706.292265106323
      ],
      [
        1.940744773355596,
        917.8631398176475
      ],
      [
        194.40636796163992,
        624.8949541347569
      ],
      [
        751.0432332485075,
        322.64663311914387
      ],
      [
        627.335583730634,
        368.5196885151977
      ],
      [
        933.301572672302,
        387.53399397725786
      ],
      [
        729.6778061541189,
        514.4756536032911
      ]
    ],
    "delivery": [
      1.2227354663562042,
      0.0,
      0.0,
      1.0898188747809472,
      0.0,
      1.8497140644747112,
      1.8247831389201066,
      0.8954978475173379,
      0.0,
      0.0
    ],
    "pickup": [
      0.0,
      1.4370111857483263,
      0.6469456885662972,
      0.0,
      1.8584313603294278,
      0.0,
      0.0,
      0.0,
      0.5322561908464967,
      0.9243579598744585
    ],
    "service_duration_s": [
      60.0,
      60.0,
      60.0,
      60.0,
      60.0,
      60.0,
      60.0,
      60.0,
      60.0,
      60.0
    ],
    "tw_early_s": [
      0.0,
      0.0,
      0.0,
      0.0,
      0.0,
      0.0,
      0.0,
      0.0,
      0.0,
      0.0
    ],
    "tw_late_s": [
      790.9542145495816,
      667.2828668846067,
      734.5102346230163,
      861.3688959854828,
      877.8507293863644,
      978.269458256344,
      630.7370983835235,
      618.303394000065,
      764.9694483961371,
      696.1295192760119
    ],
    "bs_xy": [
      [
        90.59963696693218,
        193.74230602937814
      ],
      [
        665.7165079315997,
        903.4095029081892
      ],
      [
        960.4745362172706,
        461.7362081359725
      ],
      [
        626.3108923236638,
        98.13901632107292
      ],
      [
        87.45500916135029,
        444.4713410741985
      ],
      [
        304.63794463867845,
        597.9693175226259
      ],
      [
        322.57924799924274,
        617.6755832368756
      ],
      [
        795.9404989487887,
        757.1547202678581
      ],
      [
        729.2850330612661,
        938.9807865924176
      ],
      [
        302.493680376561,
        790.0001799388243
      ]
    ],
    "speed_mps": 10.0,
    "capacity_kg": 6.0,
    "altitude_m": 100.0
  }
}