{
  "spec": {
    "run_id": "seed1_N40_M3_D2_B10_K10_lo0.5_lt1.0_twA",
    "seed": 1,
    "n_clients": 40,
    "num_uavs": 3,
    "delta_min": 2,
    "bs_count": 10,
    "edge_samples": 10,
    "lambda_out": 0.5,
    "lambda_tw": 1.0,
    "tw_family": "A",
    "tw_mode": "soft"
  },
  "scenario": {
    "depot_xy": [
      500.0,
      500.0
    ],
    "client_xy": [
      [
        569.7506627653513,
        665.9986278400575
      ],
      [
        342.28204396130167,
        117.31777363642293
      ],
      [
        109.78084558547829,
        931.504183453912
      ],
      [
        808.7097294851068,
        990.9515660559679
      ],
      [
        582.6035733945997,
        203.2044636383098
      ],
      [
        749.3724808878258,
        548.2556191548558
      ],
      [
        93.58746773080962,
        659.4418465543778
      ],
      [
        303.8301715618107,
        193.06500822041482
      ],
      [
        799.9551322663817,
        344.1824479936726
      ],
      [
        184.44694148797902,
        188.88616765787359
      ],
      [
        780.2054969357215,
        220.87977911538502
      ],
      [
        333.1902202190188,
        927.5394455648584
      ],
      [
        54.283434303385114,
        548.0933764539535
      ],
      [
        100.64038232236628,
        392.7604939254049
      ],
      [
        220.005463798969,
        383.06455914443825
      ],
      [
        86.4646191820666,
        861.426732807871
      ],
      [
        668.4058487153826,
        858.6017590627804
      ],
      [
        381.2914662651972,
        894.0105708576842
      ],
      [
        486.4992058190656,
        247.52919294914477
      ],
      [
        424.02372015578646,
        85.6386136237487
      ],
      [
        680.637256187317,
        164.1967181804327
      ],
      [
        168.8810945996405,
        557.8049110061128
      ],
      [
        329.72064740379113,
        211.4825119024104
      ],
      [
        806.1165873926528,
        451.1977539143568
      ],
      [
        257.04037489785924,
        732.3140076627826
      ],
      [
        895.6550980321673,
        345.3920800162771
      ],
      [
        867.9774281005361,
        197.63658801814643
      ],
      [
        834.1726604638467,
        382.14546994142637
      ],
      [
        104.4927957706373,
        535.3709171615374
      ],
      [
        541.3894079537266,
        44.293431175107756
      ],
      [
        260.45819117473445,
        993.5643142866895
      ],
      [
        851.067232370338,
        452.32096025545155
      ],
      [
        780.2068724911896,
        122.49515249300991
      ],
      [
        634.3981556850181,
        943.336913910593
      ],
      [
        153.47477873880055,
        368.3877081449663
      ],
      [
        244.50738272533346,
        354.1169817301281
      ],
      [
        120.75147793595342,
        891.5776538119693
      ],
      [
        52.9139492275853,
        236.76264710979723
      ],
      [
        755.0121506669586,
        848.2398796927637
      ],
      [
        859.9203839993855,
        15.29975367877845
      ]
    ],
    "delivery": [
      1.986484854578459,
      0.0,
      0.0,
      0.0,
      0.9092718598266079,
      0.6255888834296592,
      1.5651782439261694,
      0.0,
      0.0,
      1.7540359570185626,
      1.9201259386628464,
      0.0,
      0.9856768040853776,
      0.0,
      0.0,
      0.8265380457678042,
      0.0,
      0.0,
      0.0,
      1.5557525918126354,
      0.9979097193066662,
      1.5003837975959338,
      0.0,
      0.0,
      1.0194067273033587,
      0.7242185035944243,
      0.0,
      0.5759866019177253,
      0.0,
      1.342794936683547,
      0.0,
      1.548191321425722,
      0.0,
      0.0,
      0.0,
      0.0,
      0.0,
      0.0,
      0.0,
      0.0
    ],
    "pickup": [
      0.0,
      0.9080653868458695,
      0.559480638416069,
      1.4790492514513294,
      0.0,
      0.0,
      0.0,
      1.8864922391023091,
      0.5165951638067605,
      0.0,
      0.0,
      1.3115143881592595,
      0.0,
      1.7938008567563897,
      0.5850816609470642,
      0.0,
      0.6085371049746632,
      1.8459059988388438,
      1.773002710489942,
      0.0,
      0.0,
      0.0,
      0.722509916447726,
      1.2144408404380163,
      0.0,
      0.0,
      1.5723313995501036,
      0.0,
      1.1067079323036526,
      0.0,
      1.1482650013748432,
      0.0,
      1.947303867918418,
      1.4561533051663007,
      1.6806215220500365,
      0.9219442277674623,
      1.9487583142633333,
      0.5200430367074504,
      1.51356924967228,
      1.0182265168724507
    ],
    "service_duration_s": [
      60.0,
      60.0,
      60.0,
      60.0,
      60.0,
      60.0,
      60.0,
      60.0,
      60.0,
      60.0,
      60.0,
      60.0,
      60.0,
      60.0,
      60.0,
      60.0,
      60.0,
      60.0,
      60.0,
      60.0,
      60.0,
      60.0,
      60.0,
      60.0,
      60.0,
      60.0,
      60.0,
      60.0,
      60.0,
      60.0,
      60.0,
      60.0,
      60.0,
      60.0,
      60.0,
      60.0,
      60.0,
      60.0,
      60.0,
      60.0
    ],
    "tw_early_s": [
      672.9384271108614,
      67.41421749849158,
      731.1249992143702,
      572.6933581085518,
      229.2715248390424,
      462.71391997923683,
      933.1218504173501,
      73.41042289542219,
      416.2001767470143,
      0.0,
      310.0987639258902,
      768.2037701992073,
      890.0086168438369,
      0.0,
      0.0,
      798.5104548555229,
      554.7873236154425,
      643.7162801404328,
      157.51480458474185,
      149.53088175354748,
      238.6415374016882,
      914.1715529543262,
      81.4278907746735,
      486.9194300934796,
      834.6202145043308,
      387.0787296116514,
      305.3055351682967,
      384.0635440774398,
      1005.5767778358697,
      148.62183334467272,
      748.4929482525416,
      458.66400612690177,
      233.75135593965751,
      650.7631339399197,
      0.0,
      0.0,
      849.7498765038018,
      0.0,
      586.9511816284408,
      322.76970291919866
    ],
    "tw_late_s": [
      912.9384271108614,
      307.41421749849155,
      971.1249992143702,
      812.6933581085518,
      469.2715248390424,
      702.7139199792368,
      1173.12185041735,
      313.4104228954222,
      656.2001767470143,
      230.08391034726836,
      550.0987639258901,
      1008.2037701992073,
      1130.008616843837,
      161.3507455670087,
      150.34317676686393,
      1038.5104548555228,
      794.7873236154425,
      883.7162801404328,
      397.51480458474185,
      389.5308817535475,
      478.6415374016882,
      1154.1715529543262,
      321.42789077467353,
      726.9194300934796,
      1074.6202145043308,
      627.0787296116514,
      545.3055351682967,
      624.0635440774398,
      1245.5767778358697,
      388.6218333446727,
      988.4929482525416,
      698.6640061269018,
      473.7513559396575,
      890.7631339399197,
      157.06771160153508,
      236.2474011781631,
      1089.7498765038017,
      233.6320217666146,
      826.9511816284408,
      562.7697029191986
    ],
    "bs_xy": [
      [
        290.7272865943119,
        446.1163538420193
      ],
      [
        557.4761479563152,
        252.31253550473255
      ],
      [
        337.861153062621,
        402.35173662326315
      ],
      [
        977.8642815777952,
        54.62200992459398
      ],
      [
        245.4226951726759,
        472.7429819584408
      ],
      [
        175.11730849074127,
        635.9260614514187
      ],
      [
        170.06657500855337,
        221.73489308644244
      ],
      [
        553.4577091374073,
        451.2806571860246
      ],
      [
        174.63092687779647,
        647.4572350733425
      ],
      [
        629.51601199788,
        366.4228472934876
      ]
    ],
    "speed_mps": 10.0,
    "capacity_kg": 6.0,