{
  "spec": {
    "run_id": "seed4_N40_M3_D2_B10_K10_lo0.5_lt5.0_twA",
    "seed": 4,
    "n_clients": 40,
    "num_uavs": 3,
    "delta_min": 2,
    "bs_count": 10,
    "edge_samples": 10,
    "lambda_out": 0.5,
    "lambda_tw": 5.0,
    "tw_family": "A",
    "tw_mode": "soft"
  },
  "scenario": {
    "depot_xy": [
      500.0,
      500.0
    ],
    "client_xy": [
      [
        390.49411938415267,
        291.99656671750716
      ],
      [
        398.3448756417297,
        872.0901517044305
      ],
      [
        269.6816668022859,
        148.6515594277018
      ],
      [
        713.6585522091482,
        327.31744701060984
      ],
      [
        761.1620092190574,
        220.2752329062233
      ],
      [
        848.0337123951903,
        765.9642923243878
      ],
      [
        15.624337651611864,
        668.5721889828636
      ],
      [
        379.0980562633773,
        748.343344407769
      ],
      [
        239.3789591159714,
        399.7845828675289
      ],
      [
        817.831118582128,
        216.4346190416575
      ],
      [
        888.7122633947056,
        742.7959550369386
      ],
      [
        736.6535518831689,
        355.61040740983174
      ],
      [
        333.2548406353836,
        139.1192240438025
      ],
      [
        31.077954630624347,
        75.84797939056398
      ],
      [
        343.19283546573973,
        735.6480408684571
      ],
      [
        516.2112475110512,
        46.0073059429098
      ],
      [
        44.7691002298688,
        962.6402650607861
      ],
      [
        605.4496172004382,
        182.0681755546577
      ],
      [
        687.4768195575118,
        315.48143014250496
      ],
      [
        205.8299657377791,
        651.7160273093349
      ],
      [
        442.5789979764292,
        186.55310705722317
      ],
      [
        351.66547496112753,
        933.1525229411162
      ],
      [
        707.1492087539729,
        159.59494473777136
      ],
      [
        966.816963090797,
        114.62730510953479
      ],
      [
        674.7047607748747,
        416.7927839432217
      ],
      [
        204.1266495087247,
        131.05435821513734
      ],
      [
        122.56727341504859,
        225.2860638707468
      ],
      [
        260.2995870224877,
        838.8580312694266
      ],
      [
        729.7830933395926,
        280.70581704352793
      ],
      [
        140.22983463636297,
        340.3997401184091
      ],
      [
        991.0021092869902,
        583.882365057953
      ],
      [
        804.8260145304647,
        791.9467957427547
      ],
      [
        300.4915771175229,
        972.6041456536934
      ],
      [
        806.1724449843997,
        548.7569912761821
      ],
      [
        228.72706373308694,
        354.6965146139983
      ],
      [
        557.1686724547574,
        352.33597867070046
      ],
      [
        381.1394785319484,
        592.3182760821356
      ],
      [
        840.661935021295,
        830.9443321630033
      ],
      [
        884.7469100302192,
        648.1724457043554
      ],
      [
        651.451269086795,
        846.4061524527032
      ]
    ],
    "delivery": [
      0.0,
      0.0,
      1.4774472896542086,
      0.0,
      1.1232958221509777,
      0.527875065522867,
      1.3327536640598139,
      1.5701115454155208,
      1.9523417885870509,
      0.9816758301164492,
      0.0,
      0.0,
      1.6590971171083901,
      0.0,
      0.5385750467804087,
      0.0,
      0.0,
      0.0,
      0.9930445134330449,
      0.0,
      1.2851529417335317,
      1.3875721198649476,
      1.1385063811754101,
      0.0,
      1.4591234994781306,
      0.0,
      1.461008823441774,
      1.160945981154847,
      1.0770183140125869,
      0.0,
      1.810778603635102,
      0.0,
      1.370905440347071,
      0.0,
      1.057768853182024,
      0.90485373555432,
      0.0,
      0.8162492467703,
      0.0,
      1.6473929438483725
    ],
    "pickup": [
      1.4034871205592363,
      0.9773799671039978,
      0.0,
      0.7963791966601443,
      0.0,
      0.0,
      0.0,
      0.0,
      0.0,
      0.0,
      1.756878021394947,
      0.9420052713577206,
      0.0,
      0.7302165038434221,
      0.0,
      1.6601192521192332,
      1.2716999706634358,
      1.1030914717065774,
      0.0,
      1.4323370437185945,
      0.0,
      0.0,
      0.0,
      1.043686823710706,
      0.0,
      1.0809158092457447,
      0.0,
      0.0,
      0.0,
      0.5957229019325035,
      0.0,
      0.5504856643222256,
      0.0,
      1.014764557412831,
      0.0,
      0.0,
      1.7765457216735931,
      0.0,
      1.754626349630287,
      0.0
    ],
    "service_duration_s": [
      60.0,
      60.0,
      60.0,
      60.0,
      60.0,
      60.0,
      60.0,
      60.0,
      60.0,
      60.0,
      60.0,
      60.0,
      60.0,
      60.0,
      60.0,
      60.0,
      60.0,
      60.0,
      60.0,
      60.0,
      60.0,
      60.0,
      60.0,
      60.0,
      60.0,
      60.0,
      60.0,
      60.0,
      60.0,
      60.0,
      60.0,
      60.0,
      60.0,
      60.0,
      60.0,
      60.0,
      60.0,
      60.0,
      60.0,
      60.0
    ],
    "tw_early_s": [
      109.91714458258565,
      762.4673399418513,
      65.50900733746164,
      417.0123498171828,
      229.80016308206433,
      548.9186212076664,
      1024.2530188601577,
      834.9908028704106,
      0.0,
      295.4800735310594,
      582.0976352403089,
      371.59208687609697,
      66.21079728654308,
      7.9766878266597985,
      841.8620420318458,
      197.54240706476088,
      934.7021389148981,
      153.76703230244863,
      296.9043574600779,
      880.9112215445551,
      143.2092939000725,
      762.0934290155494,
      279.75939532388264,
      391.30977786616455,
      493.33756811745536,
      0.0,
      0.0,
      801.4204367247746,
      352.0801648299226,
      0.0,
      465.7682884353561,
      661.0366902031515,
      727.4549724715932,
      501.0111606462583,
      0.0,
      223.362396395088,
      916.6888317024711,
      652.1370428158342,
      584.5872484903009,
      630.159042549533
    ],
    "tw_late_s": [
      349.91714458258565,
      1002.4673399418513,
      305.50900733746164,
      657.0123498171828,
      469.80016308206433,
      788.9186212076664,
      1264.2530188601577,
      1074.9908028704106,
      147.9224742425362,
      535.4800735310594,
      822.0976352403089,
      611.592086876097,
      306.2107972865431,
      247.9766878266598,
      1081.8620420318457,
      437.5424070647609,
      1174.7021389148981,
      393.7670323024486,
      536.9043574600779,
      1120.9112215445552,
      383.2092939000725,
      1002.0934290155494,
      519.7593953238827,
      631.3097778661645,
      733.3375681174554,
      233.27281761254557,
      228.9212130257016,
      1041.4204367247746,
      592.0801648299225,
      159.35820306366261,
      705.7682884353561,
      901.0366902031515,
      967.4549724715932,
      741.0111606462583,
      150.77370774154338,
      463.362396395088,
      1156.6888317024711,
      892.1370428158342,
      824.5872484903009,
      870.159042549533
    ],
    "bs_xy": [
      [
        523.4198161550129,
        699.5316296561814
      ],
      [
        792.5548882987207,
        219.38437600208172
      ],
      [
        967.3056379694434,
        950.8583482561218
      ],
      [
        724.1836194808843,
        802.8427882776131
      ],
      [
        657.8235551850023,
        214.69831167899645
      ],
      [
        513.977094844076,
        126.53268639899107
      ],
      [
        903.2724399700976,
        53.71429289096519
      ],
      [
        432.3537358981937,
        24.303267319998657
      ],
      [
        626.0878044146243,
        394.4322605684889
      ],
      [
        128.26210536181637,
        765.7917493399254
      ]
    ],
    "speed_mps": 10.0,
    "capacity_kg": 6.0,