{
  "spec": {
    "run_id": "seed6_N40_M3_D5_B4_K10_lo0.5_lt0.0_twA",
    "seed": 6,
    "n_clients": 40,
    "num_uavs": 3,
    "delta_min": 5,
    "bs_count": 4,
    "edge_samples": 10,
    "lambda_out": 0.5,
    "lambda_tw": 0.0,
    "tw_family": "A",
    "tw_mode": "soft"
  },
  "scenario": {
    "depot_xy": [
      500.0,
      500.0
    ],
    "client_xy": [
      [
        585.790031245935,
        290.35643308462744
      ],
      [
        59.09232324429547,
        320.97938663525395
      ],
      [
        371.14492671548203,
        213.7413968985352
      ],
      [
        19.863840367101094,
        568.4697831303868
      ],
      [
        196.92748717305165,
        178.11344660574957
      ],
      [
        669.9604549378168,
        135.8205805212055
      ],
      [
        827.0384865224734,
        263.90551816939177
      ],
      [
        275.5465052183095,
        91.4014515239402
      ],
      [
        230.9124997849792,
        150.99710789380228
      ],
      [
        332.3826052274774,
        679.2850109752843
      ],
      [
        874.5910282799135,
        666.6798937224632
      ],
      [
        522.0419685797605,
        494.1337955914338
      ],
      [
        900.9237366722168,
        251.4335998693722
      ],
      [
        36.066782979977454,
        532.5939602975996
      ],
      [
        781.7445413596931,
        696.1458063741993
      ],
      [
        704.6153280574339,
        921.7932314158986
      ],
      [
        169.9194259783229,
        508.435332008117
      ],
      [
        330.5615022676772,
        238.82688778511863
      ],
      [
        690.034167788639,
        151.5053607749418
      ],
      [
        120.09612541462822,
        383.04350995251355
      ],
      [
        807.7714350519742,
        498.94531990750954
      ],
      [
        298.50838857767934,
        191.49653520235375
      ],
      [
        845.1751553220888,
        274.109724830107
      ],
      [
        983.1343152106251,
        913.9313966199995
      ],
      [
        617.0441427650768,
        408.267169182144
      ],
      [
        16.95969074532322,
        240.67284567154613
      ],
      [
        708.1713762986979,
        221.04303633432977
      ],
      [
        407.976414123832,
        995.5438135288773
      ],
      [
        432.9048301371281,
        347.88769930387565
      ],
      [
        644.6460569454746,
        865.3224374594203
      ],
      [
        723.4055784690943,
        458.42625675852133
      ],
      [
        246.9054760641265,
        960.8510101213303
      ],
      [
        262.24632842013096,
        340.13997894517223
      ],
      [
        687.4912849350404,
        759.042884610093
      ],
      [
        559.9042220887143,
        539.8199033907488
      ],
      [
        327.76334682064413,
        574.9452165796782
      ],
      [
        141.46997463477305,
        648.0694829022785
      ],
      [
        36.95574662125545,
        525.8430180780708
      ],
      [
        178.32742939130765,
        494.7169351331314
      ],
      [
        211.2124790553719,
        393.092190654693
      ]
    ],
    "delivery": [
      0.749954675316387,
      0.0,
      1.1847541120834832,
      0.9833531920687482,
      0.6987248277190721,
      1.3465225303352961,
      0.9949867119973652,
      0.8174441689462785,
      1.00806212562863,
      0.5792139574217946,
      1.1674430589166704,
      0.8439321192075295,
      0.0,
      0.0,
      1.8508308470524788,
      0.0,
      1.7504702484938488,
      0.0,
      0.0,
      0.0,
      1.238470888227495,
      0.0,
      1.9297443822239349,
      1.3432374775150078,
      0.7160297099845494,
      0.0,
      1.302442901531476,
      0.0,
      0.0,
      0.0,
      1.0277764399774925,
      0.7304375281723361,
      0.0,
      1.042907190252976,
      0.8307749049921356,
      0.0,
      1.577968000075532,
      1.2482109813407116,
      1.7691749738950175,
      1.1504491220491944
    ],
    "pickup": [
      0.0,
      0.9051725850476513,
      0.0,
      0.0,
      0.0,
      0.0,
      0.0,
      0.0,
      0.0,
      0.0,
      0.0,
      0.0,
      0.5322408451245819,
      1.91067986039087,
      0.0,
      1.8298625271450273,
      0.0,
      0.9271038232358552,
      0.6009044575553879,
      1.3676988131952563,
      0.0,
      1.927178081762651,
      0.0,
      0.0,
      0.0,
      1.1037666336781637,
      0.0,
      1.892965505705718,
      1.500855915492762,
      1.0913252576395636,
      0.0,
      0.0,
      1.0200214805053536,
      0.0,
      0.0,
      1.42802309119915,
      0.0,
      0.0,
      0.0,
      0.0
    ],
    "service_duration_s": [
      60.0,
      60.0,
      60.0,
      60.0,
      60.0,
      60.0,
      60.0,
      60.0,
      60.0,
      60.0,
      60.0,
      60.0,
      60.0,
      60.0,
      60.0,
      60.0,
      60.0,
      60.0,
      60.0,
      60.0,
      60.0,
      60.0,
      60.0,
      60.0,
      60.0,
      60.0,
      60.0,
      60.0,
      60.0,
      60.0,
      60.0,
      60.0,
      60.0,
      60.0,
      60.0,
      60.0,
      60.0,
      60.0,
      60.0,
      60.0
    ],
    "tw_early_s": [
      64.83017821852849,
      0.0,
      0.0,
      780.9745700698197,
      0.0,
      31.92596006759743,
      212.8047690786749,
      0.0,
      0.0,
      687.8161634265308,
      410.2692300908259,
      311.01837080396376,
      212.11189231735307,
      748.2145178372703,
      378.4490122364987,
      462.2955373444835,
      857.1365050080253,
      0.0,
      135.0836013028145,
      0.0,
      298.5579511642561,
      0.0,
      213.587076547964,
      497.2719986197774,
      119.679748956134,
      0.0,
      138.89486470134335,
      555.9211101255103,
      42.72907779107078,
      591.4680703085036,
      295.6778922388967,
      568.232866249105,
      0.0,
      459.306734207839,
      373.94196058368664,
      658.7390171180082,
      661.24027886069,
      737.3221110202062,
      0.0,
      0.0
    ],
    "tw_late_s": [
      664.8301782185285,
      413.2433170303833,
      541.0451612547911,
      1380.9745700698197,
      493.0950699091044,
      631.9259600675974,
      812.8047690786749,
      567.9744961423727,
      500.52880161521324,
      1287.8161634265307,
      1010.2692300908259,
      911.0183708039638,
      812.1118923173531,
      1348.2145178372703,
      978.4490122364987,
      1062.2955373444834,
      1457.1365050080253,
      567.7730029823103,
      735.0836013028145,
      339.7499401872765,
      898.5579511642561,
      473.4485169005207,
      813.587076547964,
      1097.2719986197774,
      719.6797489561341,
      417.33019337205735,
      738.8948647013433,
      1155.9211101255103,
      642.7290777910707,
      1191.4680703085037,
      895.6778922388967,
      1168.232866249105,
      398.1482520745139,
      1059.3067342078389,
      973.9419605836866,
      1258.7390171180082,
      1261.24027886069,
      1337.3221110202062,
      332.17159515106323,
      330.79407604594695
    ],
    "bs_xy": [
      [
        549.3015994754633,
        0.10020045247549625
      ],
      [
        807.5936046048488,
        803.3805549008288
      ],
      [
        390.1876409224061,
        22.492896125545393
      ],
      [
        666.1868280982168,
        469.9031803519101
      ]
    ],
    "speed_mps": 10.0,
    "capacity_kg": 6.0,
    "altitude_m": 100.0
  }
}