{
  "spec": {
    "run_id": "seed10_N20_M3_D5_B10_K10_lo0.0_lt0.0_twA",
    "seed": 10,
    "n_clients": 20,
    "num_uavs": 3,
    "delta_min": 5,
    "bs_count": 10,
    "edge_samples": 10,
    "lambda_out": 0.0,
    "lambda_tw": 0.0,
    "tw_family": "A",
    "tw_mode": "soft"
  },
  "scenario": {
    "depot_xy": [
      500.0,
      500.0
    ],
    "client_xy": [
      [
        551.9302865747434,
        520.1974808397846
      ],
      [
        695.1433790346694,
        560.3148470837539
      ],
      [
        892.5794008058084,
        879.7101401897237
      ],
      [
        848.7257267105537,
        341.36931002530355
      ],
      [
        921.875874375337,
        107.5168011699722
      ],
      [
        946.7293618399266,
        343.1978596304536
      ],
      [
        720.0299425002563,
        554.7761997563356
      ],
      [
        35.87435358070068,
        309.34386297246795
      ],
      [
        87.69281427380815,
        65.08167162271717
      ],
      [
        635.7513293731072,
        484.02128814089707
      ],
      [
        896.4772592455141,
        631.7963339279315
      ],
      [
        113.35043070180917,
        748.2061544528839
      ],
      [
        375.08768992352003,
        786.639975565692
      ],
      [
        333.33657975348154,
        62.93351863259022
      ],
      [
        321.62876756019057,
        953.8644154363813
      ],
      [
        284.94317286994584,
        290.85684121604294
      ],
      [
        256.5763221475336,
        871.7009906878061
      ],
      [
        255.53942381813022,
        40.74129676521054
      ],
      [
        89.63935572183534,
        778.1553322584183
      ],
      [
        396.51849858453323,
        249.06343424779743
      ]
    ],
    "delivery": [
      0.0,
      0.0,
      1.5852938888526151,
      0.0,
      0.0,
      1.1659496842496253,
      1.0339254359409624,
      0.0,
      1.4835001505138818,
      1.0575207496880386,
      1.8463463523221029,
      0.0,
      1.46708777528674,
      0.638530083649456,
      1.4549407253045172,
      0.0,
      0.0,
      0.0,
      0.0,
      0.5745245783233248
    ],
    "pickup": [
      0.7471109579755779,
      0.7234610143576039,
      0.0,
      0.815963836268173,
      1.7066580757371574,
      0.0,
      0.0,
      0.6569047921534299,
      0.0,
      0.0,
      0.0,
      1.422896562288626,
      0.0,
      0.0,
      0.0,
      1.5529947831067432,
      1.3943009596719493,
      1.488722162125046,
      1.5665968202725653,
      0.0
    ],
    "service_duration_s": [
      60.0,
      60.0,
      60.0,
      60.0,
      60.0,
      60.0,
      60.0,
      60.0,
      60.0,
      60.0,
      60.0,
      60.0,
      60.0,
      60.0,
      60.0,
      60.0,
      60.0,
      60.0,
      60.0,
      60.0
    ],
    "tw_early_s": [
      70.14899340926115,
      65.16511671278317,
      162.71432921465356,
      0.0,
      0.0,
      0.0,
      0.0,
      0.0,
      0.0,
      79.13082209899363,
      169.10005209664143,
      248.58228260744932,
      162.12787815937594,
      0.0,
      294.9922851381332,
      0.0,
      286.31967981808543,
      0.0,
      384.0943072528156,
      0.0
    ],
    "tw_late_s": [
      670.1489934092612,
      665.1651167127832,
      762.7143292146536,
      508.0661680517683,
      571.8420407695945,
      571.9333107153831,
      592.9870639943656,
      350.17592831731105,
      359.9292222342275,
      679.1308220989936,
      769.1000520966414,
      848.5822826074493,
      762.127878159376,
      444.49453804337224,
      894.9922851381332,
      329.99838324999826,
      886.3196798180854,
      444.87464322947153,
      984.0943072528156,
      401.912971859904
    ],
    "bs_xy": [
      [
        953.3807434900609,
        57.63989161814498
      ],
      [
        554.6704938854634,
        725.8768987007703
      ],
      [
        19.866162131853216,
        333.05081767917943
      ],
      [
        343.35133375045143,
        1.8952119747370766
      ],
      [
        835.3032282071615,
        272.3100152510444
      ],
      [
        200.20606289920184,
        267.2462710483925
      ],
      [
        992.548180998607,
        25.3385934594601
      ],
      [
        139.67438071939654,
        75.28029719572649
      ],
      [
        205.109300299839,
        501.8823056678965
      ],
      [
        122.20695487891797,
        380.02285460901885
      ]
    ],
    "speed_mps": 10.0,
    "capacity_kg": 6.0,
    "altitude_m": 100.0
  }
}