{
  "spec": {
    "run_id": "seed8_N40_M3_D5_B4_K10_lo1.0_lt1.0_twA",
    "seed": 8,
    "n_clients": 40,
    "num_uavs": 3,
    "delta_min": 5,
    "bs_count": 4,
    "edge_samples": 10,
    "lambda_out": 1.0,
    "lambda_tw": 1.0,
    "tw_family": "A",
    "tw_mode": "soft"
  },
  "scenario": {
    "depot_xy": [
      500.0,
      500.0
    ],
    "client_xy": [
      [
        34.68867110477192,
        84.61910403261142
      ],
      [
        831.9708633658262,
        616.562313917378
      ],
      [
        959.2718134642671,
        742.7790460937705
      ],
      [
        761.3790407083898,
        31.03649090309235
      ],
      [
        247.73741928432503,
        205.35718353307496
      ],
      [
        940.5607033751351,
        961.8451903319788
      ],
      [
        239.43698492735888,
        729.6705285924932
      ],
      [
        34.887480997730535,
        321.4975762739268
      ],
      [
        102.80168760851183,
        803.5264479679482
      ],
      [
        900.4410683526698,
        288.7095278796584
      ],
      [
        505.5048520483126,
        898.9839770657828
      ],
      [
        648.343216152721,
        421.9776707851022
      ],
      [
        286.5115347552544,
        973.14582306715
      ],
      [
        228.56986602095185,
        832.3765731732287
      ],
      [
        251.3810611671302,
        323.80666432897254
      ],
      [
        633.421636543432,
        809.0545147511696
      ],
      [
        915.7223341838484,
        685.7008370800826
      ],
      [
        603.1867427463206,
        964.8840370370566
      ],
      [
        511.5472894674309,
        838.0298083662112
      ],
      [
        483.26828423702864,
        628.7166862503719
      ],
      [
        750.9246562994961,
        648.3074813984026
      ],
      [
        676.7747490395376,
        707.7915903699787
      ],
      [
        437.28873176215563,
        573.6910419216229
      ],
      [
        500.88504913555755,
        803.3722292219758
      ],
      [
        99.77270114551462,
        165.7727483154141
      ],
      [
        104.26805753443446,
        184.5063411679828
      ],
      [
        430.973692492547,
        766.8411007340126
      ],
      [
        872.412986505606,
        311.2645203401413
      ],
      [
        795.3646333559062,
        247.1720600098748
      ],
      [
        509.5798124704036,
        844.3045554262832
      ],
      [
        631.7172226614045,
        219.54445941121037
      ],
      [
        656.7283124461162,
        263.62404638103453
      ],
      [
        962.4152946529883,
        961.3868107886741
      ],
      [
        749.7617622836028,
        681.1757068086962
      ],
      [
        331.1621574221034,
        925.2386889683569
      ],
      [
        672.4226902617067,
        543.6811807288041
      ],
      [
        517.3861877180809,
        641.7535625559153
      ],
      [
        157.88675442041122,
        202.65254028067648
      ],
      [
        122.9126205504022,
        356.8681099805362
      ],
      [
        73.85082373312557,
        735.1663379435992
      ]
    ],
    "delivery": [
      1.2351267135653636,
      0.0,
      0.7185461419250954,
      1.0746301432479224,
      1.922623202973682,
      1.4479305017378545,
      1.9654236708873858,
      1.6891214965833365,
      0.0,
      1.285401890701418,
      1.4984152516991893,
      0.0,
      0.0,
      0.0,
      0.0,
      0.0,
      0.0,
      0.9530007085450031,
      1.7706238619793275,
      0.6192313192904211,
      1.696920053316094,
      0.0,
      0.9774689155968739,
      0.8192590469734252,
      0.0,
      0.0,
      1.9486422274340027,
      0.0,
      1.46801682880576,
      0.0,
      1.273174341655785,
      1.2700370462288362,
      1.4029065648682715,
      0.0,
      0.0,
      0.0,
      0.0,
      0.5732388554106489,
      0.0,
      1.8961489755516792
    ],
    "pickup": [
      0.0,
      1.7128320444127818,
      0.0,
      0.0,
      0.0,
      0.0,
      0.0,
      0.0,
      1.1757785501721052,
      0.0,
      0.0,
      1.2345639790830463,
      1.4868493778264926,
      1.9051923571904872,
      1.8488651895779202,
      0.595088096294992,
      1.601536999049475,
      0.0,
      0.0,
      0.0,
      0.0,
      1.6213875396018043,
      0.0,
      0.0,
      1.2887214646574332,
      1.1706337237340527,
      0.0,
      0.9829803911671842,
      0.0,
      1.1506215459100366,
      0.0,
      0.0,
      0.0,
      1.5249057333922966,
      0.6520409860969019,
      1.6326531155779733,
      1.1601221276086058,
      0.0,
      1.90075007629558,
      0.0
    ],
    "service_duration_s": [
      60.0,
      60.0,
      60.0,
      60.0,
      60.0,
      60.0,
      60.0,
      60.0,
      60.0,
      60.0,
      60.0,
      60.0,
      60.0,
      60.0,
      60.0,
      60.0,
      60.0,
      60.0,
      60.0,
      60.0,
      60.0,
      60.0,
      60.0,
      60.0,
      60.0,
      60.0,
      60.0,
      60.0,
      60.0,
      60.0,
      60.0,
      60.0,
      60.0,
      60.0,
      60.0,
      60.0,
      60.0,
      60.0,
      60.0,
      60.0
    ],
    "tw_early_s": [
      0.0,
      165.9304190399955,
      301.1134623005546,
      22.710079143068583,
      0.0,
      331.277141556472,
      766.4646702381965,
      0.0,
      694.2243980785101,
      111.99038677759751,
      464.87477368111956,
      79.17555104108067,
      681.6662363640544,
      621.3209239627754,
      0.0,
      479.23142330640314,
      157.50047898858128,
      425.0159061900014,
      551.7585634889346,
      581.9995439439666,
      234.63458088260666,
      301.87155828228333,
      793.0006886395383,
      615.3846235560509,
      0.0,
      0.0,
      540.0460074839323,
      59.80720971008958,
      0.0,
      500.2807903301458,
      0.0,
      3.3180038783716554,
      382.97649874540514,
      234.10270420974655,
      696.2789514903716,
      206.1960770211606,
      379.12430722200156,
      0.0,
      0.0,
      892.7701975902285
    ],
    "tw_late_s": [
      489.8437639003977,
      765.9304190399955,
      901.1134623005546,
      622.7100791430686,
      502.0059501899598,
      931.277141556472,
      1366.4646702381965,
      349.8189492671934,
      1294.2243980785101,
      711.9903867775975,
      1064.8747736811197,
      679.1755510410807,
      1281.6662363640544,
      1221.3209239627754,
      330.4721952411154,
      1079.231423306403,
      757.5004789885813,
      1025.0159061900013,
      1151.7585634889347,
      1181.9995439439667,
      834.6345808826067,
      901.8715582822833,
      1393.0006886395383,
      1215.3846235560509,
      426.68913416135945,
      417.67053460063244,
      1140.0460074839323,
      659.8072097100896,
      589.7850880812789,
      1100.280790330146,
      513.1887754360391,
      603.3180038783717,
      982.9764987454051,
      834.1027042097465,
      1296.2789514903716,
      806.1960770211606,
      979.1243072220016,
      405.77562857091414,
      340.33381083913457,
      1492.7701975902285
    ],
    "bs_xy": [
      [
        902.4311071719646,
        859.3619786660454
      ],
      [
        726.8289741848911,
        15.579861203870337
      ],
      [
        454.75058029913697,
        734.5843296942362
      ],
      [
        136.63896882112758,
        88.04513972368267
      ]
    ],
    "speed_mps": 10.0,
    "capacity_kg": 6.0,
    "altitude_m": 100.0
  }
}