{
  "spec": {
    "run_id": "seed6_N20_M3_D10_B7_K10_lo1.0_lt5.0_twA",
    "seed": 6,
    "n_clients": 20,
    "num_uavs": 3,
    "delta_min": 10,
    "bs_count": 7,
    "edge_samples": 10,
    "lambda_out": 1.0,
    "lambda_tw": 5.0,
    "tw_family": "A",
    "tw_mode": "soft"
  },
  "scenario": {
    "depot_xy": [
      500.0,
      500.0
    ],
    "client_xy": [
      [
        334.6729508781793,
        314.4028350161512
      ],
      [
        491.20786305137744,
        462.77471149083505
      ],
      [
        81.09786316958179,
        442.6040704597959
      ],
      [
        894.93389143033,
        354.3805587053256
      ],
      [
        554.9688768337426,
        232.84615336369617
      ],
      [
        500.5513063836917,
        933.4480237672284
      ],
      [
        301.7506326290661,
        948.3082673249871
      ],
      [
        945.5912190562377,
        225.89681549744566
      ],
      [
        931.8673559025628,
        536.443865920944
      ],
      [
        34.29648827498233,
        221.19824571964853
      ],
      [
        404.88963013662203,
        854.1038610092372
      ],
      [
        656.8935707503225,
        857.8156335719478
      ],
      [
        834.2554211154437,
        531.9521092514644
      ],
      [
        833.2321393752899,
        940.8748041677974
      ],
      [
        631.8932408329382,
        116.31735783669971
      ],
      [
        330.43892539755115,
        594.4626330969662
      ],
      [
        49.54684835820722,
        296.5128758365646
      ],
      [
        347.64996059464784,
        399.76789893477394
      ],
      [
        548.8309526594293,
        866.4406911863866
      ],
      [
        365.85761557583294,
        315.599811630197
      ]
    ],
    "delivery": [
      0.90613664473746,
      0.0,
      1.4278507695517235,
      0.6653467235159067,
      1.0002109216904809,
      1.128858044284868,
      0.0,
      1.7902797121210035,
      0.0,
      0.5070793975045256,
      1.8227162638027963,
      1.3130688951337732,
      0.0,
      0.0,
      0.9217358956761474,
      1.9776493821377157,
      1.10744019598404,
      1.3302261843886036,
      1.7155450964247028,
      0.0
    ],
    "pickup": [
      0.0,
      0.8048216465669604,
      0.0,
      0.0,
      0.0,
      0.0,
      0.8642869225115808,
      0.0,
      0.555149728766775,
      0.0,
      0.0,
      0.0,
      0.8880020858742668,
      0.7673784299139021,
      0.0,
      0.0,
      0.0,
      0.0,
      0.0,
      1.939168105310724
    ],
    "service_duration_s": [
      60.0,
      60.0,
      60.0,
      60.0,
      60.0,
      60.0,
      60.0,
      60.0,
      60.0,
      60.0,
      60.0,
      60.0,
      60.0,
      60.0,
      60.0,
      60.0,
      60.0,
      60.0,
      60.0,
      60.0
    ],
    "tw_early_s": [
      0.0,
      0.0,
      0.0,
      0.0,
      0.0,
      0.0,
      0.0,
      0.0,
      0.0,
      0.0,
      0.0,
      0.0,
      0.0,
      0.0,
      0.0,
      27.76823660865,
      0.0,
      0.0,
      0.0,
      0.0
    ],
    "tw_late_s": [
      737.9969155364072,
      804.9564102300723,
      642.2815909077312,
      917.591295941073,
      821.4877195487817,
      1129.8407640784849,
      1198.766789522364,
      916.1985190688481,
      953.6143714654349,
      654.2780046632902,
      1141.1129355000207,
      1055.9098080471845,
      1008.766218210478,
      1036.5643920245632,
      841.9916291412552,
      1227.76823660865,
      649.4282360118515,
      729.2788052515525,
      1112.7377702229137,
      748.7518261490748
    ],
    "bs_xy": [
      [
        64.16239648289724,
        647.683623470395
      ],
      [
        109.2496386881513,
        807.9672783771408
      ],
      [
        153.09923794965607,
        540.5887630337733
      ],
      [
        631.4835565790244,
        502.29062906925805
      ],
      [
        736.5368538769101,
        48.22450898295572
      ],
      [
        353.1725447741139,
        614.0035403589577
      ],
      [
        438.2489729528055,
        29.93751988319371
      ]
    ],
    "speed_mps": 10.0,
    "capacity_kg": 6.0,
    "altitude_m": 100.0
  }
}