{
  "spec": {
    "run_id": "seed7_N20_M3_D5_B7_K10_lo0.5_lt5.0_twA",
    "seed": 7,
    "n_clients": 20,
    "num_uavs": 3,
    "delta_min": 5,
    "bs_count": 7,
    "edge_samples": 10,
    "lambda_out": 0.5,
    "lambda_tw": 5.0,
    "tw_family": "A",
    "tw_mode": "soft"
  },
  "scenario": {
    "depot_xy": [
      500.0,
      500.0
    ],
    "client_xy": [
      [
        413.82221435353415,
        82.72283743879171
      ],
      [
        794.3703605231009,
        410.5135793126055
      ],
      [
        890.5178307516638,
        169.42634496361597
      ],
      [
        572.7306574126109,
        450.6806572702011
      ],
      [
        970.8900892495102,
        693.6965207196857
      ],
      [
        976.2492142481458,
        752.7432541659308
      ],
      [
        47.82328205660391,
        10.578992286686573
      ],
      [
        990.2135234771307,
        559.90968927433
      ],
      [
        251.88414034866392,
        216.67273236400075
      ],
      [
        22.96527700387219,
        665.5353238072316
      ],
      [
        295.6512206568118,
        776.9099592440915
      ],
      [
        927.1809386416851,
        863.3756307410349
      ],
      [
        200.28804436089987,
        809.2486607951903
      ],
      [
        981.6757963993966,
        33.13210795544519
      ],
      [
        15.65824962198359,
        459.8048689094168
      ],
      [
        832.7621781071949,
        371.09673354614915
      ],
      [
        412.6656772180054,
        765.3772401614332
      ],
      [
        513.6551921827569,
        495.45756792859584
      ],
      [
        148.67845029318005,
        91.5433376810798
      ],
      [
        653.9738741771581,
        392.58921326422734
      ]
    ],
    "delivery": [
      0.0,
      1.9416290952960038,
      0.0,
      1.2987630350476385,
      0.519012672906136,
      0.0,
      0.5081817933558328,
      1.437329799286749,
      1.1031548915795992,
      0.0,
      0.0,
      0.7605984181394198,
      0.0,
      0.0,
      1.569986642965761,
      1.9539560387398351,
      0.0,
      0.9683300992139425,
      0.0,
      0.0
    ],
    "pickup": [
      0.8088150495519915,
      0.0,
      1.869720477441433,
      0.0,
      0.0,
      1.2154830264628382,
      0.0,
      0.0,
      0.0,
      1.6753041032830323,
      1.043162410818873,
      0.0,
      1.2073517994214116,
      0.5584652978496263,
      0.0,
      0.0,
      0.95959865791529,
      0.0,
      1.7844923408260087,
      0.5806835664646384
    ],
    "service_duration_s": [
      60.0,
      60.0,
      60.0,
      60.0,
      60.0,
      60.0,
      60.0,
      60.0,
      60.0,
      60.0,
      60.0,
      60.0,
      60.0,
      60.0,
      60.0,
      60.0,
      60.0,
      60.0,
      60.0,
      60.0
    ],
    "tw_early_s": [
      0.0,
      73.8829686543703,
      0.0,
      0.0,
      150.37514565102657,
      172.63875116260374,
      0.0,
      147.90983535669602,
      0.0,
      366.8846231416085,
      300.74144263033384,
      238.90413876575997,
      371.794673722736,
      0.0,
      0.0,
      63.325031430364845,
      266.6559256498508,
      40.539171345375394,
      0.0,
      0.0
    ],
    "tw_late_s": [
      463.9372268428381,
      673.8829686543703,
      582.3472667631229,
      591.3579709525818,
      750.3751456510265,
      772.6387511626037,
      366.6330778998822,
      747.909835356696,
      337.6610966909625,
      966.8846231416085,
      900.7414426303338,
      838.90413876576,
      971.794673722736,
      472.9128755436616,
      348.60067692148226,
      663.3250314303648,
      866.6559256498508,
      640.5391713453754,
      447.7556164782285,
      563.1405418280829
    ],
    "bs_xy": [
      [
        832.8128910176504,
        258.6431505858151
      ],
      [
        511.36628754511395,
        796.3701887369143
      ],
      [
        322.2201577041449,
        126.2177087845805
      ],
      [
        565.4166222072419,
        205.05319864951355
      ],
      [
        37.70886289666464,
        682.2845236440912
      ],
      [
        474.2116481497943,
        874.4129130979297
      ],
      [
        518.5862645497294,
        392.7395494822489
      ]
    ],
    "speed_mps": 10.0,
    "capacity_kg": 6.0,
    "altitude_m": 100.0
  }
}