{
  "spec": {
    "run_id": "seed3_N10_M3_D5_B7_K10_lo0.0_lt5.0_twA",
    "seed": 3,
    "n_clients": 10,
    "num_uavs": 3,
    "delta_min": 5,
    "bs_count": 7,
    "edge_samples": 10,
    "lambda_out": 0.0,
    "lambda_tw": 5.0,
    "tw_family": "A",
    "tw_mode": "soft"
  },
  "scenario": {
    "depot_xy": [
      500.0,
      500.0
    ],
    "client_xy": [
      [
        848.3238225905524,
        71.91832707756673
      ],
      [
        961.6190601448567,
        254.14010679985344
      ],
      [
        149.2229680656837,
        810.3358336381997
      ],
      [
        964.7216363113961,
        459.24244345072754
      ],
      [
        914.830286855313,
        814.4565513911695
      ],
      [
        822.8128667597923,
        878.690697131771
      ],
      [
        221.74926132662387,
        754.048340615019
      ],
      [
        785.3933160982497,
        965.6848795120909
      ],
      [
        676.8523137091067,
        508.36695790099685
      ],
      [
        945.7421498442484,
        998.3876398512365
      ]
    ],
    "delivery": [
      0.0,
      1.8546667992440635,
      0.0,
      0.8056304837496864,
      0.0,
      0.0,
      0.0,
      1.2335897214799578,
      0.9539773121427504,
      1.3193658615978323
    ],
    "pickup": [
      0.626314584331173,
      0.0,
      0.6421411646603651,
      0.0,
      1.575402574245441,
      0.7213136479067439,
      0.8106564552715232,
      0.0,
      0.0,
      0.0
    ],
    "service_duration_s": [
      60.0,
      60.0,
      60.0,
      60.0,
      60.0,
      60.0,
      60.0,
      60.0,
      60.0,
      60.0
    ],
    "tw_early_s": [
      0.0,
      0.0,
      89.59146638948897,
      0.0,
      0.0,
      0.0,
      0.0,
      0.0,
      0.0,
      0.0
    ],
    "tw_late_s": [
      355.1890753751287,
      352.30097931907284,
      689.5914663894889,
      346.65054958645277,
      468.5276373546874,
      561.8865375448352,
      597.0096817302187,
      548.4333994915697,
      462.0814932809828,
      460.5984655525306
    ],
    "bs_xy": [
      [
        360.099712739094,
        17.512106659611003
      ],
      [
        28.746638789755806,
        370.56399327210187
      ],
      [
        327.0576091804139,
        926.8281947653079
      ],
      [
        470.12889842474135,
        129.8958343993024
      ],
      [
        514.1114984157518,
        954.1221058032442
      ],
      [
        933.9627771026181,
        231.48524269104576
      ],
      [
        311.9285850166965,
        634.916173376551
      ]
    ],
    "speed_mps": 10.0,
    "capacity_kg": 6.0,
    "altitude_m": 100.0
  }
}