{
  "spec": {
    "run_id": "seed3_N20_M3_D2_B7_K10_lo0.5_lt5.0_twA",
    "seed": 3,
    "n_clients": 20,
    "num_uavs": 3,
    "delta_min": 2,
    "bs_count": 7,
    "edge_samples": 10,
    "lambda_out": 0.5,
    "lambda_tw": 5.0,
    "tw_family": "A",
    "tw_mode": "soft"
  },
  "scenario": {
    "depot_xy": [
      500.0,
      500.0
    ],
    "client_xy": [
      [
        453.5014565957046,
        903.5162213200771
      ],
      [
        423.44614337256246,
        465.2350118852722
      ],
      [
        820.4961868671297,
        530.284511617109
      ],
      [
        796.4399730305001,
        422.28351148802346
      ],
      [
        851.5824322050738,
        405.39043274668416
      ],
      [
        966.4592307279092,
        184.4277082076644
      ],
      [
        808.8972729917947,
        95.67786789575582
      ],
      [
        299.39648201750936,
        97.52608159692366
      ],
      [
        739.2008116807956,
        664.5066654530156
      ],
      [
        563.74200269666,
        61.64223463433727
      ],
      [
        365.3629286348745,
        244.10008525075645
      ],
      [
        519.896396949386,
        806.4864161876246
      ],
      [
        434.5431285066214,
        125.12591248794558
      ],
      [
        241.65397621217787,
        836.2881532932912
      ],
      [
        901.0543522921907,
        408.59730083232824
      ],
      [
        843.1138559506421,
        521.2223875990346
      ],
      [
        775.8308804409456,
        519.5113891860017
      ],
      [
        537.133246414815,
        814.9422815054252
      ],
      [
        938.5521925661523,
        831.6402206025119
      ],
      [
        293.1034219083972,
        289.51102049325425
      ]
    ],
    "delivery": [
      0.0,
      0.0,
      1.1708014012711216,
      0.0,
      0.0,
      0.9380051902456263,
      0.0,
      0.0,
      0.0,
      0.0,
      1.7401262599433949,
      1.145074726452474,
      0.0,
      0.5723313947911159,
      1.4629866370191031,
      1.3240019742520608,
      0.80210090882287,
      1.1433403209937463,
      0.0,
      0.5221307357546247
    ],
    "pickup": [
      1.776723849073489,
      1.4861172221088972,
      0.0,
      1.120502988494386,
      0.9795193911003794,
      0.0,
      0.556040451561026,
      0.5304698457740797,
      0.997087879387647,
      1.9770256673706468,
      0.0,
      0.0,
      0.9155304444935553,
      0.0,
      0.0,
      0.0,
      0.0,
      0.0,
      0.7050584707221634,
      0.0
    ],
    "service_duration_s": [
      60.0,
      60.0,
      60.0,
      60.0,
      60.0,
      60.0,
      60.0,
      60.0,
      60.0,
      60.0,
      60.0,
      60.0,
      60.0,
      60.0,
      60.0,
      60.0,
      60.0,
      60.0,
      60.0,
      60.0
    ],
    "tw_early_s": [
      465.02283639506345,
      0.0,
      262.6669728196092,
      190.84950041847083,
      100.70317241490233,
      104.72172810376438,
      98.16518755302343,
      0.0,
      250.01708758086613,
      0.0,
      0.0,
      336.1423006784368,
      0.0,
      452.4571363856046,
      188.07334568814144,
      172.31728389563733,
      260.7883106586444,
      362.8322067887487,
      355.98811645657247,
      0.0
    ],
    "tw_late_s": [
      705.0228363950635,
      128.4077924350875,
      502.6669728196092,
      430.8495004184708,
      340.7031724149023,
      344.72172810376435,
      338.16518755302343,
      227.21477323701345,
      490.01708758086613,
      235.8684831034915,
      148.9157236386102,
      576.1423006784369,
      231.20056941134902,
      692.4571363856046,
      428.07334568814144,
      412.31728389563733,
      500.7883106586444,
      602.8322067887486,
      595.9881164565725,
      149.5147089634653
    ],
    "bs_xy": [
      [
        539.5678932796935,
        742.4590321400201
      ],
      [
        244.9335027889712,
        797.8259995913995
      ],
      [
        566.9608233019924,
        596.8211109649527
      ],
      [
        205.28038605824273,
        574.6322030871104
      ],
      [
        733.6006216887243,
        210.72885770890804
      ],
      [
        806.8039311070124,
        129.9738323644557
      ],
      [
        716.4344735453766,
        877.9268250776364
      ]
    ],
    "speed_mps": 10.0,
    "capacity_kg": 6.0,
    "altitude_m": 100.0
  }
}