{
  "spec": {
    "run_id": "seed3_N20_M3_D10_B10_K10_lo1.0_lt5.0_twA",
    "seed": 3,
    "n_clients": 20,
    "num_uavs": 3,
    "delta_min": 10,
    "bs_count": 10,
    "edge_samples": 10,
    "lambda_out": 1.0,
    "lambda_tw": 5.0,
    "tw_family": "A",
    "tw_mode": "soft"
  },
  "scenario": {
    "depot_xy": [
      500.0,
      500.0
    ],
    "client_xy": [
      [
        7.173868241377113,
        641.5239566535832
      ],
      [
        482.2770814318672,
        765.1993624093903
      ],
      [
        376.6032254151208,
        647.8518472583269
      ],
      [
        516.2013485190566,
        179.0090897901243
      ],
      [
        648.4353200180643,
        758.9790783198087
      ],
      [
        905.6156514453362,
        751.6665713484017
      ],
      [
        891.7698182361586,
        421.84160073116374
      ],
      [
        542.5455178526294,
        564.3498666734718
      ],
      [
        527.529543795863,
        732.6036625674267
      ],
      [
        372.781398230669,
        980.8323915349151
      ],
      [
        201.24920181948735,
        521.485230505951
      ],
      [
        255.98534048480914,
        285.76901027581016
      ],
      [
        563.9880113208287,
        949.2190395434188
      ],
      [
        880.2051406469826,
        230.21407226049985
      ],
      [
        467.9546561970709,
        922.8228670311879
      ],
      [
        662.6900261120787,
        342.1159491731236
      ],
      [
        55.871928312122066,
        618.0013221862232
      ],
      [
        413.7347893408193,
        360.58753082387005
      ],
      [
        776.3943855265624,
        723.6237484983129
      ],
      [
        338.48081081202486,
        889.2838484490296
      ]
    ],
    "delivery": [
      0.0,
      0.0,
      0.6488344550160688,
      0.7010864044584284,
      1.4851138800577568,
      0.0,
      0.0,
      0.0,
      0.0,
      0.504458704547431,
      1.3720509286926796,
      0.0,
      0.0,
      1.0640518011501705,
      0.0,
      0.8075206146688044,
      0.0,
      0.0,
      0.6485752485691068,
      0.7606937297957498
    ],
    "pickup": [
      1.0929553253474116,
      0.561733062015288,
      0.0,
      0.0,
      0.0,
      1.8351932359214906,
      1.7242826043763035,
      1.237463222962645,
      0.9746925702716835,
      0.0,
      0.0,
      1.643725259222838,
      0.9043050424729789,
      0.0,
      0.7017351240304562,
      0.0,
      1.9381064973304256,
      1.765431530222358,
      0.0,
      0.0
    ],
    "service_duration_s": [
      60.0,
      60.0,
      60.0,
      60.0,
      60.0,
      60.0,
      60.0,
      60.0,
      60.0,
      60.0,
      60.0,
      60.0,
      60.0,
      60.0,
      60.0,
      60.0,
      60.0,
      60.0,
      60.0,
      60.0
    ],
    "tw_early_s": [
      0.0,
      0.0,
      0.0,
      0.0,
      0.0,
      0.0,
      0.0,
      0.0,
      0.0,
      0.0,
      0.0,
      0.0,
      0.0,
      0.0,
      0.0,
      0.0,
      0.0,
      0.0,
      0.0,
      0.0
    ],
    "tw_late_s": [
      1110.6050879495367,
      1003.5037655083432,
      1085.17002428805,
      632.1399514827264,
      926.8763026278486,
      841.1478756197223,
      736.8634692128396,
      834.5816634750586,
      911.4739159327974,
      1000.7253245212195,
      1166.7842685312844,
      632.4712289598839,
      926.2356829118189,
      724.8290463233286,
      996.195182507492,
      733.53017181455,
      1181.6712331693195,
      616.3943658406961,
      835.2502503434405,
      1082.4970082856828
    ],
    "bs_xy": [
      [
        844.9250213847397,
        703.9212508909379
      ],
      [
        542.46133891652,
        397.62318198201893
      ],
      [
        663.6533395911437,
        408.40571453533994
      ],
      [
        37.09102733859737,
        356.2766703069415
      ],
      [
        724.9085767781767,
        180.94302841629505
      ],
      [
        103.68250273147572,
        29.76323402318226
      ],
      [
        121.30185232558321,
        603.4217578969087
      ],
      [
        522.0558903892705,
        33.66017976678115
      ],
      [
        191.965992151396,
        533.3472162667777
      ],
      [
        125.4336374172843,
        2.8939660864042427
      ]
    ],
    "speed_mps": 10.0,
    "capacity_kg": 6.0,
    "altitude_m": 100.0
  }
}