{
  "spec": {
    "run_id": "seed2_N20_M3_D5_B7_K10_lo0.0_lt1.0_twA",
    "seed": 2,
    "n_clients": 20,
    "num_uavs": 3,
    "delta_min": 5,
    "bs_count": 7,
    "edge_samples": 10,
    "lambda_out": 0.0,
    "lambda_tw": 1.0,
    "tw_family": "A",
    "tw_mode": "soft"
  },
  "scenario": {
    "depot_xy": [
      500.0,
      500.0
    ],
    "client_xy": [
      [
        52.39043091577089,
        726.1571716890372
      ],
      [
        128.080388181818,
        471.69748353408113
      ],
      [
        851.0223198833023,
        738.0903512363947
      ],
      [
        547.3006736231051,
        592.9319043771424
      ],
      [
        184.5241197359626,
        323.06213437577145
      ],
      [
        606.3663439570415,
        42.63243983260179
      ],
      [
        744.2834951628391,
        818.5099930479802
      ],
      [
        622.107504264964,
        35.574629793670766
      ],
      [
        403.3289600468143,
        522.1283045011884
      ],
      [
        971.0197239768005,
        167.66976470907946
      ],
      [
        638.0784246523767,
        199.13994799988876
      ],
      [
        861.370162203377,
        872.9569260505217
      ],
      [
        779.56781678023,
        456.15402818423735
      ],
      [
        967.1737971957526,
        571.9025783794132
      ],
      [
        654.8293471979605,
        269.3123069203394
      ],
      [
        893.1488020592838,
        584.9564470993769
      ],
      [
        46.348166510485456,
        589.3783403856268
      ],
      [
        354.4463137329854,
        902.8473234854578
      ],
      [
        177.19410379243016,
        661.4115768788224
      ],
      [
        464.9211396349855,
        245.1829422227896
      ]
    ],
    "delivery": [
      0.0,
      0.7551879672945502,
      0.7464159177740426,
      0.0,
      1.2693475039199749,
      1.0591706732915176,
      0.0,
      0.0,
      0.0,
      1.9247031246483322,
      0.0,
      1.5081493648949817,
      0.0,
      0.5411251932581488,
      0.5771378821028239,
      1.2523006815669575,
      1.148975916684335,
      0.0,
      1.108356189568147,
      0.8043559439066587
    ],
    "pickup": [
      0.6001014899774234,
      0.0,
      0.0,
      1.4702271725264218,
      0.0,
      0.0,
      1.324237617518843,
      1.8143836739231887,
      0.9805707683891871,
      0.0,
      0.7507643177925052,
      0.0,
      1.4763237298547345,
      0.0,
      0.0,
      0.0,
      0.0,
      1.5057214414717517,
      0.0,
      0.0
    ],
    "service_duration_s": [
      60.0,
      60.0,
      60.0,
      60.0,
      60.0,
      60.0,
      60.0,
      60.0,
      60.0,
      60.0,
      60.0,
      60.0,
      60.0,
      60.0,
      60.0,
      60.0,
      60.0,
      60.0,
      60.0,
      60.0
    ],
    "tw_early_s": [
      265.78420671729543,
      0.0,
      0.0,
      75.72580268288561,
      0.0,
      0.0,
      135.9812658074631,
      0.0,
      349.29679463713035,
      0.0,
      0.0,
      140.13192803740236,
      0.0,
      48.22140791796892,
      0.0,
      48.285031691154245,
      339.4754293259123,
      250.9123597022525,
      173.36465741808786,
      0.0
    ],
    "tw_late_s": [
      865.7842067172954,
      337.29949464715185,
      582.0630913984994,
      675.7258026828856,
      336.17071181495146,
      461.5532312870058,
      735.9812658074632,
      448.52797336544694,
      949.2967946371303,
      545.835996863424,
      403.6394478954883,
      740.1319280374023,
      492.9780718403355,
      648.2214079179689,
      544.733486856357,
      648.2850316911542,
      939.4754293259123,
      850.9123597022525,
      773.3646574180879,
      325.7220254604381
    ],
    "bs_xy": [
      [
        936.3618477226352,
        702.9336980148137
      ],
      [
        759.4183400764487,
        138.86332299812975
      ],
      [
        404.82506234719995,
        592.8694462706516
      ],
      [
        958.2965163670661,
        305.5920551834049
      ],
      [
        189.83585459177564,
        459.677538239331
      ],
      [
        308.85002894151813,
        565.6008550167679
      ],
      [
        594.3599388403779,
        256.6469383674968
      ]
    ],
    "speed_mps": 10.0,
    "capacity_kg": 6.0,
    "altitude_m": 100.0
  }
}