{
  "spec": {
    "run_id": "seed4_N20_M3_D5_B7_K10_lo0.0_lt1.0_twA",
    "seed": 4,
    "n_clients": 20,
    "num_uavs": 3,
    "delta_min": 5,
    "bs_count": 7,
    "edge_samples": 10,
    "lambda_out": 0.0,
    "lambda_tw": 1.0,
    "tw_family": "A",
    "tw_mode": "soft"
  },
  "scenario": {
    "depot_xy": [
      500.0,
      500.0
    ],
    "client_xy": [
      [
        697.4385445103877,
        890.9622972484332
      ],
      [
        859.9855581871933,
        94.43900666957839
      ],
      [
        912.54340422078,
        403.41924143114363
      ],
      [
        231.30354151902355,
        382.40889580531535
      ],
      [
        272.18226566301763,
        441.0245757636018
      ],
      [
        733.0833024486166,
        52.86125958585608
      ],
      [
        271.16768962306736,
        339.0041472246166
      ],
      [
        975.8845895764256,
        724.3532463283663
      ],
      [
        271.69676671828745,
        316.54938046473114
      ],
      [
        318.13814545522223,
        657.4504990842809
      ],
      [
        463.5717351506008,
        252.95715760537007
      ],
      [
        623.0734468460824,
        516.0536121275347
      ],
      [
        679.829723988494,
        16.930028037047464
      ],
      [
        438.65280987000324,
        914.7961548517289
      ],
      [
        676.7894606256446,
        236.4545313454909
      ],
      [
        498.9013219744767,
        950.6010009956019
      ],
      [
        108.18134018157444,
        441.07133347633163
      ],
      [
        119.2962187490102,
        789.8947469522212
      ],
      [
        57.74225772850894,
        305.4725026039351
      ],
      [
        175.334069527443,
        66.13421105868566
      ]
    ],
    "delivery": [
      0.0,
      0.0,
      1.2273255399627507,
      0.898975645665867,
      1.506060580004854,
      0.0,
      0.9914493510749449,
      1.5484947608237754,
      0.7952865862712795,
      1.9298011190238895,
      0.0,
      1.2725884826899576,
      0.7264923957023421,
      1.298219935634784,
      1.0064143945516757,
      1.4793754618049118,
      0.6064211395946075,
      0.0,
      1.3743862365833441,
      0.0
    ],
    "pickup": [
      1.8951178104037452,
      0.7820467928640618,
      0.0,
      0.0,
      0.0,
      1.777732934040926,
      0.0,
      0.0,
      0.0,
      0.0,
      1.7776245944170177,
      0.0,
      0.0,
      0.0,
      0.0,
      0.0,
      0.0,
      1.9853438302407962,
      0.0,
      1.2333071150831094
    ],
    "service_duration_s": [
      60.0,
      60.0,
      60.0,
      60.0,
      60.0,
      60.0,
      60.0,
      60.0,
      60.0,
      60.0,
      60.0,
      60.0,
      60.0,
      60.0,
      60.0,
      60.0,
      60.0,
      60.0,
      60.0,
      60.0
    ],
    "tw_early_s": [
      229.21843304814365,
      0.0,
      115.92975395523615,
      0.0,
      0.0,
      16.547419493765176,
      0.0,
      111.34749055021422,
      0.0,
      333.76016096761975,
      0.0,
      44.66891860025379,
      0.0,
      228.34630514607818,
      0.0,
      149.8629613235138,
      0.0,
      251.085107614491,
      0.0,
      0.0
    ],
    "tw_late_s": [
      829.2184330481437,
      587.2987173533862,
      715.9297539552362,
      329.33009624701975,
      323.53274755363236,
      616.5474194937651,
      393.7352948844802,
      711.3474905502142,
      397.0560838233074,
      933.7601609676198,
      474.8121545077485,
      644.6689186002538,
      507.6865358417625,
      828.3463051460782,
      556.1976952140819,
      749.8629613235138,
      339.6225251492336,
      851.085107614491,
      414.0901248024822,
      500.7567053860431
    ],
    "bs_xy": [
      [
        654.3243205747658,
        410.4738301977917
      ],
      [
        569.0816083823888,
        224.5976949162761
      ],
      [
        69.05534071012254,
        607.7115911600366
      ],
      [
        211.1998823570006,
        634.2056738764462
      ],
      [
        53.82021964909822,
        25.14448330868213
      ],
      [
        776.8360447400304,
        411.62269700136954
      ],
      [
        154.7468269461968,
        540.9579191102059
      ]
    ],
    "speed_mps": 10.0,
    "capacity_kg": 6.0,
    "altitude_m": 100.0
  }
}