{
  "spec": {
    "run_id": "seed9_N40_M3_D5_B7_K10_lo1.0_lt1.0_twA",
    "seed": 9,
    "n_clients": 40,
    "num_uavs": 3,
    "delta_min": 5,
    "bs_count": 7,
    "edge_samples": 10,
    "lambda_out": 1.0,
    "lambda_tw": 1.0,
    "tw_family": "A",
    "tw_mode": "soft"
  },
  "scenario": {
    "depot_xy": [
      500.0,
      500.0
    ],
    "client_xy": [
      [
        455.1964002017416,
        357.4990904902567
      ],
      [
        312.59571459349957,
        28.521966833356505
      ],
      [
        867.1102325228393,
        40.04832752233123
      ],
      [
        705.1416361159806,
        834.0130142656975
      ],
      [
        0.538239358266912,
        237.5137215155495
      ],
      [
        584.7453426118568,
        490.9472280536863
      ],
      [
        57.666222270199356,
        784.4484249024632
      ],
      [
        228.02042756367226,
        749.0433962291795
      ],
      [
        660.7716714389946,
        767.323233888564
      ],
      [
        405.66435742496975,
        570.8004267098748
      ],
      [
        943.3008732346101,
        487.2681894112357
      ],
      [
        399.4258387952241,
        642.510017326958
      ],
      [
        535.4923086575035,
        285.3979583275692
      ],
      [
        435.5074220277677,
        51.332337415552544
      ],
      [
        924.3117922460691,
        667.5847021020329
      ],
      [
        368.84260546335565,
        750.5271886455314
      ],
      [
        667.6799945512649,
        68.88192870413378
      ],
      [
        131.0937348588478,
        132.28057849914376
      ],
      [
        221.53112200204507,
        277.30708561359506
      ],
      [
        442.11275326345645,
        479.525218907771
      ],
      [
        4.669125440927235,
        712.7184228994672
      ],
      [
        402.08853764781173,
        322.3980712210611
      ],
      [
        545.8544151654053,
        716.2320238523472
      ],
      [
        107.29076217939681,
        698.3403610930746
      ],
      [
        493.60282712979443,
        229.11144055663436
      ],
      [
        477.78523985483554,
        348.70384737627256
      ],
      [
        374.369576873319,
        756.2263520953975
      ],
      [
        532.9784660944794,
        691.0787514202929
      ],
      [
        906.5983725001996,
        916.4111017997192
      ],
      [
        816.4263932711524,
        432.5574300419218
      ],
      [
        178.5018239986328,
        678.9484901052508
      ],
      [
        163.70574681046568,
        92.92772030969532
      ],
      [
        445.98752421079934,
        137.27889413017436
      ],
      [
        354.5913092495192,
        123.48729062893482
      ],
      [
        324.8695720711402,
        801.4115421976104
      ],
      [
        892.033029039301,
        25.676894213829794
      ],
      [
        936.4156946420972,
        245.3489414412948
      ],
      [
        697.7838375987326,
        335.3272570014797
      ],
      [
        442.7587571896885,
        561.6702161036532
      ],
      [
        258.3801675693582,
        716.5706859072463
      ]
    ],
    "delivery": [
      0.0,
      0.7726778331476809,
      0.0,
      0.0,
      0.0,
      0.0,
      0.0,
      0.7103602543444365,
      0.0,
      1.9941779243637858,
      0.0,
      0.0,
      1.1334081603925448,
      1.9315764953937224,
      0.0,
      1.3540168193938071,
      0.6375867045189014,
      0.0,
      0.0,
      0.0,
      1.8301418927848188,
      1.6818124030123194,
      0.0,
      0.9379155562518888,
      0.0,
      0.0,
      1.2874237744002495,
      0.0,
      0.6994931599881007,
      1.0707765235944766,
      0.0,
      1.3875181097397529,
      0.0,
      0.0,
      0.0,
      0.638389752562711,
      0.8799515250328138,
      1.06890286858918,
      1.7784925700580536,
      0.0
    ],
    "pickup": [
      0.7722687871700589,
      0.0,
      0.7914014155237311,
      1.7627025114592785,
      1.1338932518903304,
      1.1583757977444853,
      0.8136616346851148,
      0.0,
      1.09951275587936,
      0.0,
      1.397896743679245,
      1.6757056711754363,
      0.0,
      0.0,
      1.5645475372692,
      0.0,
      0.0,
      1.2797562234740931,
      0.5950442469953708,
      1.1410185912430058,
      0.0,
      0.0,
      0.7577050626612467,
      0.0,
      0.5001697833759593,
      1.6156896472794053,
      0.0,
      1.9819337638601753,
      0.0,
      0.0,
      1.0044176112330936,
      0.0,
      0.8269621738765914,
      1.88958192500988,
      1.2657826825807448,
      0.0,
      0.0,
      0.0,
      0.0,
      0.6220053897413067
    ],
    "service_duration_s": [
      60.0,
      60.0,
      60.0,
      60.0,
      60.0,
      60.0,
      60.0,
      60.0,
      60.0,
      60.0,
      60.0,
      60.0,
      60.0,
      60.0,
      60.0,
      60.0,
      60.0,
      60.0,
      60.0,
      60.0,
      60.0,
      60.0,
      60.0,
      60.0,
      60.0,
      60.0,
      60.0,
      60.0,
      60.0,
      60.0,
      60.0,
      60.0,
      60.0,
      60.0,
      60.0,
      60.0,
      60.0,
      60.0,
      60.0,
      60.0
    ],
    "tw_early_s": [
      0.0,
      0.0,
      143.08186704518465,
      411.01754175835447,
      0.0,
      220.64410786753228,
      725.3582243523513,
      647.9587785805669,
      451.3272990102961,
      657.3802771241279,
      308.9519030744739,
      611.633405124827,
      71.79312308551539,
      0.0,
      363.1490857954841,
      513.2794572763593,
      54.59589663862016,
      0.0,
      0.0,
      0.0,
      794.2766801938526,
      0.0,
      435.249110884183,
      749.8291965517822,
      41.2186800435162,
      3.227061342775869,
      539.9889982894975,
      493.3939491123091,
      333.99285487355735,
      277.288482955644,
      756.3936345929603,
      0.0,
      0.0,
      0.0,
      576.948701603543,
      175.90392861372402,
      224.7501824284966,
      141.40995159823171,
      593.5601262899086,
      687.5641502430299
    ],
    "tw_late_s": [
      480.63248848791727,
      493.6635085246065,
      743.0818670451847,
      1011.0175417583545,
      356.4234965892718,
      820.6441078675323,
      1325.3582243523513,
      1247.958778580567,
      1051.327299010296,
      1257.380277124128,
      908.9519030744739,
      1211.633405124827,
      671.7931230855154,
      571.312406439216,
      963.1490857954841,
      1113.2794572763592,
      654.5958966386202,
      412.7568545258411,
      335.65628277475804,
      306.14015471752316,
      1394.2766801938526,
      414.2665426675513,
      1035.249110884183,
      1349.8291965517822,
      641.2186800435162,
      603.2270613427759,
      1139.9889982894974,
      1093.3939491123092,
      933.9928548735573,
      877.288482955644,
      1356.3936345929603,
      438.2245853769591,
      570.8743899976814,
      517.5562136802786,
      1176.948701603543,
      775.903928613724,
      824.7501824284966,
      741.4099515982317,
      1193.5601262899086,
      1287.5641502430299
    ],
    "bs_xy": [
      [
        725.3805137687449,
        711.7750610054633
      ],
      [
        435.52460891053954,
        767.4025310432219
      ],
      [
        908.7203812349073,
        334.978629847677
      ],
      [
        51.33498206481879,
        491.21317422413745
      ],
      [
        809.5894782914145,
        860.5621540741536
      ],
      [
        693.9484533880061,
        12.5517787852647
      ],
      [
        740.0151263082319,
        475.50237130046816
      ]
    ],
    "speed_mps": 10.0,
    "capacity_kg": 6.0,
    "altitude_m": 100.0
  }
}