{
  "spec": {
    "run_id": "seed2_N10_M3_D5_B7_K10_lo0.0_lt5.0_twA",
    "seed": 2,
    "n_clients": 10,
    "num_uavs": 3,
    "delta_min": 5,
    "bs_count": 7,
    "edge_samples": 10,
    "lambda_out": 0.0,
    "lambda_tw": 5.0,
    "tw_family": "A",
    "tw_mode": "soft"
  },
  "scenario": {
    "depot_xy": [
      500.0,
      500.0
    ],
    "client_xy": [
      [
        810.175879872681,
        474.33430562038745
      ],
      [
        172.8234749623604,
        395.28085292192674
      ],
      [
        961.1988973604839,
        767.5642569970735
      ],
      [
        123.33489038145862,
        602.623848003699
      ],
      [
        920.8930302075131,
        931.8526652305152
      ],
      [
        571.0321064983285,
        23.686136127883948
      ],
      [
        392.18380727083223,
        598.5660612915045
      ],
      [
        855.7307178853183,
        665.1588553026824
      ],
      [
        284.58906079553645,
        381.65775522677
      ],
      [
        936.1234833684205,
        271.55860788168474
      ]
    ],
    "delivery": [
      0.0,
      1.8958628983171861,
      0.0,
      1.1834498278299934,
      0.0,
      0.0,
      0.0,
      1.6908008991709562,
      0.0,
      0.0
    ],
    "pickup": [
      0.6255430441800102,
      0.0,
      1.473041425516223,
      0.0,
      0.5780714541245053,
      0.79263377775219,
      1.7179429247371099,
      0.0,
      0.6709786791049024,
      0.9789523534399256
    ],
    "service_duration_s": [
      60.0,
      60.0,
      60.0,
      60.0,
      60.0,
      60.0,
      60.0,
      60.0,
      60.0,
      60.0
    ],
    "tw_early_s": [
      0.0,
      0.0,
      0.0,
      126.73723777911152,
      0.0,
      0.0,
      0.0,
      0.0,
      0.0,
      0.0
    ],
    "tw_late_s": [
      437.94729548283885,
      334.35266777129027,
      581.3427746851937,
      726.7372377791115,
      545.0197223119931,
      348.158120506346,
      585.1699353992992,
      478.3393536653031,
      324.5777866430068,
      471.6788662263086
    ],
    "bs_xy": [
      [
        818.6626694889491,
        793.3193406510408
      ],
      [
        924.9043425550984,
        877.8770915024045
      ],
      [
        988.0171187728441,
        481.76150026517274
      ],
      [
        98.55767866494003,
        931.1321630329821
      ],
      [
        961.2099997481769,
        100.39289721040868
      ],
      [
        33.815851156426156,
        217.00794103658583
      ],
      [
        215.99174661858268,
        89.59043471064155
      ]
    ],
    "speed_mps": 10.0,
    "capacity_kg": 6.0,
    "altitude_m": 100.0
  }
}