{
  "spec": {
    "run_id": "seed1_N20_M3_D2_B10_K10_lo0.0_lt0.0_twA",
    "seed": 1,
    "n_clients": 20,
    "num_uavs": 3,
    "delta_min": 2,
    "bs_count": 10,
    "edge_samples": 10,
    "lambda_out": 0.0,
    "lambda_tw": 0.0,
    "tw_family": "A",
    "tw_mode": "soft"
  },
  "scenario": {
    "depot_xy": [
      500.0,
      500.0
    ],
    "client_xy": [
      [
        68.83995506198093,
        929.1652055294794
      ],
      [
        885.4436279583024,
        928.0548215746301
      ],
      [
        864.2029155841307,
        740.5306406012778
      ],
      [
        635.1464826610096,
        698.0952609647683
      ],
      [
        497.4179450988029,
        370.0190982299971
      ],
      [
        284.3912031155408,
        701.2599411798041
      ],
      [
        903.1329800073197,
        801.4557232884732
      ],
      [
        248.00546323753113,
        496.3498979680545
      ],
      [
        43.0165235367671,
        660.8268457350115
      ],
      [
        899.9810573708835,
        135.85922576520338
      ],
      [
        83.24330403795021,
        615.3369270672647
      ],
      [
        986.3900609204966,
        15.364634427776469
      ],
      [
        843.3206998939344,
        32.65538534865209
      ],
      [
        947.2600735153413,
        797.9430631945687
      ],
      [
        141.1798660063368,
        87.17768198673004
      ],
      [
        363.50167793530176,
        465.7964363756836
      ],
      [
        795.2123504326661,
        861.8808593186634
      ],
      [
        292.1826302066938,
        287.72748075005626
      ],
      [
        320.1874786349053,
        577.0349118783763
      ],
      [
        537.6872027922246,
        585.4061897730767
      ]
    ],
    "delivery": [
      1.3492957699288413,
      1.6994732644662092,
      1.9316272570764357,
      0.0,
      0.8087228717017385,
      0.0,
      0.0,
      0.773657306458117,
      0.0,
      0.0,
      0.6825539176521394,
      0.6008244309800075,
      0.0,
      0.7679407883665691,
      0.0,
      0.0,
      0.5510618989945852,
      1.434424821460653,
      1.91644811883508,
      0.0
    ],
    "pickup": [
      0.0,
      0.0,
      0.0,
      1.1355284274125141,
      0.0,
      0.9453372598953274,
      0.6078283690109938,
      0.0,
      0.7238372504372472,
      0.9142700278439373,
      0.0,
      0.0,
      1.1254939426147235,
      0.0,
      1.724066016985291,
      0.7769564702439394,
      0.0,
      0.0,
      0.0,
      1.3407726947673893
    ],
    "service_duration_s": [
      60.0,
      60.0,
      60.0,
      60.0,
      60.0,
      60.0,
      60.0,
      60.0,
      60.0,
      60.0,
      60.0,
      60.0,
      60.0,
      60.0,
      60.0,
      60.0,
      60.0,
      60.0,
      60.0,
      60.0
    ],
    "tw_early_s": [
      500.11459158972343,
      240.12729822378725,
      161.25496760144785,
      292.39046593869244,
      0.0,
      387.46742152635477,
      203.66762695440787,
      0.0,
      587.0723965732384,
      77.1072309120502,
      469.3405195368132,
      152.31636989718504,
      30.43664766012887,
      290.6719793380814,
      7.490820244587084,
      0.0,
      367.1663880476509,
      0.0,
      430.7137204216484,
      348.9476439947633
    ],
    "tw_late_s": [
      740.1145915897234,
      480.12729822378725,
      401.25496760144785,
      532.3904659386924,
      210.5360053285515,
      627.4674215263548,
      443.66762695440787,
      145.20209709587178,
      827.0723965732384,
      317.1072309120502,
      709.3405195368132,
      392.31636989718504,
      270.43664766012887,
      530.6719793380814,
      247.4908202445871,
      134.07184269777088,
      607.1663880476509,
      149.70651134289005,
      670.7137204216484,
      588.9476439947633
    ],
    "bs_xy": [
      [
        769.1912341047401,
        852.7582248195251
      ],
      [
        257.5533007325,
        54.018224270906636
      ],
      [
        112.98716674481035,
        187.77321707888396
      ],
      [
        462.9618244271949,
        912.7011094559061
      ],
      [
        219.83834930603507,
        832.0769676373606
      ],
      [
        204.16737305918286,
        161.2410548269232
      ],
      [
        861.8978781177541,
        800.0490406672641
      ],
      [
        935.5143667452974,
        503.4040458352198
      ],
      [
        51.267165302192886,
        190.61537748057123
      ],
      [
        557.364654312364,
        469.0512126133262
      ]
    ],
    "speed_mps": 10.0,
    "capacity_kg": 6.0,
    "altitude_m": 100.0
  }
}