{
  "spec": {
    "run_id": "seed2_N10_M3_D2_B4_K10_lo0.5_lt5.0_twA",
    "seed": 2,
    "n_clients": 10,
    "num_uavs": 3,
    "delta_min": 2,
    "bs_count": 4,
    "edge_samples": 10,
    "lambda_out": 0.5,
    "lambda_tw": 5.0,
    "tw_family": "A",
    "tw_mode": "soft"
  },
  "scenario": {
    "depot_xy": [
      500.0,
      500.0
    ],
    "client_xy": [
      [
        424.41383041681104,
        786.4294916150919
      ],
      [
        973.9275444206064,
        452.06955323135645
      ],
      [
        242.7174106966272,
        592.889507209178
      ],
      [
        368.6550006043433,
        742.0013049161653
      ],
      [
        124.25289041394005,
        411.41244902086703
      ],
      [
        25.773475162747197,
        785.649224810278
      ],
      [
        285.32319775468505,
        759.4963472311011
      ],
      [
        664.3106462170911,
        248.73169082189128
      ],
      [
        911.1507236682177,
        770.2438826170594
      ],
      [
        371.0944147613104,
        222.2598875492031
      ]
    ],
    "delivery": [
      0.0,
      1.8455118881024954,
      0.5724135935950753,
      0.0,
      1.9904595765737105,
      0.508962189670982,
      0.0,
      0.0,
      0.0,
      0.7071681875714814
    ],
    "pickup": [
      1.3914600771039125,
      0.0,
      0.0,
      1.468686930344152,
      0.0,
      0.0,
      1.3394622549611812,
      0.8610043896203778,
      1.9894982306059898,
      0.0
    ],
    "service_duration_s": [
      60.0,
      60.0,
      60.0,
      60.0,
      60.0,
      60.0,
      60.0,
      60.0,
      60.0,
      60.0
    ],
    "tw_early_s": [
      28.90092217092848,
      63.66955824705957,
      270.3003822675151,
      190.78254305125614,
      0.0,
      128.76503405785917,
      170.14972784742304,
      0.0,
      47.55774739401943,
      0.0
    ],
    "tw_late_s": [
      268.9009221709285,
      303.66955824705957,
      510.3003822675151,
      430.78254305125614,
      158.6048759291827,
      368.76503405785917,
      410.14972784742304,
      150.02228366688712,
      287.55774739401943,
      150.61963748477606
    ],
    "bs_xy": [
      [
        447.01079028984304,
        371.2360977716592
      ],
      [
        247.11774056828284,
        558.1988344884223
      ],
      [
        677.1280983151073,
        909.6737372622591
      ],
      [
        631.4012475829583,
        441.9001290364122
      ]
    ],
    "speed_mps": 10.0,
    "capacity_kg": 6.0,
    "altitude_m": 100.0
  }
}