{
  "spec": {
    "run_id": "seed5_N40_M3_D5_B7_K10_lo0.5_lt0.0_twA",
    "seed": 5,
    "n_clients": 40,
    "num_uavs": 3,
    "delta_min": 5,
    "bs_count": 7,
    "edge_samples": 10,
    "lambda_out": 0.5,
    "lambda_tw": 0.0,
    "tw_family": "A",
    "tw_mode": "soft"
  },
  "scenario": {
    "depot_xy": [
      500.0,
      500.0
    ],
    "client_xy": [
      [
        347.0501128725172,
        375.0065733903899
      ],
      [
        903.6277486488792,
        452.56224942114255
      ],
      [
        230.41121088981998,
        94.58329471798676
      ],
      [
        716.8106059074898,
        49.626594805926125
      ],
      [
        158.58936364925702,
        231.99969370196283
      ],
      [
        725.6656687257838,
        493.2170958317714
      ],
      [
        425.55939272763146,
        367.74598918907463
      ],
      [
        434.71345374092,
        105.21597530495231
      ],
      [
        160.7292694277047,
        194.47766651166899
      ],
      [
        396.62181284983654,
        139.94099324526422
      ],
      [
        984.7980410239791,
        168.9108382519584
      ],
      [
        822.4298982275981,
        583.300802792006
      ],
      [
        372.46499856711466,
        250.2961011849174
      ],
      [
        532.7470336443174,
        911.4838420459541
      ],
      [
        171.013269297816,
        583.1950419768958
      ],
      [
        464.80303507701336,
        628.7661809777388
      ],
      [
        521.6572031347657,
        251.54986016133307
      ],
      [
        609.1261883706835,
        737.4852680565714
      ],
      [
        193.61574873663056,
        117.26405909874526
      ],
      [
        659.52981839675,
        60.85973016892265
      ],
      [
        191.50154858982037,
        940.1837440595775
      ],
      [
        960.0238577197159,
        405.433860040863
      ],
      [
        265.973905236399,
        965.4427507691685
      ],
      [
        169.7973929613139,
        389.81536757159085
      ],
      [
        647.2620503858352,
        643.2124360677736
      ],
      [
        42.70429675911902,
        359.2952764404079
      ],
      [
        579.1450177569845,
        200.1181852948727
      ],
      [
        797.6010083532317,
        677.6269311023506
      ],
      [
        238.58892618101257,
        434.00654598923893
      ],
      [
        645.4837761607309,
        125.80730612283585
      ],
      [
        457.7580752626389,
        327.4913343178852
      ],
      [
        240.77224305276533,
        209.8849963460353
      ],
      [
        126.90955521977033,
        513.1183082791188
      ],
      [
        179.08130773666076,
        773.7991493804966
      ],
      [
        702.7219556539451,
        611.3441821211509
      ],
      [
        147.4208251849549,
        716.3785638111489
      ],
      [
        569.0681367507826,
        466.5872801271248
      ],
      [
        293.8064080738719,
        373.3231502908505
      ],
      [
        509.01480600627303,
        132.09132070925833
      ],
      [
        278.21574427266717,
        422.7097051624037
      ]
    ],
    "delivery": [
      1.8545389138079078,
      0.7642119050148524,
      1.34398078202132,
      0.0,
      0.0,
      1.7574226947561105,
      0.0,
      0.0,
      0.5234223956117356,
      0.0,
      0.0,
      0.0,
      0.0,
      0.8030647663632428,
      0.0,
      0.9109172778918962,
      0.0,
      0.0,
      1.6758725163950556,
      0.0,
      0.0,
      0.0,
      0.0,
      0.0,
      1.559432005475695,
      0.0,
      0.0,
      0.0,
      1.3908286243899992,
      0.0,
      0.0,
      0.0,
      0.0,
      0.0,
      1.0839299275787682,
      1.7574551927974733,
      0.0,
      0.0,
      0.8847780977969761,
      0.788338504517485
    ],
    "pickup": [
      0.0,
      0.0,
      0.0,
      0.9162636195207359,
      1.5964285027419003,
      0.0,
      1.829025247482519,
      0.6417683323782484,
      0.0,
      0.518808174630225,
      1.2327689387182823,
      1.9699464723384568,
      1.052558767671567,
      0.0,
      1.197304403552911,
      0.0,
      1.1568494277139227,
      0.5104733687056621,
      0.0,
      1.416543147928125,
      0.9871380186407016,
      0.6961580813545134,
      0.5762864437807982,
      0.9726052054482937,
      0.0,
      1.3626948828248133,
      0.6391671661512845,
      0.7281832206637001,
      0.0,
      0.6305233178214735,
      1.2993163586610286,
      0.9977737609643851,
      1.5718522462146733,
      0.9701109876006868,
      0.0,
      0.0,
      1.0634017184781661,
      1.2738045277961025,
      0.0,
      0.0
    ],
    "service_duration_s": [
      60.0,
      60.0,
      60.0,
      60.0,
      60.0,
      60.0,
      60.0,
      60.0,
      60.0,
      60.0,
      60.0,
      60.0,
      60.0,
      60.0,
      60.0,
      60.0,
      60.0,
      60.0,
      60.0,
      60.0,
      60.0,
      60.0,
      60.0,
      60.0,
      60.0,
      60.0,
      60.0,
      60.0,
      60.0,
      60.0,
      60.0,
      60.0,
      60.0,
      60.0,
      60.0,
      60.0,
      60.0,
      60.0,
      60.0,
      60.0
    ],
    "tw_early_s": [
      0.0,
      396.39244715240943,
      0.0,
      265.2072809673597,
      0.0,
      346.98179531226174,
      0.0,
      107.52927292254947,
      0.0,
      64.69559863378208,
      306.88876273460687,
      450.7936742453295,
      31.742217118229348,
      522.1083932135894,
      712.1110319983395,
      607.6096924859481,
      98.52525766800011,
      557.7072726846012,
      0.0,
      212.61421552985905,
      616.3534170047434,
      368.3061783837719,
      658.9041297667787,
      0.0,
      529.3066909415044,
      0.0,
      184.8113174037726,
      426.77615825524083,
      0.0,
      176.17297992427984,
      28.600437246507,
      0.0,
      786.2371131982356,
      699.6520811918592,
      482.0000319293605,
      746.4881472433435,
      271.097232332713,
      0.0,
      135.96227616958885,
      0.0
    ],
    "tw_late_s": [
      459.4566283811976,
      996.3924471524094,
      587.4667608843567,
      865.2072809673597,
      410.6314325142068,
      946.9817953122617,
      563.445641037355,
      707.5292729225495,
      515.2870817087856,
      664.6955986337821,
      906.8887627346069,
      1050.7936742453294,
      631.7422171182293,
      1122.1083932135894,
      1312.1110319983395,
      1207.609692485948,
      698.5252576680001,
      1157.7072726846013,
      549.4521793464928,
      812.614215529859,
      1216.3534170047433,
      968.3061783837719,
      1258.9041297667786,
      334.8101156157989,
      1129.3066909415043,
      347.84529020024365,
      784.8113174037726,
      1026.7761582552407,
      326.9612472796543,
      776.1729799242798,
      628.600437246507,
      479.1420643980306,
      1386.2371131982356,
      1299.6520811918592,
      1082.0000319293604,
      1346.4881472433435,
      871.097232332713,
      432.9946543177498,
      735.9622761695889,
      391.0818095285906
    ],
    "bs_xy": [
      [
        380.4041393187576,
        797.0912524993253
      ],
      [
        265.27279979611194,
        659.9461826356337
      ],
      [
        699.4609285617256,
        991.0467646026735
      ],
      [
        22.922113100731558,
        678.3274640282302
      ],
      [
        28.181740463075535,
        93.3762976985637
      ],
      [
        918.277793810373,
        947.1648576619483
      ],
      [
        362.88062770837195,
        82.4533378257567
      ]
    ],
    "speed_mps": 10.0,
    "capacity_kg": 6.0,
    "altitude_m": 100.0
  }
}