{
  "spec": {
    "run_id": "seed10_N40_M3_D10_B10_K10_lo0.5_lt0.0_twA",
    "seed": 10,
    "n_clients": 40,
    "num_uavs": 3,
    "delta_min": 10,
    "bs_count": 10,
    "edge_samples": 10,
    "lambda_out": 0.5,
    "lambda_tw": 0.0,
    "tw_family": "A",
    "tw_mode": "soft"
  },
  "scenario": {
    "depot_xy": [
      500.0,
      500.0
    ],
    "client_xy": [
      [
        374.8857067977839,
        507.45853877187017
      ],
      [
        770.1861990910002,
        748.0813062759837
      ],
      [
        818.5957107540673,
        740.1953575826
      ],
      [
        868.3850735469655,
        10.074271725698969
      ],
      [
        521.640274764482,
        421.7202476524895
      ],
      [
        901.4402151555873,
        733.3028058033103
      ],
      [
        165.86751742620186,
        520.0552633350848
      ],
      [
        144.814270342845,
        934.8726359457901
      ],
      [
        636.7180023738131,
        277.8424701126461
      ],
      [
        39.47253614914503,
        283.17612113836043
      ],
      [
        854.3598020384956,
        455.18858441953245
      ],
      [
        175.68739473120053,
        203.42248778442175
      ],
      [
        84.68056284077451,
        584.8675081375449
      ],
      [
        420.7488982766342,
        984.7905659419641
      ],
      [
        709.3001510858352,
        233.6278863203537
      ],
      [
        755.4738207824096,
        138.80601470008324
      ],
      [
        762.2185824911888,
        758.2054063782848
      ],
      [
        974.1720715317982,
        244.42499708711028
      ],
      [
        169.89248071521112,
        465.4989598359447
      ],
      [
        270.9023781477544,
        505.2998004696899
      ],
      [
        534.75827857735,
        875.6734841499714
      ],
      [
        524.6990174535829,
        185.13007760778976
      ],
      [
        915.3317647575216,
        63.22444875133926
      ],
      [
        53.29797692557281,
        724.2813128714586
      ],
      [
        823.1581676245305,
        393.0213386956911
      ],
      [
        642.6893336578781,
        247.3516674038353
      ],
      [
        627.4292857462866,
        638.370304481407
      ],
      [
        684.929211791621,
        486.1069137970812
      ],
      [
        651.9115488397975,
        595.8114280637741
      ],
      [
        146.78900645816785,
        6.1234984816067595
      ],
      [
        261.98384199883975,
        181.66287837296147
      ],
      [
        696.2453366100539,
        989.573857400275
      ],
      [
        473.8955301464164,
        224.93814006953738
      ],
      [
        406.4585602089955,
        587.1559322464977
      ],
      [
        249.78516704637377,
        752.5045870142162
      ],
      [
        331.73011245326046,
        441.5984538580506
      ],
      [
        807.237287257369,
        655.3610739952131
      ],
      [
        476.17695139150163,
        821.4026327847799
      ],
      [
        848.9921798701201,
        668.2993053188161
      ],
      [
        990.3531761483855,
        431.0859232296392
      ]
    ],
    "delivery": [
      0.0,
      0.8246530301499517,
      0.0,
      0.0,
      0.6241671549197144,
      1.555290993122178,
      0.9106658333394617,
      0.0,
      0.5121157233042308,
      0.0,
      1.0168010146453823,
      0.0,
      0.0,
      0.0,
      1.341180666903155,
      1.5705696481634595,
      0.7963728108861474,
      0.0,
      0.0,
      0.0,
      0.6919332188505758,
      1.4753133229020259,
      0.0,
      0.0,
      1.5366242332579119,
      1.2370799931755336,
      0.0,
      0.0,
      0.0,
      0.0,
      0.654149522500624,
      0.0,
      1.4946568587552458,
      1.1145941238372232,
      0.0,
      0.0,
      1.2585076462072209,
      0.8688802898044747,
      0.0,
      0.6526738307512728
    ],
    "pickup": [
      0.7205192991650348,
      0.0,
      1.3344625291064693,
      0.7399812639990005,
      0.0,
      0.0,
      0.0,
      1.5618945694420687,
      0.0,
      1.8662903380789482,
      0.0,
      1.0584072623523137,
      1.9119070883895033,
      1.3775609616338333,
      0.0,
      0.0,
      0.0,
      0.6961785647691311,
      1.9595668358642548,
      1.3729656578098424,
      0.0,
      0.0,
      0.7237731904527278,
      0.8472816626550397,
      0.0,
      0.0,
      1.438322209591511,
      1.0836139093247579,
      1.845852549500647,
      1.0719550892850185,
      0.0,
      0.675545528884359,
      0.0,
      0.0,
      0.9790118942512294,
      1.578121716599372,
      0.0,
      0.0,
      1.0225080262297124,
      0.0
    ],
    "service_duration_s": [
      60.0,
      60.0,
      60.0,
      60.0,
      60.0,
      60.0,
      60.0,
      60.0,
      60.0,
      60.0,
      60.0,
      60.0,
      60.0,
      60.0,
      60.0,
      60.0,
      60.0,
      60.0,
      60.0,
      60.0,
      60.0,
      60.0,
      60.0,
      60.0,
      60.0,
      60.0,
      60.0,
      60.0,
      60.0,
      60.0,
      60.0,
      60.0,
      60.0,
      60.0,
      60.0,
      60.0,
      60.0,
      60.0,
      60.0,
      60.0
    ],
    "tw_early_s": [
      543.5428014832498,
      56.36058083179057,
      98.15732625957071,
      0.0,
      0.0,
      0.0,
      413.9366813829107,
      361.79570039521013,
      0.0,
      0.0,
      0.0,
      0.0,
      430.75422440383204,
      229.17024811010378,
      0.0,
      0.0,
      176.75431146749656,
      0.0,
      0.0,
      511.00504774505544,
      262.3544948949549,
      0.0,
      0.0,
      444.75739399891313,
      0.0,
      0.0,
      179.8167222551465,
      0.0,
      97.12284543314672,
      0.0,
      0.0,
      141.6164521081779,
      0.0,
      328.95938176192067,
      347.2251529082989,
      0.0,
      29.5981969486445,
      263.5607955897548,
      16.123972254746832,
      0.0
    ],
    "tw_late_s": [
      1743.5428014832498,
      1256.3605808317907,
      1298.1573262595707,
      979.0778655160423,
      856.5801129784884,
      1183.152242249931,
      1613.9366813829106,
      1561.7957003952101,
      865.5393959376873,
      650.9016836072744,
      1149.033772088653,
      719.4046084377292,
      1630.754224403832,
      1429.1702481101038,
      934.0382768825998,
      953.2841441536013,
      1376.7543114674966,
      1064.7899543888007,
      633.1905552922452,
      1711.0050477450554,
      1462.3544948949548,
      790.9984741283477,
      1030.9666596316702,
      1644.7573939989131,
      1013.626518404047,
      886.3304794365579,
      1379.8167222551465,
      1090.2915022092036,
      1297.1228454331467,
      740.6127893626268,
      704.7246687540303,
      1341.6164521081778,
      809.3029387123572,
      1528.9593817619207,
      1547.225152908299,
      617.8116522666379,
      1229.5981969486445,
      1463.560795589755,
      1216.1239722547468,
      1128.510004790623
    ],
    "bs_xy": [
      [
        876.7637960373131,
        609.3497532871772
      ],
      [
        501.8447996573755,
        263.5973124259329
      ],
      [
        593.4473737420486,
        531.6669853167114
      ],
      [
        203.9575481438748,
        411.76377053365707
      ],
      [
        609.2216012827192,
        636.5213172176261
      ],
      [
        743.0518532578161,
        929.8527702907357
      ],
      [
        443.26461657706716,
        680.8974419731261
      ],
      [
        710.4235390195787,
        501.0081404430847
      ],
      [
        659.5128374618802,
        159.4742347526855
      ],
      [
        223.66407767623787,
        365.0693695917783
      ]
    ],
    "speed_mps": 10.0,
    "capacity_kg": 6.0,
    "altitude_m": 100.0
  }
}