{
  "spec": {
    "run_id": "seed4_N10_M3_D5_B10_K10_lo0.0_lt0.0_twA",
    "seed": 4,
    "n_clients": 10,
    "num_uavs": 3,
    "delta_min": 5,
    "bs_count": 10,
    "edge_samples": 10,
    "lambda_out": 0.0,
    "lambda_tw": 0.0,
    "tw_family": "A",
    "tw_mode": "soft"
  },
  "scenario": {
    "depot_xy": [
      500.0,
      500.0
    ],
    "client_xy": [
      [
        650.2500616159584,
        747.2466106537049
      ],
      [
        497.1910495161145,
        707.8280857533126
      ],
      [
        967.8532463742191,
        188.89471933867952
      ],
      [
        237.3820548763571,
        937.475905013564
      ],
      [
        932.4148303375476,
        86.59948057830924
      ],
      [
        641.9765578312022,
        668.4304778830526
      ],
      [
        108.54863828749606,
        335.5570326222651
      ],
      [
        366.7904919835838,
        295.5819247782592
      ],
      [
        834.720369475348,
        737.9643129640233
      ],
      [
        642.7740162035366,
        430.6138260229366
      ]
    ],
    "delivery": [
      1.8680400242349866,
      0.0,
      1.889634209714095,
      1.5266886889844253,
      1.789091716360371,
      0.804811695792961,
      0.0,
      0.5934489016755014,
      0.0,
      0.0
    ],
    "pickup": [
      0.0,
      1.4110188217707818,
      0.0,
      0.0,
      0.0,
      0.0,
      0.595320824132313,
      0.0,
      1.9190123249893427,
      1.0695682431380116
    ],
    "service_duration_s": [
      60.0,
      60.0,
      60.0,
      60.0,
      60.0,
      60.0,
      60.0,
      60.0,
      60.0,
      60.0
    ],
    "tw_early_s": [
      0.0,
      0.0,
      0.0,
      116.1986853888352,
      0.0,
      7.610399384787115,
      0.0,
      0.0,
      0.0,
      0.0
    ],
    "tw_late_s": [
      506.7958531888977,
      579.5755281653417,
      489.6319413284978,
      716.1986853888352,
      359.8232876858146,
      607.6103993847871,
      342.45888106233707,
      324.3990824629405,
      485.6883279235633,
      415.1237500762146
    ],
    "bs_xy": [
      [
        793.4829731063556,
        297.38397110726
      ],
      [
        472.6094781337694,
        758.0790294012552
      ],
      [
        936.8960921327354,
        825.6604501344832
      ],
      [
        213.80974053876812,
        426.89262118891224
      ],
      [
        28.333429974531143,
        655.2779801905447
      ],
      [
        318.8157139899137,
        779.680858777381
      ],
      [
        430.87397623758983,
        425.74708658671756
      ],
      [
        347.38493282388913,
        179.02763692082436
      ],
      [
        454.8949695712635,
        289.11654539791175
      ],
      [
        361.8709180903007,
        651.3715174318469
      ]
    ],
    "speed_mps": 10.0,
    "capacity_kg": 6.0,
    "altitude_m": 100.0
  }
}