{
  "spec": {
    "run_id": "seed3_N10_M3_D10_B7_K10_lo0.5_lt5.0_twA",
    "seed": 3,
    "n_clients": 10,
    "num_uavs": 3,
    "delta_min": 10,
    "bs_count": 7,
    "edge_samples": 10,
    "lambda_out": 0.5,
    "lambda_tw": 5.0,
    "tw_family": "A",
    "tw_mode": "soft"
  },
  "scenario": {
    "depot_xy": [
      500.0,
      500.0
    ],
    "client_xy": [
      [
        409.17609424190283,
        102.21239924498494
      ],
      [
        95.14661877190156,
        905.2266903146804
      ],
      [
        463.50187129761156,
        644.7289129472991
      ],
      [
        110.79884658624528,
        724.0286096868822
      ],
      [
        589.8889903503876,
        799.4190048774954
      ],
      [
        631.7148359312229,
        3.2200265050720267
      ],
      [
        220.99083508254458,
        34.07490392739865
      ],
      [
        413.448689566571,
        858.0490567327469
      ],
      [
        35.23613410804727,
        961.8787534899604
      ],
      [
        453.29676117301733,
        877.2165621954251
      ]
    ],
    "delivery": [
      1.3210305791204964,
      0.0,
      0.0,
      0.0,
      1.3124723659254964,
      0.0,
      0.0,
      1.3099215639886903,
      1.5305636671603189,
      0.0
    ],
    "pickup": [
      0.0,
      1.9154704684767911,
      0.5026731470223853,
      1.1237811272535125,
      0.0,
      1.4033712408288597,
      0.6951729476550687,
      0.0,
      0.0,
      1.8039479258833706
    ],
    "service_duration_s": [
      60.0,
      60.0,
      60.0,
      60.0,
      60.0,
      60.0,
      60.0,
      60.0,
      60.0,
      60.0
    ],
    "tw_early_s": [
      0.0,
      0.0,
      0.0,
      0.0,
      0.0,
      0.0,
      0.0,
      0.0,
      0.0,
      0.0
    ],
    "tw_late_s": [
      640.8024456585125,
      874.3527266928916,
      879.2443550096893,
      975.3951317016964,
      799.2686877107395,
      651.3944685807734,
      654.3076706606165,
      799.6199060446286,
      898.8404801142622,
      778.4283489280372
    ],
    "bs_xy": [
      [
        316.3004731628485,
        906.9743432678712
      ],
      [
        36.30976868651003,
        948.6115483968034
      ],
      [
        978.5285196329589,
        896.3877935666175
      ],
      [
        187.1267051734925,
        97.4050555568926
      ],
      [
        885.1430984765964,
        307.2763585529995
      ],
      [
        905.2740218535988,
        301.6376494942208
      ],
      [
        174.22038075881397,
        197.44342162585647
      ]
    ],
    "speed_mps": 10.0,
    "capacity_kg": 6.0,
    "altitude_m": 100.0
  }
}