{
  "spec": {
    "run_id": "seed3_N40_M3_D5_B10_K10_lo0.5_lt1.0_twA",
    "seed": 3,
    "n_clients": 40,
    "num_uavs": 3,
    "delta_min": 5,
    "bs_count": 10,
    "edge_samples": 10,
    "lambda_out": 0.5,
    "lambda_tw": 1.0,
    "tw_family": "A",
    "tw_mode": "soft"
  },
  "scenario": {
    "depot_xy": [
      500.0,
      500.0
    ],
    "client_xy": [
      [
        439.17438854792425,
        582.9766782154867
      ],
      [
        624.3970817944282,
        914.0610380594503
      ],
      [
        475.35768016593084,
        518.5399824598696
      ],
      [
        643.3260037999885,
        855.656722687288
      ],
      [
        122.17470294025202,
        631.2252517304415
      ],
      [
        465.26000228662656,
        905.9847100743455
      ],
      [
        506.6312990893126,
        310.821615064758
      ],
      [
        363.6920616798406,
        745.9782227915562
      ],
      [
        599.7778970808556,
        635.0447175862898
      ],
      [
        899.8382886883039,
        830.3629703318331
      ],
      [
        33.93096517409078,
        866.0723783326454
      ],
      [
        958.3171098545962,
        531.531980965557
      ],
      [
        792.8201049391308,
        957.51983847889
      ],
      [
        638.3632145746013,
        393.1806578728699
      ],
      [
        5.95727932957113,
        85.33127512526073
      ],
      [
        670.7368380620161,
        656.0934480033284
      ],
      [
        781.5586340093965,
        142.97475612366983
      ],
      [
        277.52317003215865,
        689.4047969553369
      ],
      [
        105.96263895104097,
        497.2272715286524
      ],
      [
        190.80499567973362,
        144.59478091775856
      ],
      [
        598.5887557771281,
        308.135631124379
      ],
      [
        84.7756132531241,
        866.5908717378838
      ],
      [
        853.8683180513389,
        581.3297139295154
      ],
      [
        170.45359794781422,
        602.1321856800057
      ],
      [
        175.04331524920758,
        178.17938557329717
      ],
      [
        318.69916870486503,
        816.2499621989249
      ],
      [
        904.7343726887822,
        495.7079543525046
      ],
      [
        546.1057824344557,
        166.1534766087246
      ],
      [
        469.5115246245135,
        967.9080438045273
      ],
      [
        808.0728028304244,
        921.9913320737483
      ],
      [
        454.56409782508376,
        174.07864661253413
      ],
      [
        205.29241224301796,
        624.8354955166955
      ],
      [
        196.52515541438896,
        478.0502839186802
      ],
      [
        243.94174135976877,
        62.80626846582016
      ],
      [
        351.78658333971447,
        749.232807302427
      ],
      [
        200.0148105237527,
        626.9464857138892
      ],
      [
        583.0997612903423,
        95.59480816678368
      ],
      [
        610.9436281267429,
        5.3906366158782415
      ],
      [
        974.1798124167428,
        923.1305316696153
      ],
      [
        508.1159769531146,
        444.3170835272724
      ]
    ],
    "delivery": [
      1.2592117971064523,
      0.0,
      1.355899784627052,
      0.0,
      1.4877275341916085,
      0.9225003148886329,
      0.0,
      0.5594765055423152,
      0.0,
      0.0,
      0.0,
      1.7940625205321792,
      0.0,
      0.0,
      0.7882903363436589,
      0.0,
      1.832165358968883,
      0.0,
      0.0,
      0.0,
      0.0,
      1.8765629495714047,
      1.1332972923341216,
      0.0,
      0.0,
      0.0,
      1.801574366807868,
      0.0,
      0.0,
      0.0,
      0.0,
      0.8321000563575931,
      0.0,
      0.0,
      0.7227319223005508,
      0.837053539605295,
      0.0,
      0.0,
      0.0,
      0.0
    ],
    "pickup": [
      0.0,
      1.0220885209345307,
      0.0,
      1.7871825298269106,
      0.0,
      0.0,
      0.839154027856726,
      0.0,
      0.8711678780493267,
      0.7701855188063871,
      1.3399844015890596,
      0.0,
      1.205716871977379,
      1.1855766176533433,
      0.0,
      0.8325609374766265,
      0.0,
      0.5454626889982471,
      1.8254691942808265,
      1.1092836388322824,
      1.5576821775653145,
      0.0,
      0.0,
      0.926914694827147,
      1.0411571240940405,
      0.896897372171172,
      0.0,
      1.3504835270456714,
      0.8773439651659158,
      0.6014161870230488,
      0.9301123984082837,
      0.0,
      0.7837025506726079,
      1.952811015154991,
      0.0,
      0.0,
      0.7243650227982207,
      1.4715477255790126,
      1.7089291894954621,
      1.9056532401932182
    ],
    "service_duration_s": [
      60.0,
      60.0,
      60.0,
      60.0,
      60.0,
      60.0,
      60.0,
      60.0,
      60.0,
      60.0,
      60.0,
      60.0,
      60.0,
      60.0,
      60.0,
      60.0,
      60.0,
      60.0,
      60.0,
      60.0,
      60.0,
      60.0,
      60.0,
      60.0,
      60.0,
      60.0,
      60.0,
      60.0,
      60.0,
      60.0,
      60.0,
      60.0,
      60.0,
      60.0,
      60.0,
      60.0,
      60.0,
      60.0,
      60.0,
      60.0
    ],
    "tw_early_s": [
      608.5688251972227,
      439.586605929582,
      747.4392058581263,
      451.56558067078004,
      844.5115925242928,
      530.0697443128873,
      0.0,
      530.6057839169705,
      369.07867461558783,
      273.27567774839986,
      718.002154805147,
      185.39886059943308,
      377.46003998496747,
      116.5503250148534,
      0.0,
      284.93894023011376,
      82.71159367357484,
      678.9575489283061,
      0.0,
      0.0,
      83.90276280191114,
      635.1234555986589,
      205.15845618756828,
      812.8042771428766,
      0.0,
      551.1955561989218,
      179.8065947973143,
      0.0,
      469.80758284604747,
      361.20192207011723,
      0.0,
      748.6459322088476,
      0.0,
      0.0,
      609.421068771466,
      807.1165904354057,
      2.3079705567568,
      17.67450549841493,
      284.5908304716013,
      7.553233240880843
    ],
    "tw_late_s": [
      1208.5688251972228,
      1039.586605929582,
      1347.4392058581263,
      1051.56558067078,
      1444.5115925242928,
      1130.0697443128875,
      519.4672166027192,
      1130.6057839169705,
      969.0786746155878,
      873.2756777483999,
      1318.002154805147,
      785.3988605994331,
      977.4600399849675,
      716.5503250148533,
      364.5002605604568,
      884.9389402301138,
      682.7115936735748,
      1278.957548928306,
      339.4047116377729,
      423.777215998083,
      683.9027628019112,
      1235.123455598659,
      805.1584561875683,
      1412.8042771428766,
      432.04880656631906,
      1151.1955561989218,
      779.8065947973143,
      540.3399628287676,
      1069.8075828460474,
      961.2019220701172,
      520.0038926781261,
      1348.6459322088476,
      330.4267598229439,
      448.40506762782513,
      1209.421068771466,
      1407.1165904354057,
      602.3079705567568,
      617.6745054984149,
      884.5908304716013,
      607.5532332408809
    ],
    "bs_xy": [
      [
        803.8655998192439,
        828.4253412030209
      ],
      [
        688.3966062529815,
        682.7583254262273
      ],
      [
        749.0551626876536,
        548.6092343905739
      ],
      [
        628.4511797374328,
        955.2701814058905
      ],
      [
        180.15018843291364,
        130.78737566266452
      ],
      [
        88.3884586415149,
        863.0898904430325
      ],
      [
        491.80551473524616,
        844.6884585465262
      ],
      [
        875.4720908217075,
        372.6801915096007
      ],
      [
        533.3766962633975,
        378.05623039191426
      ],
      [
        610.9935862712332,
        205.23830174755486
      ]
    ],
    "speed_mps": 10.0,
    "capacity_kg": 6.0,
    "altitude_m": 100.0
  }
}