{
  "spec": {
    "run_id": "seed3_N20_M3_D2_B4_K10_lo0.5_lt0.0_twA",
    "seed": 3,
    "n_clients": 20,
    "num_uavs": 3,
    "delta_min": 2,
    "bs_count": 4,
    "edge_samples": 10,
    "lambda_out": 0.5,
    "lambda_tw": 0.0,
    "tw_family": "A",
    "tw_mode": "soft"
  },
  "scenario": {
    "depot_xy": [
      500.0,
      500.0
    ],
    "client_xy": [
      [
        214.69038093792335,
        17.433560829676065
      ],
      [
        142.95828858089732,
        333.01076654752757
      ],
      [
        993.513654410127,
        205.46649645321136
      ],
      [
        194.7552686834546,
        783.0438874257936
      ],
      [
        830.7595324269378,
        588.4387274242571
      ],
      [
        744.9810108046188,
        715.0525757534533
      ],
      [
        551.2312387701825,
        897.7723890888315
      ],
      [
        727.4589054997127,
        148.76066307198744
      ],
      [
        186.81940253818175,
        761.3059904692876
      ],
      [
        77.30400830035677,
        948.9690466662711
      ],
      [
        953.1432484784549,
        141.9627067988858
      ],
      [
        664.4640571782545,
        704.7697869144287
      ],
      [
        382.8327297913715,
        406.29827877897
      ],
      [
        399.1841277564903,
        485.2120463829315
      ],
      [
        813.2836326594676,
        699.9240896000324
      ],
      [
        981.9565833337233,
        782.0410676476016
      ],
      [
        747.3995305945332,
        461.4340018138363
      ],
      [
        42.419593524513964,
        877.3117299173796
      ],
      [
        344.16827487878555,
        20.84778973759849
      ],
      [
        766.9680788864886,
        829.3250993171932
      ]
    ],
    "delivery": [
      0.0,
      1.8745177740779309,
      0.0,
      0.0,
      0.0,
      0.7499483078572937,
      0.0,
      0.0,
      0.0,
      0.0,
      0.0,
      0.0,
      0.0,
      0.0,
      0.0,
      0.0,
      1.42153560789595,
      1.4946773426339537,
      0.0,
      1.8191452681146356
    ],
    "pickup": [
      0.6498927188177896,
      0.0,
      1.1113542162364056,
      1.778427298477643,
      1.8642783653486437,
      0.0,
      0.9151307641765076,
      0.6366421310343372,
      1.9202880469372172,
      1.6685245770718395,
      1.8211183527438182,
      1.4444027167342408,
      1.6815924611021011,
      0.6460138635027747,
      0.8785414657104559,
      0.9308913698454399,
      0.0,
      0.0,
      0.641118697373493,
      0.0
    ],
    "service_duration_s": [
      60.0,
      60.0,
      60.0,
      60.0,
      60.0,
      60.0,
      60.0,
      60.0,
      60.0,
      60.0,
      60.0,
      60.0,
      60.0,
      60.0,
      60.0,
      60.0,
      60.0,
      60.0,
      60.0,
      60.0
    ],
    "tw_early_s": [
      0.4741220787118152,
      0.0,
      144.06338744301178,
      356.60676891348976,
      241.65660615769065,
      316.9500757968665,
      403.5819184572442,
      0.0,
      502.4945210864911,
      473.7416271197361,
      135.362048059784,
      248.988161121985,
      0.0,
      0.0,
      174.09831665373378,
      261.73242610674015,
      89.35599726424033,
      541.7113783316022,
      16.555351714807756,
      343.74511260689036
    ],
    "tw_late_s": [
      240.47412207871182,
      159.41626412816493,
      384.0633874430118,
      596.6067689134898,
      481.65660615769065,
      556.9500757968665,
      643.5819184572442,
      238.02514261755903,
      742.4945210864911,
      713.7416271197361,
      375.362048059784,
      488.988161121985,
      135.00272700808935,
      130.18946694798126,
      414.0983166537338,
      501.73242610674015,
      329.35599726424033,
      781.7113783316022,
      256.5553517148078,
      583.7451126068904
    ],
    "bs_xy": [
      [
        164.4478732282586,
        175.9912460310853
      ],
      [
        214.64978182162386,
        58.783403216398746
      ],
      [
        839.514947729546,
        53.37939708206241
      ],
      [
        183.88430104093177,
        0.5348929574802153
      ]
    ],
    "speed_mps": 10.0,
    "capacity_kg": 6.0,
    "altitude_m": 100.0
  }
}