{
  "spec": {
    "run_id": "seed7_N20_M3_D10_B7_K10_lo1.0_lt1.0_twA",
    "seed": 7,
    "n_clients": 20,
    "num_uavs": 3,
    "delta_min": 10,
    "bs_count": 7,
    "edge_samples": 10,
    "lambda_out": 1.0,
    "lambda_tw": 1.0,
    "tw_family": "A",
    "tw_mode": "soft"
  },
  "scenario": {
    "depot_xy": [
      500.0,
      500.0
    ],
    "client_xy": [
      [
        469.2013632005955,
        898.6687747656988
      ],
      [
        294.9889233072378,
        17.00593629060787
      ],
      [
        603.8253320829886,
        595.6359667481959
      ],
      [
        71.62793944816725,
        339.29541683831786
      ],
      [
        89.36269488418425,
        819.1583902725455
      ],
      [
        972.1601496243582,
        756.58081620326
      ],
      [
        464.7099104490998,
        887.1487964408694
      ],
      [
        412.6586501701911,
        771.1052077472885
      ],
      [
        188.7594643818914,
        945.0589901476949
      ],
      [
        80.90363956334635,
        294.10416484439526
      ],
      [
        500.0722340764866,
        800.0093990557557
      ],
      [
        133.84917072262758,
        691.2713285798196
      ],
      [
        23.20322717829204,
        262.8678945107213
      ],
      [
        681.5739965375961,
        363.25884379086335
      ],
      [
        173.22271550493807,
        532.7476231120403
      ],
      [
        547.8551113370188,
        884.5940315487258
      ],
      [
        739.4531000333602,
        295.8077626396769
      ],
      [
        596.066546210034,
        49.93446333039131
      ],
      [
        815.2065611859904,
        93.4322469234704
      ],
      [
        752.2918354748537,
        436.46013954312645
      ]
    ],
    "delivery": [
      0.7380910710277898,
      0.0,
      1.7983366263672353,
      0.0,
      0.0,
      1.60631138116287,
      0.0,
      0.0,
      0.0,
      1.274077561665816,
      0.8272599388085141,
      1.4257660927700841,
      0.840757675107598,
      1.4982321113966584,
      0.0,
      1.229030931684626,
      0.0,
      0.9336162742182395,
      0.0,
      0.0
    ],
    "pickup": [
      0.0,
      1.9549402650486005,
      0.0,
      1.1493307059485578,
      1.225976277396297,
      0.0,
      0.9973202258212088,
      1.338262430474453,
      0.774593363409352,
      0.0,
      0.0,
      0.0,
      0.0,
      0.0,
      1.530354258502686,
      0.0,
      0.7481374677905004,
      0.0,
      0.9078568548649983,
      1.6476135807753103
    ],
    "service_duration_s": [
      60.0,
      60.0,
      60.0,
      60.0,
      60.0,
      60.0,
      60.0,
      60.0,
      60.0,
      60.0,
      60.0,
      60.0,
      60.0,
      60.0,
      60.0,
      60.0,
      60.0,
      60.0,
      60.0,
      60.0
    ],
    "tw_early_s": [
      0.0,
      0.0,
      0.0,
      0.0,
      0.0,
      0.0,
      0.0,
      0.0,
      0.0,
      0.0,
      0.0,
      34.66835078145789,
      0.0,
      0.0,
      23.530897875001074,
      0.0,
      0.0,
      0.0,
      0.0,
      0.0
    ],
    "tw_late_s": [
      1033.8452087880314,
      744.9647653393156,
      940.6861231955999,
      645.7524409524336,
      1164.8387082271372,
      969.0519772325896,
      1066.6931675227156,
      1145.6669414893654,
      1122.2704987067336,
      646.6942024523038,
      1076.4601033097624,
      1234.6683507814578,
      653.2509904158574,
      856.1822496041852,
      1223.530897875001,
      998.3747234047651,
      857.4317895324605,
      763.7039966566422,
      794.2434419007101,
      889.1184182915823
    ],
    "bs_xy": [
      [
        685.7931577098009,
        503.77858126134225
      ],
      [
        33.191887470352846,
        816.3829324477305
      ],
      [
        806.5099942125853,
        216.1148189925416
      ],
      [
        416.53868678442376,
        828.5334164169424
      ],
      [
        796.6719455535771,
        283.4016166764287
      ],
      [
        361.04416079114554,
        253.22291987557188
      ],
      [
        730.6052441848145,
        392.72269800859914
      ]
    ],
    "speed_mps": 10.0,
    "capacity_kg": 6.0,
    "altitude_m": 100.0
  }
}