{
  "spec": {
    "run_id": "seed9_N40_M3_D2_B7_K10_lo0.0_lt0.0_twA",
    "seed": 9,
    "n_clients": 40,
    "num_uavs": 3,
    "delta_min": 2,
    "bs_count": 7,
    "edge_samples": 10,
    "lambda_out": 0.0,
    "lambda_tw": 0.0,
    "tw_family": "A",
    "tw_mode": "soft"
  },
  "scenario": {
    "depot_xy": [
      500.0,
      500.0
    ],
    "client_xy": [
      [
        770.538905885435,
        764.9614446735592
      ],
      [
        638.9814548808798,
        292.84386795294716
      ],
      [
        193.0352822511443,
        969.5722105413367
      ],
      [
        615.8668874341021,
        346.51640974335373
      ],
      [
        184.25017094235042,
        804.5635847968443
      ],
      [
        487.44087649621457,
        473.97532472474023
      ],
      [
        336.06127140827033,
        711.4439248225624
      ],
      [
        831.7233470095132,
        651.476616967869
      ],
      [
        433.82425620310073,
        576.5950297844248
      ],
      [
        996.3304319442288,
        170.11773345003135
      ],
      [
        76.63367174790858,
        891.2569093407933
      ],
      [
        433.9603523590554,
        875.858646191456
      ],
      [
        673.6728031648031,
        797.9143661666685
      ],
      [
        681.5442004643454,
        520.784191584328
      ],
      [
        432.5292868150602,
        689.3237718537689
      ],
      [
        34.551044265062835,
        792.2186675840575
      ],
      [
        913.9559886957244,
        210.46393009631336
      ],
      [
        447.1430802827323,
        837.5845254722555
      ],
      [
        650.9460446794376,
        87.87303635998356
      ],
      [
        342.76056667594366,
        831.8484960955162
      ],
      [
        995.0943420358058,
        529.38934245431
      ],
      [
        890.2939578184058,
        62.47760579799211
      ],
      [
        119.27818862674677,
        763.644622673306
      ],
      [
        706.7420368313166,
        344.96558838101953
      ],
      [
        286.507555658268,
        720.2067076572112
      ],
      [
        590.4796194926548,
        601.2301784752441
      ],
      [
        105.15712951898404,
        334.9390081733776
      ],
      [
        687.4677452200744,
        622.4930593837623
      ],
      [
        649.209230624716,
        385.3144997782804
      ],
      [
        309.6910796545284,
        270.5111251762619
      ],
      [
        349.7840832988617,
        472.0573062626442
      ],
      [
        731.2403170536178,
        366.82674235034864
      ],
      [
        806.6413227509687,
        859.740193670241
      ],
      [
        217.99725364139033,
        627.8885812930159
      ],
      [
        324.9332221439233,
        41.22607292132563
      ],
      [
        564.9131776480157,
        573.2000966408273
      ],
      [
        87.03397147826864,
        714.6139041645725
      ],
      [
        181.7979869680648,
        74.08983001476288
      ],
      [
        776.7928747077345,
        703.6116428356647
      ],
      [
        554.5459258065781,
        595.9846681713071
      ]
    ],
    "delivery": [
      1.124174440786803,
      1.253502721555691,
      0.0,
      0.0,
      0.0,
      0.0,
      0.0,
      0.0,
      0.0,
      1.2398101768764738,
      0.0,
      0.9977477164409432,
      1.2855119881709232,
      0.0,
      0.7767894120727655,
      1.7042309467060468,
      0.0,
      1.3925300027520282,
      1.7067056411300592,
      0.0,
      0.0,
      1.5143899081225225,
      0.0,
      1.9842606213931133,
      1.1353571290276103,
      0.5633241249382803,
      0.5586600718017002,
      0.7342773305477085,
      1.2917415220856372,
      1.557237201434369,
      0.0,
      0.6527881648179198,
      1.252302530831525,
      0.0,
      1.155896848215062,
      0.0,
      1.4621057650370364,
      1.3539935475806146,
      1.265237167674353,
      0.0
    ],
    "pickup": [
      0.0,
      0.0,
      0.7992603978006815,
      1.45687887783453,
      1.2986788644680545,
      1.0867559022118396,
      1.2973154159392062,
      1.3777598799376338,
      1.1293461182878815,
      0.0,
      1.9806668835597636,
      0.0,
      0.0,
      1.0232972285426716,
      0.0,
      0.0,
      1.8490190825467034,
      0.0,
      0.0,
      1.0915541659288825,
      1.3268246472804526,
      0.0,
      1.944625786539159,
      0.0,
      0.0,
      0.0,
      0.0,
      0.0,
      0.0,
      0.0,
      0.7069424224010148,
      0.0,
      0.0,
      1.2374390990634077,
      0.0,
      0.6869400538668604,
      0.0,
      0.0,
      0.0,
      1.4891271798484873
    ],
    "service_duration_s": [
      60.0,
      60.0,
      60.0,
      60.0,
      60.0,
      60.0,
      60.0,
      60.0,
      60.0,
      60.0,
      60.0,
      60.0,
      60.0,
      60.0,
      60.0,
      60.0,
      60.0,
      60.0,
      60.0,
      60.0,
      60.0,
      60.0,
      60.0,
      60.0,
      60.0,
      60.0,
      60.0,
      60.0,
      60.0,
      60.0,
      60.0,
      60.0,
      60.0,
      60.0,
      60.0,
      60.0,
      60.0,
      60.0,
      60.0,
      60.0
    ],
    "tw_early_s": [
      390.4154218955189,
      107.0901481209844,
      771.8584004465838,
      94.96392571057405,
      835.4251711525898,
      23.473808114660216,
      757.6156564768892,
      317.52265572411255,
      714.1307339444901,
      277.2350975036695,
      821.7329620508916,
      686.0074581910951,
      600.8008380567176,
      384.35805755392096,
      687.7184956901344,
      910.4458986679044,
      264.4669953935677,
      556.5756405117507,
      105.41124645559626,
      627.0296403108143,
      357.37548229747415,
      189.48038674298664,
      935.7671309428652,
      164.05276382381157,
      858.4892509633339,
      519.4453292832551,
      0.0,
      449.51617693441506,
      176.3936018597002,
      0.0,
      0.0,
      227.33617026639695,
      460.55760892047,
      1012.5525879126985,
      0.0,
      549.852892192381,
      899.4278532662022,
      0.0,
      464.9731459302009,
      612.3561233254794
    ],
    "tw_late_s": [
      630.4154218955189,
      347.0901481209844,
      1011.8584004465838,
      334.963925710574,
      1075.4251711525899,
      263.4738081146602,
      997.6156564768892,
      557.5226557241126,
      954.1307339444901,
      517.2350975036695,
      1061.7329620508917,
      926.0074581910951,
      840.8008380567176,
      624.358057553921,
      927.7184956901344,
      1150.4458986679044,
      504.4669953935677,
      796.5756405117507,
      345.41124645559626,
      867.0296403108143,
      597.3754822974742,
      429.48038674298664,
      1175.7671309428652,
      404.0527638238116,
      1098.489250963334,
      759.4453292832551,
      162.79556325046752,
      689.5161769344151,
      416.3936018597002,
      149.8131898378762,
      135.27927215663854,
      467.33617026639695,
      700.55760892047,
      1252.5525879126985,
      232.7923016778094,
      789.852892192381,
      1139.4278532662022,
      238.47619805554572,
      704.9731459302009,
      852.3561233254794
    ],
    "bs_xy": [
      [
        851.8226194409038,
        379.8639341335324
      ],
      [
        405.0377626003353,
        677.5024818074467
      ],
      [
        909.1925608259181,
        666.6300338196264
      ],
      [
        632.5620599228569,
        636.9959804993684
      ],
      [
        399.2948737697072,
        246.25827239142717
      ],
      [
        404.70701590718573,
        399.70830436057946
      ],
      [
        484.0875866322677,
        908.5090376660828
      ]
    ],
    "speed_mps": 10.0,
    "capacity_kg": 6.0,
    "altitude_m": 100.0
  }
}