{
  "spec": {
    "run_id": "seed8_N10_M3_D5_B4_K10_lo0.0_lt5.0_twA",
    "seed": 8,
    "n_clients": 10,
    "num_uavs": 3,
    "delta_min": 5,
    "bs_count": 4,
    "edge_samples": 10,
    "lambda_out": 0.0,
    "lambda_tw": 5.0,
    "tw_family": "A",
    "tw_mode": "soft"
  },
  "scenario": {
    "depot_xy": [
      500.0,
      500.0
    ],
    "client_xy": [
      [
        71.0636204572066,
        292.03028463579415
      ],
      [
        543.0679012413262,
        752.7144886030975
      ],
      [
        158.65991778058896,
        798.9044095684262
      ],
      [
        384.67355094772915,
        187.0221385746129
      ],
      [
        175.69243164480054,
        61.695888344140414
      ],
      [
        662.4674853942386,
        694.967970291443
      ],
      [
        473.4533101823469,
        260.93729398902445
      ],
      [
        459.34915804908593,
        975.3039475530088
      ],
      [
        527.078557333604,
        582.3413571869468
      ],
      [
        420.05978873762297,
        816.9273877278463
      ]
    ],
    "delivery": [
      1.7868739106749048,
      0.0,
      0.0,
      1.8911102139315332,
      1.0417059504615085,
      1.317842698143433,
      1.8556824156631215,
      1.3413940103349862,
      0.0,
      1.0141628662520896
    ],
    "pickup": [
      0.0,
      0.8803637714679773,
      0.6057384952289275,
      0.0,
      0.0,
      0.0,
      0.0,
      0.0,
      0.6313961062861921,
      0.0
    ],
    "service_duration_s": [
      60.0,
      60.0,
      60.0,
      60.0,
      60.0,
      60.0,
      60.0,
      60.0,
      60.0,
      60.0
    ],
    "tw_early_s": [
      0.0,
      0.0,
      56.413694932129715,
      0.0,
      0.0,
      0.0,
      0.0,
      0.0,
      0.0,
      0.0
    ],
    "tw_late_s": [
      347.6694682374314,
      557.6963852958529,
      656.4136949321297,
      333.3549593903837,
      354.5239299011814,
      494.3977981389624,
      448.0283875074583,
      589.0164802413605,
      435.37358269577385,
      521.1580009666475
    ],
    "bs_xy": [
      [
        153.68418430258413,
        258.0818791704387
      ],
      [
        201.190299664885,
        75.41642499472967
      ],
      [
        795.0615211332539,
        506.8151404247245
      ],
      [
        297.0166599156214,
        916.497249825836
      ]
    ],
    "speed_mps": 10.0,
    "capacity_kg": 6.0,
    "altitude_m": 100.0
  }
}