{
  "spec": {
    "run_id": "seed8_N40_M3_D5_B7_K10_lo0.5_lt5.0_twA",
    "seed": 8,
    "n_clients": 40,
    "num_uavs": 3,
    "delta_min": 5,
    "bs_count": 7,
    "edge_samples": 10,
    "lambda_out": 0.5,
    "lambda_tw": 5.0,
    "tw_family": "A",
    "tw_mode": "soft"
  },
  "scenario": {
    "depot_xy": [
      500.0,
      500.0
    ],
    "client_xy": [
      [
        273.0800204914278,
        9.797805345871602
      ],
      [
        819.7261264869023,
        837.8121250644833
      ],
      [
        360.7444091921416,
        481.78215565229544
      ],
      [
        764.4883337237634,
        182.88765068710077
      ],
      [
        654.9282485824152,
        265.6443894482715
      ],
      [
        42.35488757143779,
        946.9568547490389
      ],
      [
        340.57289329994956,
        871.6491744274471
      ],
      [
        112.5790252186506,
        735.8182164712116
      ],
      [
        983.6607545301304,
        57.12262558240022
      ],
      [
        2.936089899335581,
        658.4971327972062
      ],
      [
        691.4735947065418,
        54.93918263354014
      ],
      [
        65.89115688228931,
        189.90489209848838
      ],
      [
        237.74962391367328,
        455.8265003928804
      ],
      [
        709.0081767126952,
        667.7041175301995
      ],
      [
        923.1695231995319,
        745.9812739468723
      ],
      [
        735.3379946713319,
        937.9000265854688
      ],
      [
        560.9987061950759,
        489.74274501024973
      ],
      [
        140.52545270774874,
        350.37037777394244
      ],
      [
        814.035655474076,
        314.794644733698
      ],
      [
        811.13154554298,
        525.1447145297285
      ],
      [
        410.69313448283384,
        683.0652594575546
      ],
      [
        191.09773026859,
        671.5729333164985
      ],
      [
        472.6184923120538,
        488.35577426200217
      ],
      [
        297.1668695930837,
        884.8948757848966
      ],
      [
        5.540263592898165,
        616.2526370936168
      ],
      [
        884.6465072066192,
        389.8705188156265
      ],
      [
        702.0274222066165,
        536.2322358943225
      ],
      [
        122.18332279371735,
        752.7200923410284
      ],
      [
        258.6585993231533,
        913.0951287311505
      ],
      [
        499.07119071934056,
        680.4602897154339
      ],
      [
        768.3509029946051,
        114.3192518510463
      ],
      [
        624.2555036985303,
        307.532144637494
      ],
      [
        677.9089761044326,
        790.2553843320677
      ],
      [
        16.61842210292319,
        13.705888522415277
      ],
      [
        828.2979536384659,
        729.7086130211002
      ],
      [
        885.9333726025559,
        952.3515134669992
      ],
      [
        837.668705807189,
        853.1748035555312
      ],
      [
        909.0672832454449,
        720.4917222885293
      ],
      [
        867.8125512209534,
        250.03328613414953
      ],
      [
        881.774334334232,
        28.150654892170166
      ]
    ],
    "delivery": [
      0.0,
      0.6326786423850457,
      0.0,
      1.5767031365383282,
      1.7433125034141148,
      1.5181732970625004,
      0.0,
      0.0,
      0.8328314716416485,
      1.805602581107131,
      0.7511557740050812,
      0.0,
      0.0,
      1.7756452450028812,
      0.6132919791139935,
      1.850519896302307,
      0.0,
      0.0,
      0.0,
      1.871410300039075,
      0.0,
      1.3507492397804937,
      0.0,
      0.0,
      0.0,
      0.0,
      0.0,
      1.8776457209785349,
      0.0,
      0.0,
      0.0,
      0.0,
      0.0,
      1.8601811151526473,
      0.0,
      1.824550853053598,
      1.644895889507705,
      0.0,
      0.0,
      0.0
    ],
    "pickup": [
      0.7587545706010524,
      0.0,
      1.3714912570949025,
      0.0,
      0.0,
      0.0,
      1.1530577893195497,
      0.9347722518631221,
      0.0,
      0.0,
      0.0,
      0.9523819508538174,
      0.8944488446808339,
      0.0,
      0.0,
      0.0,
      1.4917541930419522,
      1.6838343681481427,
      1.849892736784472,
      0.0,
      1.718287485968662,
      0.0,
      1.9596047651773438,
      1.5637563566113348,
      1.102816686831247,
      1.595678842050996,
      0.9905952176256692,
      0.0,
      1.0059208450890216,
      1.5031893630142783,
      1.6139920699121446,
      1.453920858247117,
      0.8583755258245346,
      0.0,
      1.638140652187447,
      0.0,
      0.0,
      1.4876956920341289,
      1.2017528985357928,
      0.9120077743551711
    ],
    "service_duration_s": [
      60.0,
      60.0,
      60.0,
      60.0,
      60.0,
      60.0,
      60.0,
      60.0,
      60.0,
      60.0,
      60.0,
      60.0,
      60.0,
      60.0,
      60.0,
      60.0,
      60.0,
      60.0,
      60.0,
      60.0,
      60.0,
      60.0,
      60.0,
      60.0,
      60.0,
      60.0,
      60.0,
      60.0,
      60.0,
      60.0,
      60.0,
      60.0,
      60.0,
      60.0,
      60.0,
      60.0,
      60.0,
      60.0,
      60.0,
      60.0
    ],
    "tw_early_s": [
      0.0,
      426.3138235393161,
      0.0,
      76.79398690929105,
      3.0636955552942027,
      705.9884184832055,
      562.2683123960854,
      714.4194994325894,
      94.24598547802998,
      870.5818339164143,
      0.0,
      0.0,
      0.0,
      423.92131823194836,
      316.68469675166466,
      499.405402826093,
      241.46985193721855,
      0.0,
      150.8845483498576,
      231.92155995267012,
      600.6770691098702,
      797.2870985571626,
      0.0,
      713.4545520380093,
      790.4673105799934,
      188.96269350517332,
      272.36600148341915,
      795.3838509390046,
      631.4485731145301,
      624.721495313942,
      11.968241825504208,
      0.0,
      467.56664358492253,
      0.0,
      355.4695413884174,
      517.4364886707612,
      390.396313200764,
      343.2306978152466,
      142.53460310351568,
      60.30245668564447
    ],
    "tw_late_s": [
      497.10006385662473,
      1026.3138235393162,
      314.0442192463386,
      676.7939869092911,
      603.0636955552942,
      1305.9884184832054,
      1162.2683123960855,
      1314.4194994325894,
      694.24598547803,
      1470.5818339164143,
      542.254276028831,
      418.2566878519699,
      326.59446518074014,
      1023.9213182319484,
      916.6846967516647,
      1099.405402826093,
      841.4698519372186,
      338.9372538834574,
      750.8845483498576,
      831.9215599526701,
      1200.6770691098702,
      1397.2870985571626,
      385.2509239071865,
      1313.4545520380093,
      1390.4673105799934,
      788.9626935051733,
      872.3660014834192,
      1395.3838509390046,
      1231.44857311453,
      1224.721495313942,
      611.9682418255043,
      562.3064088721816,
      1067.5666435849225,
      434.81146893498106,
      955.4695413884174,
      1117.4364886707613,
      990.396313200764,
      943.2306978152466,
      742.5346031035157,
      660.3024566856445
    ],
    "bs_xy": [
      [
        788.8034391045537,
        963.880855459188
      ],
      [
        243.0264486517959,
        329.5689730494089
      ],
      [
        619.3980042443446,
        868.4457914074665
      ],
      [
        553.88935077409,
        49.369424730180796
      ],
      [
        407.77194617697654,
        399.38231833311045
      ],
      [
        862.6968728429671,
        896.8873389555616
      ],
      [
        543.4091468717786,
        68.75279653915267
      ]
    ],
    "speed_mps": 10.0,
    "capacity_kg": 6.0,
    "altitude_m": 100.0
  }
}