{
  "spec": {
    "run_id": "seed5_N10_M3_D10_B10_K10_lo0.5_lt5.0_twA",
    "seed": 5,
    "n_clients": 10,
    "num_uavs": 3,
    "delta_min": 10,
    "bs_count": 10,
    "edge_samples": 10,
    "lambda_out": 0.5,
    "lambda_tw": 5.0,
    "tw_family": "A",
    "tw_mode": "soft"
  },
  "scenario": {
    "depot_xy": [
      500.0,
      500.0
    ],
    "client_xy": [
      [
        318.8669070612138,
        503.9116058630032
      ],
      [
        612.9388094496977,
        348.1719878291248
      ],
      [
        813.8308093428008,
        682.940529665186
      ],
      [
        594.6305461340985,
        484.32230823374675
      ],
      [
        979.0599693630348,
        547.922609859813
      ],
      [
        414.17988920554905,
        172.36356222641948
      ],
      [
        793.8944845014506,
        705.7013500869449
      ],
      [
        123.16358813889472,
        318.71890133416423
      ],
      [
        855.1085012782779,
        480.3671925621524
      ],
      [
        804.679960335759,
        532.6466792061583
      ]
    ],
    "delivery": [
      1.7583550759809552,
      0.0,
      0.0,
      0.0,
      1.9349799011848554,
      0.0,
      0.0,
      0.0,
      0.7589829547971254,
      1.6676150661441118
    ],
    "pickup": [
      0.0,
      0.504497838186265,
      1.566205909406645,
      1.1485878461186076,
      0.0,
      1.8324321172327713,
      0.9151785454184209,
      1.4020295631877462,
      0.0,
      0.0
    ],
    "service_duration_s": [
      60.0,
      60.0,
      60.0,
      60.0,
      60.0,
      60.0,
      60.0,
      60.0,
      60.0,
      60.0
    ],
    "tw_early_s": [
      0.0,
      0.0,
      0.0,
      0.0,
      0.0,
      0.0,
      0.0,
      0.0,
      0.0,
      0.0
    ],
    "tw_late_s": [
      942.0076997905105,
      618.9227164962314,
      828.3277333916574,
      751.7878326859566,
      720.6294323508673,
      633.8689720502015,
      804.9564518254529,
      641.8172832735276,
      747.6541258795227,
      833.3414869553235
    ],
    "bs_xy": [
      [
        634.5280521529014,
        869.3696608249162
      ],
      [
        670.8222909783707,
        914.9578413457198
      ],
      [
        765.8693219465811,
        312.25832883542205
      ],
      [
        983.0409124926286,
        555.014516816202
      ],
      [
        657.8797450094975,
        407.44522093751425
      ],
      [
        217.4079676071068,
        518.3812717212406
      ],
      [
        696.9904988943954,
        121.63404014977198
      ],
      [
        121.06007587843071,
        890.2364243382611
      ],
      [
        227.15902973586898,
        632.374527132619
      ],
      [
        983.4085082065172,
        573.4588605553134
      ]
    ],
    "speed_mps": 10.0,
    "capacity_kg": 6.0,
    "altitude_m": 100.0
  }
}