{
  "spec": {
    "run_id": "seed8_N40_M3_D10_B4_K10_lo0.0_lt5.0_twA",
    "seed": 8,
    "n_clients": 40,
    "num_uavs": 3,
    "delta_min": 10,
    "bs_count": 4,
    "edge_samples": 10,
    "lambda_out": 0.0,
    "lambda_tw": 5.0,
    "tw_family": "A",
    "tw_mode": "soft"
  },
  "scenario": {
    "depot_xy": [
      500.0,
      500.0
    ],
    "client_xy": [
      [
        235.27800809191956,
        935.9380839978724
      ],
      [
        464.6889152948216,
        533.2634104738274
      ],
      [
        174.53465308019378,
        864.557406397869
      ],
      [
        330.2189670403908,
        613.9920979230302
      ],
      [
        248.3215169397216,
        172.75623154974497
      ],
      [
        487.4364461727232,
        746.3616638332437
      ],
      [
        201.52663750127442,
        981.3862068333922
      ],
      [
        815.7034733165909,
        860.0623383511768
      ],
      [
        908.6067420075232,
        555.7961757561031
      ],
      [
        250.20118374052691,
        434.42018737797474
      ],
      [
        647.1804958682723,
        159.46150107867797
      ],
      [
        352.30087315835044,
        28.166577348109236
      ],
      [
        527.0507938819277,
        414.8596071391383
      ],
      [
        26.060547234457275,
        975.7863607442815
      ],
      [
        53.738320905424295,
        423.84697386925654
      ],
      [
        727.0489427180869,
        197.50337007745665
      ],
      [
        489.0989667609238,
        550.2207108816636
      ],
      [
        722.7061872454158,
        695.0285422058837
      ],
      [
        318.17520352502316,
        980.0105225822817
      ],
      [
        618.0432992861824,
        175.36311244913483
      ],
      [
        980.4346826744164,
        146.37972743607108
      ],
      [
        923.0165407862411,
        411.2123919823837
      ],
      [
        429.4130998164373,
        341.02724131400055
      ],
      [
        42.586153017739605,
        480.7508919099454
      ],
      [
        194.76848709075622,
        117.39061810915952
      ],
      [
        10.446388374808047,
        830.1614653608532
      ],
      [
        206.50804121411204,
        164.68473606408173
      ],
      [
        828.9451517270923,
        441.7393429673616
      ],
      [
        162.317391630332,
        22.54862389174106
      ],
      [
        592.5735177987589,
        420.41790466840445
      ],
      [
        726.0680466900616,
        357.388132311125
      ],
      [
        567.4579799452497,
        473.0533606271579
      ],
      [
        926.5938057953141,
        962.9005761308986
      ],
      [
        747.7790829932801,
        618.4389008083647
      ],
      [
        827.0693691547443,
        98.48656339431894
      ],
      [
        856.8707477629164,
        652.3856484536592
      ],
      [
        138.46488531199873,
        333.7014951224736
      ],
      [
        574.1662852394687,
        64.9620960423255
      ],
      [
        282.2175679637283,
        894.5132886532978
      ],
      [
        509.73263173534565,
        680.7349586087263
      ]
    ],
    "delivery": [
      1.2917399737202921,
      0.6683364984405753,
      0.0,
      0.0,
      1.4619339939050162,
      0.0,
      0.5715035195085211,
      0.0,
      0.9597900441094936,
      1.735698627576952,
      0.6313464581156227,
      0.0,
      1.4640922291587608,
      0.0,
      1.0861933400377075,
      1.4722007948546585,
      0.0,
      0.0,
      0.0,
      0.0,
      0.745394150599028,
      1.882168324585137,
      0.9289570182750437,
      0.0,
      0.0,
      0.5302253208803027,
      0.0,
      0.0,
      0.0,
      1.1314661210996102,
      1.3573148835139448,
      0.0,
      0.0,
      0.0,
      0.5769616846203935,
      0.0,
      1.489167767289314,
      1.012747536666412,
      0.7205847641318015,
      0.0
    ],
    "pickup": [
      0.0,
      0.0,
      0.6084494509217107,
      1.9238612357316947,
      0.0,
      0.5995555210637459,
      0.0,
      0.8037447519093,
      0.0,
      0.0,
      0.0,
      1.5830881994411377,
      0.0,
      1.324471393608996,
      0.0,
      0.0,
      1.2148946846782784,
      1.2904722437416805,
      1.3869497251875025,
      1.4789491627045939,
      0.0,
      0.0,
      0.0,
      1.6175667163926708,
      1.8301954607668638,
      0.0,
      0.7930917331719736,
      1.9968209192153807,
      1.6905576510601907,
      0.0,
      0.0,
      1.359282958634377,
      0.5591576235503173,
      1.3299300318633842,
      0.0,
      0.9823040980541773,
      0.0,
      0.0,
      0.0,
      0.9468308475389338
    ],
    "service_duration_s": [
      60.0,
      60.0,
      60.0,
      60.0,
      60.0,
      60.0,
      60.0,
      60.0,
      60.0,
      60.0,
      60.0,
      60.0,
      60.0,
      60.0,
      60.0,
      60.0,
      60.0,
      60.0,
      60.0,
      60.0,
      60.0,
      60.0,
      60.0,
      60.0,
      60.0,
      60.0,
      60.0,
      60.0,
      60.0,
      60.0,
      60.0,
      60.0,
      60.0,
      60.0,
      60.0,
      60.0,
      60.0,
      60.0,
      60.0,
      60.0
    ],
    "tw_early_s": [
      390.1135360197602,
      474.91956617132223,
      387.4354392618227,
      578.6773790722973,
      0.0,
      230.94743957703588,
      362.95145815586693,
      178.92048420571552,
      31.18143311956544,
      0.0,
      0.0,
      0.0,
      0.0,
      471.41138358408034,
      0.0,
      0.0,
      283.93962877948854,
      114.4074246222043,
      291.2857903813434,
      0.0,
      0.0,
      0.0,
      0.0,
      0.0,
      0.0,
      464.2008916487541,
      0.0,
      14.376593754744363,
      0.0,
      0.0,
      0.0,
      0.0,
      121.98334180634913,
      93.82155825841676,
      0.0,
      30.158693319399504,
      0.0,
      0.0,
      316.25824594707876,
      195.75269151644807
    ],
    "tw_late_s": [
      1590.1135360197602,
      1674.9195661713222,
      1587.4354392618227,
      1778.6773790722973,
      802.8227978493453,
      1430.9474395770358,
      1562.951458155867,
      1378.9204842057156,
      1231.1814331195656,
      625.8263741992897,
      983.5845513365182,
      880.6323106505954,
      882.6660805979295,
      1671.4113835840803,
      645.2712678878314,
      972.2030055102329,
      1483.9396287794884,
      1314.4074246222044,
      1491.2857903813433,
      971.0108980091369,
      1058.052175719379,
      1145.1507334722542,
      810.4250277241922,
      645.7818692905142,
      718.0103036748271,
      1664.2008916487541,
      735.3550929350857,
      1214.3765937547444,
      810.2398125811203,
      1070.2454152813284,
      1141.0729004780737,
      1136.0774659203892,
      1321.983341806349,
      1293.8215582584166,
      1053.2823823959654,
      1230.1586933193994,
      723.336428926664,
      911.6425194717257,
      1516.2582459470786,
      1395.752691516448
    ],
    "bs_xy": [
      [
        927.8959376858732,
        545.7048576128826
      ],
      [
        694.040902949789,
        722.5078688256629
      ],
      [
        465.8095435608757,
        994.6230306975632
      ],
      [
        795.2178717168877,
        248.46987640032893
      ]
    ],
    "speed_mps": 10.0,
    "capacity_kg": 6.0,
    "altitude_m": 100.0
  }
}