{
  "spec": {
    "run_id": "seed5_N40_M3_D10_B10_K10_lo1.0_lt1.0_twA",
    "seed": 5,
    "n_clients": 40,
    "num_uavs": 3,
    "delta_min": 10,
    "bs_count": 10,
    "edge_samples": 10,
    "lambda_out": 1.0,
    "lambda_tw": 1.0,
    "tw_family": "A",
    "tw_mode": "soft"
  },
  "scenario": {
    "depot_xy": [
      500.0,
      500.0
    ],
    "client_xy": [
      [
        360.6663124308001,
        295.5967497823793
      ],
      [
        317.5062333495886,
        945.9872721153242
      ],
      [
        482.6730589364191,
        288.37709108556174
      ],
      [
        446.2595731931762,
        296.7591680860352
      ],
      [
        269.4218084354165,
        931.5231934061367
      ],
      [
        286.0819984411085,
        331.5012439335383
      ],
      [
        757.017650942527,
        372.54042993068214
      ],
      [
        464.0118855443296,
        386.10400656009926
      ],
      [
        338.29696448938586,
        921.2072143648171
      ],
      [
        686.2491540512118,
        177.48247163091236
      ],
      [
        954.7303185890178,
        433.2742378743767
      ],
      [
        3.105773196472761,
        136.3211552151199
      ],
      [
        120.06859246234403,
        173.01731792530617
      ],
      [
        135.50947060801454,
        78.58663650303055
      ],
      [
        755.0759954606189,
        701.3485776977055
      ],
      [
        122.99503357098085,
        550.1237028806198
      ],
      [
        133.8744802916132,
        981.6897297087454
      ],
      [
        514.3659003931247,
        174.69209960616604
      ],
      [
        28.724163922966504,
        171.69083133086016
      ],
      [
        128.39688594828624,
        275.5905306836365
      ],
      [
        609.3787333773423,
        909.549876799612
      ],
      [
        466.01538786584695,
        845.3655424387504
      ],
      [
        181.3654659248971,
        250.9456030891314
      ],
      [
        387.00979787374433,
        221.2282298876578
      ],
      [
        274.5710314399502,
        438.1962002900799
      ],
      [
        853.48204034639,
        90.77082715830575
      ],
      [
        215.56709964310195,
        794.9004226276926
      ],
      [
        767.4573111352544,
        128.1248387787889
      ],
      [
        389.4989511631209,
        727.5823312892944
      ],
      [
        198.85737773521484,
        805.1370974992046
      ],
      [
        619.3815023460339,
        225.8157704702538
      ],
      [
        835.4251603254354,
        713.5175495745038
      ],
      [
        703.8907427711806,
        705.9156918748533
      ],
      [
        740.6932578832347,
        617.6452885300989
      ],
      [
        861.396990186698,
        53.920605089477604
      ],
      [
        312.76316064409605,
        26.116075540359883
      ],
      [
        645.3779052585975,
        698.6339235715358
      ],
      [
        239.3878146420091,
        575.8845828946729
      ],
      [
        90.3358402664941,
        45.130454193601956
      ],
      [
        997.3164765948087,
        241.47944174268454
      ]
    ],
    "delivery": [
      0.0,
      1.4782071051534416,
      0.0,
      0.0,
      0.7242756809567543,
      0.0,
      0.0,
      0.0,
      1.3559415189713364,
      0.0,
      0.0,
      1.8646956420741323,
      0.0,
      0.8598234449718153,
      0.0,
      0.0,
      0.0,
      0.0,
      0.0,
      1.6399219164230474,
      1.0643941097438936,
      0.937263082351009,
      0.5026319944047806,
      1.2782655259935145,
      0.0,
      0.0,
      0.7787124246049592,
      1.4148248226536082,
      0.8226391975484598,
      0.0,
      0.8014805287901513,
      0.0,
      0.0,
      0.0,
      0.0,
      0.0,
      0.0,
      0.0,
      1.669890049361106,
      0.0
    ],
    "pickup": [
      0.7515512503730027,
      0.0,
      0.651789937864137,
      1.2057652029272121,
      0.0,
      1.1241712555858783,
      1.4414516353102649,
      0.9949423610472743,
      0.0,
      1.1341716521346563,
      1.2349706799686075,
      0.0,
      1.2854835867551968,
      0.0,
      1.2516861372801384,
      1.8750548745857563,
      1.7347559553806393,
      1.5579061121981101,
      1.2460388298800136,
      0.0,
      0.0,
      0.0,
      0.0,
      0.0,
      1.6050582326239473,
      0.5461236415826228,
      0.0,
      0.0,
      0.0,
      1.9005843169063472,
      0.0,
      1.0405596689696037,
      1.4882797606974028,
      0.5350461719855361,
      1.9404901834376516,
      0.7493069757949455,
      1.9130671800451482,
      1.364717520959758,
      0.0,
      1.8148832779920014
    ],
    "service_duration_s": [
      60.0,
      60.0,
      60.0,
      60.0,
      60.0,
      60.0,
      60.0,
      60.0,
      60.0,
      60.0,
      60.0,
      60.0,
      60.0,
      60.0,
      60.0,
      60.0,
      60.0,
      60.0,
      60.0,
      60.0,
      60.0,
      60.0,
      60.0,
      60.0,
      60.0,
      60.0,
      60.0,
      60.0,
      60.0,
      60.0,
      60.0,
      60.0,
      60.0,
      60.0,
      60.0,
      60.0,
      60.0,
      60.0,
      60.0,
      60.0
    ],
    "tw_early_s": [
      0.0,
      332.88501180081676,
      0.0,
      0.0,
      356.7205838673052,
      0.0,
      17.77981147640412,
      0.0,
      289.75624143959567,
      0.0,
      64.63409949936715,
      0.0,
      0.0,
      0.0,
      158.0594940992179,
      511.60618532262947,
      411.592038878724,
      0.0,
      0.0,
      0.0,
      243.47119871073198,
      272.74051420167723,
      0.0,
      0.0,
      0.0,
      0.0,
      425.4365024917279,
      0.0,
      346.78602946967635,
      431.1956604193099,
      0.0,
      112.76739979686829,
      185.1668047498041,
      115.60328592814722,
      0.0,
      0.0,
      191.83031706612064,
      513.5218469997408,
      0.0,
      10.06690259885977
    ],
    "tw_late_s": [
      883.233857884293,
      1532.8850118008168,
      1006.8988522099779,
      955.8573478930919,
      1556.7205838673053,
      747.7298255436388,
      1217.7798114764041,
      956.9713507456531,
      1489.7562414395957,
      1090.080923542406,
      1264.634099499367,
      723.9730247658396,
      796.2314542934232,
      837.1641396667461,
      1358.0594940992178,
      1711.6061853226295,
      1611.592038878724,
      1038.7039348564513,
      657.4358619594351,
      643.4106535647395,
      1443.471198710732,
      1472.7405142016773,
      709.2527789664036,
      886.2576299282085,
      623.3747576510714,
      1168.9185846354821,
      1625.4365024917279,
      1124.4379147220698,
      1546.7860294696764,
      1631.19566041931,
      1034.566748743701,
      1312.7673997968682,
      1385.1668047498042,
      1315.6032859281472,
      1124.2516681870884,
      915.649818014901,
      1391.8303170661206,
      1713.5218469997408,
      791.7575047506468,
      1210.0669025988598
    ],
    "bs_xy": [
      [
        970.8817434126046,
        7.43390344158712
      ],
      [
        28.671932837602164,
        199.4158739437394
      ],
      [
        576.4936158700363,
        882.8549688041364
      ],
      [
        827.0850795525675,
        305.1604932562936
      ],
      [
        664.8992652910458,
        561.5022689624116
      ],
      [
        139.7780843794908,
        106.09194307823344
      ],
      [
        47.76415773155074,
        582.3666483541788
      ],
      [
        692.9378638953873,
        481.24315400728136
      ],
      [
        973.0260235278867,
        154.2989538210252
      ],
      [
        886.1473235143727,
        412.1122487711177
      ]
    ],
    "speed_mps": 10.0,
    "capacity_kg": 6.0,
    "altitude_m": 100.0
  }
}