{
  "spec": {
    "run_id": "seed4_N20_M3_D2_B7_K10_lo0.0_lt1.0_twA",
    "seed": 4,
    "n_clients": 20,
    "num_uavs": 3,
    "delta_min": 2,
    "bs_count": 7,
    "edge_samples": 10,
    "lambda_out": 0.0,
    "lambda_tw": 1.0,
    "tw_family": "A",
    "tw_mode": "soft"
  },
  "scenario": {
    "depot_xy": [
      500.0,
      500.0
    ],
    "client_xy": [
      [
        112.18618441069938,
        78.71067919512743
      ],
      [
        984.8395808952645,
        509.97794445312127
      ],
      [
        299.6663307232541,
        396.70019437536763
      ],
      [
        519.3012381233609,
        238.26377321660075
      ],
      [
        720.6243278304534,
        248.39369780452557
      ],
      [
        518.1337580465183,
        356.81257076071824
      ],
      [
        426.22519831310166,
        638.9556787558968
      ],
      [
        852.5619718307512,
        855.7770850152801
      ],
      [
        155.98485967449628,
        745.401135850004
      ],
      [
        911.4984661342817,
        271.6092223248291
      ],
      [
        994.1768907647015,
        570.3196410043338
      ],
      [
        942.8232513157326,
        171.53386778383296
      ],
      [
        558.6701870286445,
        380.31106267262203
      ],
      [
        197.3280975811593,
        198.39610341246362
      ],
      [
        278.77882082860174,
        11.1989176760251
      ],
      [
        676.3516316085739,
        354.3227223810662
      ],
      [
        936.3643578548248,
        809.5171679569231
      ],
      [
        566.2935091398177,
        583.4441837385833
      ],
      [
        835.2962917616106,
        63.171247066316496
      ],
      [
        981.1050935804323,
        999.8655918287325
      ]
    ],
    "delivery": [
      0.0,
      0.0,
      0.0,
      1.0504177246634652,
      1.9775322386565852,
      0.0,
      0.0,
      1.2963414382572673,
      1.1627476247609592,
      0.6252190071054335,
      1.0534962591760682,
      0.0,
      0.8207439805647534,
      0.0,
      0.6412204533694559,
      1.1984042724108985,
      0.0,
      1.8749964246126503,
      1.5495402401342873,
      0.9057260115354772
    ],
    "pickup": [
      1.5721769844750453,
      1.2846108141216825,
      1.5058254286831856,
      0.0,
      0.0,
      1.9682482861305357,
      1.4212085491372357,
      0.0,
      0.0,
      0.0,
      0.0,
      1.0484812961222842,
      0.0,
      0.7918304441582928,
      0.0,
      0.0,
      1.501128206713313,
      0.0,
      0.0,
      0.0
    ],
    "service_duration_s": [
      60.0,
      60.0,
      60.0,
      60.0,
      60.0,
      60.0,
      60.0,
      60.0,
      60.0,
      60.0,
      60.0,
      60.0,
      60.0,
      60.0,
      60.0,
      60.0,
      60.0,
      60.0,
      60.0,
      60.0
    ],
    "tw_early_s": [
      0.0,
      274.07464219984706,
      0.0,
      15.17202005893148,
      129.43721068732594,
      46.468300642547206,
      478.92858816154376,
      371.098203815844,
      536.0931064250268,
      208.66528839987478,
      286.77190876707107,
      186.5640377456246,
      107.46961038322121,
      0.0,
      1.1465111283877434,
      179.52129749728482,
      322.513526118968,
      425.8795758885783,
      111.29822476376151,
      389.74638907239455
    ],
    "tw_late_s": [
      177.26117771982715,
      514.0746421998471,
      142.53983781839867,
      255.17202005893148,
      369.43721068732594,
      286.4683006425472,
      718.9285881615438,
      611.098203815844,
      776.0931064250268,
      448.6652883998748,
      526.7719087670711,
      426.5640377456246,
      347.4696103832212,
      162.72881825543806,
      241.14651112838774,
      419.5212974972848,
      562.513526118968,
      665.8795758885783,
      351.2982247637615,
      629.7463890723945
    ],
    "bs_xy": [
      [
        581.8634231426215,
        632.2102271061781
      ],
      [
        980.3236754156441,
        645.895921824271
      ],
      [
        185.40198300621248,
        512.4353783000812
      ],
      [
        719.7757769969976,
        259.053033855731
      ],
      [
        991.4182344733078,
        902.709151026669
      ],
      [
        572.4600612657676,
        31.404164294868142
      ],
      [
        483.47582979233874,
        937.5967718481082
      ]
    ],
    "speed_mps": 10.0,
    "capacity_kg": 6.0,
    "altitude_m": 100.0
  }
}