{
  "spec": {
    "run_id": "seed7_N10_M3_D2_B10_K10_lo0.5_lt5.0_twA",
    "seed": 7,
    "n_clients": 10,
    "num_uavs": 3,
    "delta_min": 2,
    "bs_count": 10,
    "edge_samples": 10,
    "lambda_out": 0.5,
    "lambda_tw": 5.0,
    "tw_family": "A",
    "tw_mode": "soft"
  },
  "scenario": {
    "depot_xy": [
      500.0,
      500.0
    ],
    "client_xy": [
      [
        744.0036603940015,
        399.4305417316557
      ],
      [
        510.0383815744045,
        150.45324307236984
      ],
      [
        249.95456448143872,
        876.707070279969
      ],
      [
        267.0199266387958,
        988.6469216500516
      ],
      [
        630.4278188682728,
        933.5405646344599
      ],
      [
        849.8405999956417,
        858.6870640203551
      ],
      [
        444.23094299038877,
        88.11904546669425
      ],
      [
        306.3012424443994,
        719.1880983098297
      ],
      [
        705.3418593347009,
        594.3319708645114
      ],
      [
        257.4062280719739,
        135.44159111893916
      ]
    ],
    "delivery": [
      0.0,
      0.897346831729601,
      0.9679624172740148,
      1.2838667656777205,
      0.6205532974559457,
      0.0,
      1.7834759531929012,
      1.7915045685710123,
      0.0,
      0.0
    ],
    "pickup": [
      0.5956227272553805,
      0.0,
      0.0,
      0.0,
      0.0,
      1.0319262289036588,
      0.0,
      0.0,
      1.4031717306036413,
      1.4877315806650784
    ],
    "service_duration_s": [
      60.0,
      60.0,
      60.0,
      60.0,
      60.0,
      60.0,
      60.0,
      60.0,
      60.0,
      60.0
    ],
    "tw_early_s": [
      39.14927231781172,
      0.0,
      173.53796042116392,
      157.481228663048,
      153.75449078120693,
      53.52229777960471,
      0.0,
      252.61385482177155,
      38.52273503445565,
      0.0
    ],
    "tw_late_s": [
      279.1492723178117,
      154.96908697453466,
      413.5379604211639,
      397.481228663048,
      393.7544907812069,
      293.52229777960474,
      161.5639397106444,
      492.61385482177155,
      278.52273503445565,
      163.78979009588397
    ],
    "bs_xy": [
      [
        485.93851144469113,
        721.8300556506313
      ],
      [
        234.3350289154227,
        754.0825631201304
      ],
      [
        576.9398620555064,
        675.9159859554686
      ],
      [
        868.843061421869,
        517.2988687270584
      ],
      [
        922.9224230385761,
        238.84086562652783
      ],
      [
        595.3880762796197,
        898.3022586265892
      ],
      [
        811.2561992888002,
        172.73771013244576
      ],
      [
        895.2624825236041,
        165.25247239378237
      ],
      [
        605.2726727479437,
        967.7657235843495
      ],
      [
        977.969244704914,
        469.5047318945623
      ]
    ],
    "speed_mps": 10.0,
    "capacity_kg": 6.0,
    "altitude_m": 100.0
  }
}