{
  "spec": {
    "run_id": "seed3_N20_M3_D5_B10_K10_lo1.0_lt1.0_twA",
    "seed": 3,
    "n_clients": 20,
    "num_uavs": 3,
    "delta_min": 5,
    "bs_count": 10,
    "edge_samples": 10,
    "lambda_out": 1.0,
    "lambda_tw": 1.0,
    "tw_family": "A",
    "tw_mode": "soft"
  },
  "scenario": {
    "depot_xy": [
      500.0,
      500.0
    ],
    "client_xy": [
      [
        517.135280847663,
        336.5698408565332
      ],
      [
        823.8407464506563,
        607.8064888659836
      ],
      [
        331.9317827251216,
        594.5252406690125
      ],
      [
        379.07299213389814,
        549.5076559362892
      ],
      [
        648.4770989476942,
        22.962203385475167
      ],
      [
        531.6706975914054,
        471.32932835326613
      ],
      [
        267.94798028809754,
        385.5576070291619
      ],
      [
        770.8696514839354,
        462.3305479378117
      ],
      [
        349.4223118755586,
        896.2099379267676
      ],
      [
        518.4695265710777,
        406.51095469176545
      ],
      [
        892.9207656084873,
        892.8100157220288
      ],
      [
        35.41355813932623,
        711.0452337421293
      ],
      [
        962.750139735055,
        801.7072273457318
      ],
      [
        221.68463322529553,
        481.08255601411787
      ],
      [
        271.89529075233145,
        759.4131064275861
      ],
      [
        596.6660624173421,
        424.9905742392156
      ],
      [
        750.7873269523841,
        30.525474191135714
      ],
      [
        795.4271301639609,
        565.441549267431
      ],
      [
        730.2046958882047,
        256.90259143743555
      ],
      [
        961.0882353926811,
        764.425415029716
      ]
    ],
    "delivery": [
      1.071215267649904,
      0.6290743981001179,
      0.0,
      0.0,
      0.0,
      0.0,
      1.6290851732074727,
      0.8424725955662773,
      0.5235024253078544,
      0.0,
      0.8344301996591585,
      1.3756270818371414,
      0.0,
      1.3298999281592547,
      0.0,
      1.0551243194936613,
      0.0,
      0.0,
      1.8116631777341392,
      1.6362058961921675
    ],
    "pickup": [
      0.0,
      0.0,
      1.8139711461679293,
      1.4054779560960404,
      1.2774826836888673,
      1.2717613869518305,
      0.0,
      0.0,
      0.0,
      1.3225247829185223,
      0.0,
      0.0,
      1.9801812248873887,
      0.0,
      1.7875251203174525,
      0.0,
      0.6299655602479004,
      1.58388788396209,
      0.0,
      0.0
    ],
    "service_duration_s": [
      60.0,
      60.0,
      60.0,
      60.0,
      60.0,
      60.0,
      60.0,
      60.0,
      60.0,
      60.0,
      60.0,
      60.0,
      60.0,
      60.0,
      60.0,
      60.0,
      60.0,
      60.0,
      60.0,
      60.0
    ],
    "tw_early_s": [
      0.0,
      6.447037488333365,
      219.3086428643968,
      334.5082556721326,
      0.0,
      0.0,
      0.0,
      0.0,
      203.63343825266372,
      0.0,
      95.77263370856917,
      300.0871712712129,
      121.72494261205583,
      0.0,
      250.93976869918697,
      0.0,
      0.0,
      32.77352465546386,
      0.0,
      81.06328862304736
    ],
    "tw_late_s": [
      316.43260014951596,
      606.4470374883333,
      819.3086428643968,
      934.5082556721326,
      438.43590889575887,
      544.7691382403328,
      325.87377072659973,
      585.363930311234,
      803.6334382526637,
      418.4967672139227,
      695.7726337085692,
      900.0871712712129,
      721.7249426120559,
      327.89575470746354,
      850.939768699187,
      517.2871342466458,
      414.93668214305876,
      632.7735246554639,
      504.4225158591194,
      681.0632886230474
    ],
    "bs_xy": [
      [
        9.145061718476622,
        793.7623145620347
      ],
      [
        350.2707907365239,
        937.0819914763115
      ],
      [
        683.9749233763924,
        644.5422426715203
      ],
      [
        698.3404517468938,
        93.66250910128193
      ],
      [
        228.5997679922037,
        913.610360234598
      ],
      [
        337.2554585124097,
        917.9134337049694
      ],
      [
        40.77709990076528,
        807.592803307357
      ],
      [
        676.5765263623655,
        951.6281375778461
      ],
      [
        453.01716583431875,
        589.6479116237633
      ],
      [
        864.6046984016928,
        965.7000524246475
      ]
    ],
    "speed_mps": 10.0,
    "capacity_kg": 6.0,
    "altitude_m": 100.0
  }
}