{
  "spec": {
    "run_id": "seed3_N40_M3_D5_B4_K10_lo1.0_lt1.0_twA",
    "seed": 3,
    "n_clients": 40,
    "num_uavs": 3,
    "delta_min": 5,
    "bs_count": 4,
    "edge_samples": 10,
    "lambda_out": 1.0,
    "lambda_tw": 1.0,
    "tw_family": "A",
    "tw_mode": "soft"
  },
  "scenario": {
    "depot_xy": [
      500.0,
      500.0
    ],
    "client_xy": [
      [
        482.94484745381374,
        652.7669523904516
      ],
      [
        744.3388048492108,
        912.3128246604747
      ],
      [
        80.19260805864825,
        426.11769386406297
      ],
      [
        72.80726205300559,
        472.60190994521747
      ],
      [
        995.9478870836833,
        534.1849047505775
      ],
      [
        33.84547197547083,
        351.5916721043707
      ],
      [
        348.5727632284694,
        547.8772258841512
      ],
      [
        784.0771501325866,
        955.9181630535714
      ],
      [
        847.7201868135892,
        609.672258018951
      ],
      [
        549.3194085824153,
        229.12653084889777
      ],
      [
        878.5637738421983,
        742.2502279968123
      ],
      [
        594.2145747508919,
        697.4061599723716
      ],
      [
        693.6087671658639,
        918.8245499321415
      ],
      [
        497.61334664849034,
        208.78383675095046
      ],
      [
        223.17783009327007,
        861.6311037805812
      ],
      [
        445.6978255409896,
        33.507206901521755
      ],
      [
        981.9507170726337,
        547.16684737954
      ],
      [
        564.6235055416964,
        591.2250682952449
      ],
      [
        290.45824926826634,
        219.40603854090668
      ],
      [
        638.5976020916432,
        137.66417533020325
      ],
      [
        581.2541643167895,
        632.5219492188073
      ],
      [
        98.68234893713823,
        210.1994112512048
      ],
      [
        56.895456875334816,
        150.21711614402145
      ],
      [
        541.8413800004473,
        466.49756769018944
      ],
      [
        336.8826929055332,
        482.8212027764732
      ],
      [
        586.6823323109056,
        920.1245024730702
      ],
      [
        168.47230658976363,
        658.0332242581485
      ],
      [
        741.2264593368596,
        885.6120186465522
      ],
      [
        678.7920825635559,
        819.6940620851917
      ],
      [
        148.2991861464006,
        179.57291755552407
      ],
      [
        13.47537562446066,
        992.9694782531334
      ],
      [
        901.5794483509001,
        329.94891851856266
      ],
      [
        387.8039417888607,
        766.6603997044579
      ],
      [
        138.2650849953967,
        84.86071197438972
      ],
      [
        875.2155465350593,
        899.6736471672316
      ],
      [
        963.0903140878792,
        396.9477381200032
      ],
      [
        691.3513271946947,
        727.059132736627
      ],
      [
        423.7328659445923,
        560.8885824361357
      ],
      [
        102.59264720612104,
        903.7434743633695
      ],
      [
        459.1837835225353,
        805.885997055967
      ]
    ],
    "delivery": [
      1.4260750392439874,
      0.7219718412172724,
      0.9202571715878012,
      0.0,
      1.1869952902162133,
      0.0,
      0.0,
      1.295158393512988,
      0.7308932458152146,
      1.8115136362818287,
      0.0,
      1.5578030279680806,
      0.0,
      0.0,
      0.0,
      0.0,
      0.0,
      0.748548162523132,
      0.0,
      1.0241178736425678,
      0.712102238603938,
      0.0,
      0.0,
      0.6346193432241032,
      1.4502270003087347,
      0.0,
      0.0,
      0.0,
      1.454362845347091,
      0.0,
      0.0,
      0.9998200909732207,
      0.0,
      0.9241208989493119,
      1.8532373617340083,
      0.0,
      0.0,
      1.279741857306213,
      0.0,
      0.0
    ],
    "pickup": [
      0.0,
      0.0,
      0.0,
      0.7281840532248587,
      0.0,
      1.8831748160131758,
      1.4158593544675595,
      0.0,
      0.0,
      0.0,
      0.8060596558049749,
      0.0,
      0.5436891202589351,
      0.7054544653573795,
      1.3459169475623336,
      1.6067118226040897,
      1.7071320267513606,
      0.0,
      1.1181428752740328,
      0.0,
      0.0,
      1.3845379947222332,
      0.5675032362949469,
      0.0,
      0.0,
      1.7708144205152323,
      1.519495817853514,
      1.0921832074707438,
      0.0,
      0.5449603069024193,
      0.7880576360053593,
      0.0,
      0.625266120264464,
      0.0,
      0.0,
      1.7939191351394492,
      1.5517047370560002,
      0.0,
      1.3979926203577786,
      0.5120311779688236
    ],
    "service_duration_s": [
      60.0,
      60.0,
      60.0,
      60.0,
      60.0,
      60.0,
      60.0,
      60.0,
      60.0,
      60.0,
      60.0,
      60.0,
      60.0,
      60.0,
      60.0,
      60.0,
      60.0,
      60.0,
      60.0,
      60.0,
      60.0,
      60.0,
      60.0,
      60.0,
      60.0,
      60.0,
      60.0,
      60.0,
      60.0,
      60.0,
      60.0,
      60.0,
      60.0,
      60.0,
      60.0,
      60.0,
      60.0,
      60.0,
      60.0,
      60.0
    ],
    "tw_early_s": [
      557.6052647190094,
      413.3713110907529,
      0.0,
      0.0,
      175.82053988018822,
      0.0,
      876.6384417976672,
      421.21829104863536,
      256.9725457167982,
      0.5780498071630404,
      259.7099117386214,
      485.6162651501096,
      478.48593648208646,
      0.0,
      650.9374019208619,
      0.0,
      180.3794992651479,
      354.54769165116386,
      0.0,
      71.23701488943823,
      418.9996700712693,
      0.0,
      0.0,
      69.90819999496091,
      0.0,
      572.0624837076356,
      746.9234665927554,
      350.6831523596111,
      498.4351290677545,
      0.0,
      760.9251245119476,
      97.21850415384199,
      657.1829624162937,
      0.0,
      277.210660056826,
      172.77296149856755,
      336.5252689579472,
      747.08548438037,
      661.4845875830043,
      564.5071181773784
    ],
    "tw_late_s": [
      1157.6052647190095,
      1013.3713110907529,
      342.6259124815603,
      342.80704272585285,
      775.8205398801882,
      415.5198310700141,
      1476.6384417976672,
      1021.2182910486354,
      856.9725457167982,
      600.5780498071631,
      859.7099117386214,
      1085.6162651501095,
      1078.4859364820863,
      583.7600669738819,
      1250.937401920862,
      589.3146523649416,
      780.3794992651478,
      954.5476916511639,
      514.6736896003996,
      671.2370148894382,
      1018.9996700712693,
      412.6044333564765,
      430.31415656447587,
      669.9081999949609,
      316.4019410277557,
      1172.0624837076357,
      1346.9234665927554,
      950.6831523596111,
      1098.4351290677546,
      496.1814148921845,
      1360.9251245119476,
      697.218504153842,
      1257.1829624162938,
      485.7484747936683,
      877.210660056826,
      772.7729614985676,
      936.5252689579472,
      1347.08548438037,
      1261.4845875830042,
      1164.5071181773783
    ],
    "bs_xy": [
      [
        173.2056243360931,
        374.2293740156126
      ],
      [
        370.1463758960727,
        690.9091860008239
      ],
      [
        666.1666297891882,
        937.2662657673131
      ],
      [
        752.7645226956479,
        749.6731573970619
      ]
    ],
    "speed_mps": 10.0,
    "capacity_kg": 6.0,
    "altitude_m": 100.0
  }
}