{
  "spec": {
    "run_id": "seed9_N40_M3_D10_B10_K10_lo1.0_lt0.0_twA",
    "seed": 9,
    "n_clients": 40,
    "num_uavs": 3,
    "delta_min": 10,
    "bs_count": 10,
    "edge_samples": 10,
    "lambda_out": 1.0,
    "lambda_tw": 0.0,
    "tw_family": "A",
    "tw_mode": "soft"
  },
  "scenario": {
    "depot_xy": [
      500.0,
      500.0
    ],
    "client_xy": [
      [
        438.90311052974494,
        117.97374207754186
      ],
      [
        948.8333322897114,
        485.0895242299721
      ],
      [
        380.3349466058399,
        51.89687200255311
      ],
      [
        545.1092158040766,
        790.5767714002991
      ],
      [
        546.131108007689,
        799.5931966677895
      ],
      [
        149.54897134178114,
        387.0740787533566
      ],
      [
        481.40761804743846,
        566.8970313141187
      ],
      [
        698.565459864527,
        7.398594302734374
      ],
      [
        261.59310661244405,
        984.0002524898242
      ],
      [
        732.2799722379316,
        96.12530775500593
      ],
      [
        799.2414208565153,
        212.96534025575508
      ],
      [
        406.2762476810359,
        578.5368472277621
      ],
      [
        194.73577620101756,
        199.42213715043988
      ],
      [
        863.7024357700462,
        173.83994803398517
      ],
      [
        650.8021075932554,
        181.29949039475514
      ],
      [
        728.1015444557557,
        604.0561073874139
      ],
      [
        466.33445958759336,
        851.1847218887309
      ],
      [
        465.15237711012225,
        896.3921489951738
      ],
      [
        744.4741406177569,
        862.6626072006497
      ],
      [
        624.7687037099294,
        121.90023871225209
      ],
      [
        740.1767065895225,
        961.2465054517795
      ],
      [
        539.3806440877083,
        811.9350150503445
      ],
      [
        808.1198452025012,
        368.41403493509284
      ],
      [
        396.76578842397316,
        266.36587647512823
      ],
      [
        786.9496408053601,
        432.08838170095845
      ],
      [
        257.49024003348495,
        113.44786022981957
      ],
      [
        85.54161555964946,
        460.54223363280744
      ],
      [
        784.3655278542421,
        902.1240039649335
      ],
      [
        507.393927372902,
        954.5702022245487
      ],
      [
        568.0562821868219,
        663.3025809835639
      ],
      [
        501.59590858481937,
        716.2735482706285
      ],
      [
        645.4056882112008,
        969.6420440820566
      ],
      [
        642.31598549136,
        797.6989829354686
      ],
      [
        221.30818287001796,
        638.3854545098646
      ],
      [
        142.77319087700613,
        738.4784267920468
      ],
      [
        219.9894025081952,
        735.6044174388903
      ],
      [
        941.6353230958858,
        515.4158451228918
      ],
      [
        812.8493590681423,
        125.93649498309323
      ],
      [
        457.8363928955207,
        273.04350465562885
      ],
      [
        899.9908310357864,
        378.2973264346804
      ]
    ],
    "delivery": [
      0.0,
      0.0,
      0.0,
      0.0,
      1.238756861512895,
      0.0,
      0.0,
      1.6059217188675392,
      0.0,
      0.0,
      0.0,
      1.7192025591341806,
      0.0,
      0.0,
      1.2019862811513098,
      1.8182599720222847,
      0.0,
      0.0,
      0.0,
      1.7448149983056798,
      1.5810977395851897,
      0.0,
      0.0,
      0.0,
      0.7439629351487789,
      1.018448361278743,
      0.0,
      0.8530632962826064,
      1.3829856524605868,
      1.3316922468506942,
      0.0,
      0.686189715223344,
      0.0,
      0.8366426824672366,
      1.801278404668005,
      0.0,
      1.5697529942987611,
      1.1011400129574787,
      1.042510184348798,
      0.0
    ],
    "pickup": [
      1.6422331288721124,
      1.4507538835472524,
      1.0289886590437185,
      1.701784120834125,
      0.0,
      0.7536104261021281,
      0.5375157206845587,
      0.0,
      1.4206044194311973,
      1.0347320985432744,
      1.3429539216922122,
      0.0,
      1.0496887751902055,
      0.6108027783738178,
      0.0,
      0.0,
      0.8641182079684739,
      1.7135705285022056,
      1.2377400668181218,
      0.0,
      0.0,
      1.8950110225987777,
      0.6521996867123507,
      1.9337289604297991,
      0.0,
      0.0,
      1.1953540329206889,
      0.0,
      0.0,
      0.0,
      0.9253474982781609,
      0.0,
      1.5221302203096843,
      0.0,
      0.0,
      0.7828902879390529,
      0.0,
      0.0,
      0.0,
      1.5136295800308277
    ],
    "service_duration_s": [
      60.0,
      60.0,
      60.0,
      60.0,
      60.0,
      60.0,
      60.0,
      60.0,
      60.0,
      60.0,
      60.0,
      60.0,
      60.0,
      60.0,
      60.0,
      60.0,
      60.0,
      60.0,
      60.0,
      60.0,
      60.0,
      60.0,
      60.0,
      60.0,
      60.0,
      60.0,
      60.0,
      60.0,
      60.0,
      60.0,
      60.0,
      60.0,
      60.0,
      60.0,
      60.0,
      60.0,
      60.0,
      60.0,
      60.0,
      60.0
    ],
    "tw_early_s": [
      0.0,
      0.0,
      0.0,
      213.03587928227523,
      171.09870041089903,
      0.0,
      315.6196692444786,
      0.0,
      321.07877367853234,
      0.0,
      0.0,
      383.22243724543523,
      0.0,
      0.0,
      0.0,
      0.0,
      360.987368507632,
      238.91764635985191,
      10.673424984398821,
      0.0,
      19.156017770336916,
      167.6736065641777,
      0.0,
      0.0,
      0.0,
      0.0,
      0.0,
      65.65887109685025,
      289.86332363219196,
      97.29440934385377,
      240.5462121450338,
      88.670233972083,
      143.28914548567025,
      517.9213139097442,
      408.3549792924638,
      448.19852319172605,
      0.0,
      0.0,
      0.0,
      0.0
    ],
    "tw_late_s": [
      799.7566683315326,
      1160.829481631497,
      726.5495940310014,
      1413.0358792822753,
      1371.098700410899,
      636.819585437238,
      1515.6196692444787,
      921.832032738256,
      1521.0787736785323,
      883.0314072196176,
      957.0505055374139,
      1583.2224372454352,
      642.8407864034735,
      958.2994880533508,
      881.8725755832048,
      1123.4165731733742,
      1560.987368507632,
      1438.917646359852,
      1210.673424984399,
      811.975630482386,
      1219.1560177703368,
      1367.6736065641776,
      1082.5501339269308,
      724.3307876547879,
      1045.240765867578,
      740.368344742802,
      641.6332400564253,
      1265.6588710968504,
      1489.863323632192,
      1297.2944093438537,
      1440.5462121450337,
      1288.670233972083,
      1343.2891454856704,
      1717.9213139097442,
      1608.3549792924637,
      1648.198523191726,
      1110.7418778506274,
      998.2977679222338,
      825.9826670423101,
      1036.4115771258719
    ],
    "bs_xy": [
      [
        609.2877128445365,
        140.64559926581742
      ],
      [
        993.6333517037828,
        282.0844274976878
      ],
      [
        144.17830063680935,
        897.9633260785678
      ],
      [
        173.44087250634777,
        649.9131542788654
      ],
      [
        345.30634722349293,
        623.0276200833222
      ],
      [
        363.7826462110115,
        718.4587893190937
      ],
      [
        364.5917016665985,
        47.46032890121843
      ],
      [
        602.8961755657584,
        999.9913082422391
      ],
      [
        226.7011249817884,
        404.20464038080183
      ],
      [
        617.3658910627908,
        519.5616431163586
      ]
    ],
    "speed_mps": 10.0,
    "capacity_kg": 6.0,
    "altitude_m": 100.0
  }
}