{
  "spec": {
    "run_id": "seed4_N10_M3_D5_B4_K10_lo0.0_lt0.0_twA",
    "seed": 4,
    "n_clients": 10,
    "num_uavs": 3,
    "delta_min": 5,
    "bs_count": 4,
    "edge_samples": 10,
    "lambda_out": 0.0,
    "lambda_tw": 0.0,
    "tw_family": "A",
    "tw_mode": "soft"
  },
  "scenario": {
    "depot_xy": [
      500.0,
      500.0
    ],
    "client_xy": [
      [
        222.08310747963523,
        114.65850697198088
      ],
      [
        324.59382457027573,
        281.16349394537843
      ],
      [
        753.6944961225652,
        182.18757734855484
      ],
      [
        762.6617120845212,
        876.5264049388142
      ],
      [
        498.65580220867565,
        455.36638124173646
      ],
      [
        538.7166878018602,
        777.2743044659974
      ],
      [
        731.6968286221271,
        177.56885031309477
      ],
      [
        451.2935876426979,
        124.55202441762813
      ],
      [
        246.25081583101215,
        908.1333385695953
      ],
      [
        820.4484782405945,
        186.83642757872266
      ]
    ],
    "delivery": [
      1.5991410683661762,
      0.0,
      0.0,
      1.4355823043542406,
      1.2496816724705002,
      0.0,
      1.7539935456072029,
      0.0,
      0.0,
      0.0
    ],
    "pickup": [
      0.0,
      1.8361493637902973,
      1.2106838472740078,
      0.0,
      0.0,
      1.285198898414179,
      0.0,
      1.9152934998422817,
      1.4023492320634499,
      0.940613194392962
    ],
    "service_duration_s": [
      60.0,
      60.0,
      60.0,
      60.0,
      60.0,
      60.0,
      60.0,
      60.0,
      60.0,
      60.0
    ],
    "tw_early_s": [
      0.0,
      0.0,
      0.0,
      0.0,
      0.0,
      0.0,
      0.0,
      0.0,
      66.77746900244034,
      0.0
    ],
    "tw_late_s": [
      347.51061622387556,
      328.0458094483075,
      428.6438492516981,
      588.8231365730767,
      412.6718562284504,
      551.9165661889155,
      458.8588251581699,
      337.85941058358156,
      666.7774690024403,
      514.5835326876477
    ],
    "bs_xy": [
      [
        1.7110887503619665,
        373.22276618339214
      ],
      [
        253.60988347335456,
        153.31887341928774
      ],
      [
        79.7483553363455,
        816.6822392127929
      ],
      [
        301.76105806975715,
        93.88656955373398
      ]
    ],
    "speed_mps": 10.0,
    "capacity_kg": 6.0,
    "altitude_m": 100.0
  }
}