{
  "spec": {
    "run_id": "seed7_N10_M3_D2_B7_K10_lo0.0_lt0.0_twA",
    "seed": 7,
    "n_clients": 10,
    "num_uavs": 3,
    "delta_min": 2,
    "bs_count": 7,
    "edge_samples": 10,
    "lambda_out": 0.0,
    "lambda_tw": 0.0,
    "tw_family": "A",
    "tw_mode": "soft"
  },
  "scenario": {
    "depot_xy": [
      500.0,
      500.0
    ],
    "client_xy": [
      [
        796.78528189009,
        262.4886633381297
      ],
      [
        530.3347628672408,
        919.7059885155213
      ],
      [
        45.71368162723388,
        231.337702522875
      ],
      [
        48.46042708958376,
        319.3689408243692
      ],
      [
        733.721521918421,
        144.79628302765724
      ],
      [
        298.1302444285724,
        752.3339249773322
      ],
      [
        515.7488494101174,
        578.8282411122914
      ],
      [
        85.86217935724328,
        679.5676545312401
      ],
      [
        1.1567032278178013,
        694.6175433320522
      ],
      [
        313.3979651827413,
        462.3557483794667
      ]
    ],
    "delivery": [
      0.0,
      0.0,
      0.0,
      0.0,
      0.0,
      0.0,
      0.0,
      1.6265798300435708,
      0.0,
      1.4292786056973914
    ],
    "pickup": [
      0.9616264088684535,
      1.5978425760449337,
      0.6306997608629168,
      0.7019243812681817,
      1.61228151138192,
      1.1955870690704045,
      1.4706965853790468,
      0.0,
      0.8130734663042569,
      0.0
    ],
    "service_duration_s": [
      60.0,
      60.0,
      60.0,
      60.0,
      60.0,
      60.0,
      60.0,
      60.0,
      60.0,
      60.0
    ],
    "tw_early_s": [
      63.6812140253557,
      151.83152249039597,
      0.0,
      0.0,
      11.715904448928484,
      193.58151636634182,
      51.23199032825127,
      155.38524371972204,
      269.3375419108755,
      0.0
    ],
    "tw_late_s": [
      303.6812140253557,
      391.83152249039597,
      172.77835627853233,
      168.6328659902983,
      251.71590444892848,
      433.5815163663418,
      291.2319903282513,
      395.38524371972204,
      509.3375419108755,
      139.03612593938468
    ],
    "bs_xy": [
      [
        719.8069955643566,
        556.5597922242572
      ],
      [
        184.13817216112227,
        972.3400756644346
      ],
      [
        1.1348049012285255,
        779.960672535828
      ],
      [
        233.4594245275876,
        437.73912682150626
      ],
      [
        831.5403671970683,
        669.9627645722652
      ],
      [
        244.7133247949984,
        725.8359888314978
      ],
      [
        613.9825162028571,
        99.47657254490727
      ]
    ],
    "speed_mps": 10.0,
    "capacity_kg": 6.0,
    "altitude_m": 100.0
  }
}