{
  "spec": {
    "run_id": "seed9_N20_M3_D2_B7_K10_lo1.0_lt0.0_twA",
    "seed": 9,
    "n_clients": 20,
    "num_uavs": 3,
    "delta_min": 2,
    "bs_count": 7,
    "edge_samples": 10,
    "lambda_out": 1.0,
    "lambda_tw": 0.0,
    "tw_family": "A",
    "tw_mode": "soft"
  },
  "scenario": {
    "depot_xy": [
      500.0,
      500.0
    ],
    "client_xy": [
      [
        121.84697494623164,
        42.30498167432983
      ],
      [
        596.5358030858496,
        996.5493662063559
      ],
      [
        710.8549771214412,
        234.6283360514414
      ],
      [
        344.2349607097006,
        69.74534994827874
      ],
      [
        89.44221775740158,
        116.87182564980392
      ],
      [
        69.99485353346336,
        405.77277183772077
      ],
      [
        432.67858418630914,
        875.0633276723961
      ],
      [
        386.9019768459435,
        887.3188565541966
      ],
      [
        998.8240464236053,
        521.29770226832
      ],
      [
        789.6396815636444,
        146.00826930083278
      ],
      [
        716.8124752462651,
        477.05611028062225
      ],
      [
        193.9351198729171,
        949.0469935730496
      ],
      [
        876.9976337366803,
        655.0654254012265
      ],
      [
        482.05595079912155,
        794.0908824700384
      ],
      [
        432.4120825422961,
        207.5449083515829
      ],
      [
        394.85820341254384,
        621.3214335536999
      ],
      [
        613.3817696483441,
        488.764598142487
      ],
      [
        465.55761578262525,
        372.02986984542576
      ],
      [
        606.5754561482833,
        662.558007909323
      ],
      [
        885.7506967963291,
        596.1348350639599
      ]
    ],
    "delivery": [
      0.0,
      0.0,
      1.4017622716939078,
      0.0,
      0.0,
      1.7362948293741538,
      0.0,
      1.3414983069799766,
      1.7471902365178051,
      1.8061764213477505,
      0.0,
      0.0,
      0.0,
      0.0,
      0.0,
      1.8624539144817125,
      0.0,
      0.0,
      1.1389713242437887,
      0.0
    ],
    "pickup": [
      1.7890198149040215,
      1.6677799410999465,
      0.0,
      0.9036436757087988,
      1.3069851176128586,
      0.0,
      0.9706791890817374,
      0.0,
      0.0,
      0.0,
      0.6195680890048456,
      1.3680537876546233,
      1.7864877785715103,
      0.7875888940061149,
      0.8085985092186876,
      0.0,
      0.856952122802038,
      0.6020287520461284,
      0.0,
      1.0228601684307514
    ],
    "service_duration_s": [
      60.0,
      60.0,
      60.0,
      60.0,
      60.0,
      60.0,
      60.0,
      60.0,
      60.0,
      60.0,
      60.0,
      60.0,
      60.0,
      60.0,
      60.0,
      60.0,
      60.0,
      60.0,
      60.0,
      60.0
    ],
    "tw_early_s": [
      0.0,
      323.79364710495787,
      127.59293742419527,
      27.39385341223789,
      0.0,
      0.0,
      433.2316421988138,
      407.43209996102564,
      244.08189275248242,
      141.11676072674283,
      133.73082938286342,
      500.56486760111,
      305.9805104943896,
      407.8501905307528,
      34.54921745387216,
      518.8861408360541,
      214.8117298082637,
      41.60537638328654,
      345.7728306794189,
      214.39961391329103
    ],
    "tw_late_s": [
      179.37040004559947,
      563.7936471049579,
      367.59293742419527,
      267.3938534122379,
      176.15557768742792,
      164.02081286333248,
      673.2316421988138,
      647.4320999610256,
      484.0818927524824,
      381.1167607267428,
      373.7308293828634,
      740.56486760111,
      545.9805104943896,
      647.8501905307528,
      274.5492174538722,
      758.8861408360541,
      454.8117298082637,
      281.6053763832865,
      585.7728306794189,
      454.39961391329103
    ],
    "bs_xy": [
      [
        775.4853528457612,
        675.648181824942
      ],
      [
        501.82511297135125,
        654.2529084395976
      ],
      [
        290.92596162058004,
        608.8947721538531
      ],
      [
        201.8926526209628,
        651.5992156976492
      ],
      [
        112.3965302935439,
        872.4397662140024
      ],
      [
        481.69140790529394,
        792.505293992555
      ],
      [
        574.9866651016793,
        428.3218108650725
      ]
    ],
    "speed_mps": 10.0,
    "capacity_kg": 6.0,
    "altitude_m": 100.0
  }
}