{
  "spec": {
    "run_id": "seed2_N40_M3_D10_B10_K10_lo1.0_lt5.0_twA",
    "seed": 2,
    "n_clients": 40,
    "num_uavs": 3,
    "delta_min": 10,
    "bs_count": 10,
    "edge_samples": 10,
    "lambda_out": 1.0,
    "lambda_tw": 5.0,
    "tw_family": "A",
    "tw_mode": "soft"
  },
  "scenario": {
    "depot_xy": [
      500.0,
      500.0
    ],
    "client_xy": [
      [
        785.4368520922425,
        0.5581275168808908
      ],
      [
        423.4132345734554,
        210.9396850100045
      ],
      [
        463.896097935678,
        852.6343884011709
      ],
      [
        353.62654534687374,
        6.064254154314996
      ],
      [
        941.7382802355286,
        403.04142490227724
      ],
      [
        496.46285437374894,
        8.44096395280214
      ],
      [
        436.5361894557432,
        392.9336177646855
      ],
      [
        581.815432287733,
        604.1028792373227
      ],
      [
        734.0479031389549,
        336.67782751729357
      ],
      [
        926.4342834680838,
        119.77051756768375
      ],
      [
        801.9059806932423,
        947.8437047246289
      ],
      [
        339.9439960982068,
        757.4069020167906
      ],
      [
        617.798366525602,
        631.3170647641412
      ],
      [
        579.406946114929,
        609.8061134256548
      ],
      [
        752.0705855646911,
        10.775137033487091
      ],
      [
        789.3780581144264,
        812.331815694109
      ],
      [
        160.59010589625012,
        106.17081905955939
      ],
      [
        658.8646816745413,
        956.5669111618007
      ],
      [
        957.0514999316892,
        600.7399565533684
      ],
      [
        747.5564879747368,
        104.28108580541328
      ],
      [
        548.5880991276886,
        460.6026191935424
      ],
      [
        344.83106701353637,
        997.6111306353993
      ],
      [
        404.9639977273626,
        861.3533925757713
      ],
      [
        654.3271098390724,
        691.7379504790009
      ],
      [
        580.8443401003283,
        344.7461148955926
      ],
      [
        327.25873736928355,
        551.777556934292
      ],
      [
        765.6022093225075,
        595.6958025429478
      ],
      [
        806.7015113920412,
        829.8944764547022
      ],
      [
        40.46093231923664,
        495.3531522051885
      ],
      [
        84.93898866701954,
        599.3908094071803
      ],
      [
        328.8105179211537,
        956.012756923885
      ],
      [
        637.1272054044484,
        275.53566702164113
      ],
      [
        725.6447828301207,
        959.3747137502978
      ],
      [
        627.5710263204071,
        662.214031261314
      ],
      [
        104.95333742140778,
        451.2104177921555
      ],
      [
        905.7485716454327,
        331.4482029128788
      ],
      [
        555.2243307332793,
        861.1158007981345
      ],
      [
        307.53837545342435,
        148.9193026896627
      ],
      [
        585.7903598433397,
        166.50301065411023
      ],
      [
        123.48030977031321,
        250.24176074663384
      ]
    ],
    "delivery": [
      0.0,
      0.0,
      0.0,
      0.0,
      1.5515316710182876,
      1.7236339448091786,
      0.0,
      0.0,
      1.2750284292168568,
      1.182867532543376,
      0.0,
      0.8300506504901684,
      0.0,
      0.0,
      1.5727320002667267,
      0.0,
      0.0,
      0.6068954823880359,
      0.0,
      0.0,
      0.0,
      0.0,
      0.0,
      0.0,
      0.0,
      0.0,
      0.0,
      0.6627345207867396,
      0.8706212714235202,
      1.371237148333209,
      0.0,
      0.9030247798434503,
      0.0,
      0.0,
      0.0,
      0.0,
      0.5934680724023058,
      0.0,
      0.5754032416768622,
      0.0
    ],
    "pickup": [
      1.587853144651544,
      0.6315270707075321,
      1.5870036644043397,
      0.502769281890523,
      0.0,
      0.0,
      0.9606491044767926,
      0.5347033178124512,
      0.0,
      0.0,
      0.679780572639002,
      0.0,
      1.3100287384765361,
      1.4469955877470173,
      0.0,
      0.8042507678377129,
      1.3435697980630668,
      0.0,
      0.9080393651835196,
      1.6304215215498128,
      1.2720005502433627,
      0.8635754119014403,
      0.9644275909075299,
      0.960240725746245,
      1.9028796882647079,
      1.1199389506156243,
      1.8760486863524128,
      0.0,
      0.0,
      0.0,
      1.9068030064000945,
      0.0,
      1.2868258815867344,
      0.6520512351964893,
      1.9860558382331366,
      0.8752069081958463,
      0.0,
      1.6185315061787362,
      0.0,
      1.2412266139012107
    ],
    "service_duration_s": [
      60.0,
      60.0,
      60.0,
      60.0,
      60.0,
      60.0,
      60.0,
      60.0,
      60.0,
      60.0,
      60.0,
      60.0,
      60.0,
      60.0,
      60.0,
      60.0,
      60.0,
      60.0,
      60.0,
      60.0,
      60.0,
      60.0,
      60.0,
      60.0,
      60.0,
      60.0,
      60.0,
      60.0,
      60.0,
      60.0,
      60.0,
      60.0,
      60.0,
      60.0,
      60.0,
      60.0,
      60.0,
      60.0,
      60.0,
      60.0
    ],
    "tw_early_s": [
      0.0,
      0.0,
      378.5674532866393,
      0.0,
      0.0,
      0.0,
      0.0,
      191.97164408910464,
      0.0,
      0.0,
      234.0429960121354,
      490.70545395410136,
      127.46012167393826,
      235.75333146001617,
      0.0,
      58.508136168102624,
      0.0,
      331.3281234603736,
      0.0,
      0.0,
      0.0,
      405.2704703409984,
      418.44475515208217,
      164.6511439028775,
      0.0,
      509.88844454514924,
      52.25655292585702,
      84.08291988661881,
      0.0,
      558.7811060513745,
      455.57780337306554,
      0.0,
      290.2998267326451,
      140.58003339987727,
      0.0,
      0.0,
      320.1913354902845,
      0.0,
      0.0,
      0.0
    ],
    "tw_late_s": [
      1002.6127996898622,
      811.7179619340582,
      1578.5674532866392,
      828.431306293077,
      1179.3125662405612,
      809.7357875378163,
      733.4713174468222,
      1391.9716440891048,
      1076.9479209223027,
      1081.076783440995,
      1434.0429960121355,
      1690.7054539541014,
      1327.4601216739384,
      1435.7533314600162,
      910.1993211391616,
      1258.5081361681027,
      746.6863318638204,
      1531.3281234603737,
      1171.5108218673276,
      993.6690190103645,
      1079.5784051202652,
      1605.2704703409984,
      1618.444755152082,
      1364.6511439028775,
      904.4087438127115,
      1709.8884445451492,
      1252.256552925857,
      1284.0829198866188,
      645.9562561485739,
      1758.7811060513745,
      1655.5778033730655,
      999.0628134577066,
      1490.2998267326452,
      1340.5800333998773,
      639.8048098785184,
      1162.3453849809903,
      1520.1913354902845,
      726.1929282404446,
      916.6519780336203,
      645.1825469850473
    ],
    "bs_xy": [
      [
        220.93083580395356,
        646.2504633379684
      ],
      [
        58.41068663702909,
        622.0452178236508
      ],
      [
        789.0656673036381,
        887.5801816946647
      ],
      [
        617.1892890193809,
        18.04651628238063
      ],
      [
        116.25410528992009,
        138.71875594913362
      ],
      [
        594.4144436035373,
        485.53528253200795
      ],
      [
        351.97857721644743,
        600.9200197036022
      ],
      [
        807.8725908581954,
        778.4375395466783
      ],
      [
        318.7570284365801,
        540.0443351599945
      ],
      [
        135.1977660989997,
        474.4791193208132
      ]
    ],
    "speed_mps": 10.0,
    "capacity_kg": 6.0,
    "altitude_m": 100.0
  }
}