{
  "spec": {
    "run_id": "seed10_N10_M3_D2_B7_K10_lo0.5_lt1.0_twA",
    "seed": 10,
    "n_clients": 10,
    "num_uavs": 3,
    "delta_min": 2,
    "bs_count": 7,
    "edge_samples": 10,
    "lambda_out": 0.5,
    "lambda_tw": 1.0,
    "tw_family": "A",
    "tw_mode": "soft"
  },
  "scenario": {
    "depot_xy": [
      500.0,
      500.0
    ],
    "client_xy": [
      [
        147.33361161001702,
        248.8500808453128
      ],
      [
        558.1629800097398,
        211.94726749865623
      ],
      [
        850.1234274187958,
        161.8870278327571
      ],
      [
        342.32154822262373,
        336.2511342920664
      ],
      [
        549.3518256003516,
        43.05510266080703
      ],
      [
        68.95224437148417,
        633.4760290206752
      ],
      [
        628.293386074325,
        684.955705277383
      ],
      [
        172.89411002607312,
        310.05553767726104
      ],
      [
        957.881291409685,
        779.3655628362401
      ],
      [
        821.3398331097537,
        431.7526200232379
      ]
    ],
    "delivery": [
      0.0,
      1.0932419828644266,
      1.2935631102941754,
      0.0,
      0.0,
      0.0,
      0.0,
      0.0,
      0.0,
      0.0
    ],
    "pickup": [
      0.5245495014783605,
      0.0,
      0.0,
      1.6595425256624647,
      0.9925844260818999,
      1.6728222324841422,
      1.621465641228663,
      0.7862954807901286,
      0.8033820568290692,
      1.1182231345193856
    ],
    "service_duration_s": [
      60.0,
      60.0,
      60.0,
      60.0,
      60.0,
      60.0,
      60.0,
      60.0,
      60.0,
      60.0
    ],
    "tw_early_s": [
      0.0,
      24.54382444022596,
      16.422767182420586,
      0.0,
      23.97850972857981,
      269.3153870782438,
      133.23908601482646,
      0.0,
      153.9511907893559,
      131.41933984701808
    ],
    "tw_late_s": [
      163.29548052527426,
      264.543824440226,
      256.42276718242056,
      142.7323965246837,
      263.9785097285798,
      509.3153870782438,
      373.23908601482646,
      157.82554190262306,
      393.9511907893559,
      371.4193398470181
    ],
    "bs_xy": [
      [
        610.186594573874,
        14.089731138279603
      ],
      [
        527.1195701647272,
        197.3989335041002
      ],
      [
        787.1279447055103,
        400.0485390561912
      ],
      [
        608.7574294769655,
        548.9893203243856
      ],
      [
        360.5590640147125,
        301.2866982480513
      ],
      [
        913.6160610420152,
        254.51523151203816
      ],
      [
        585.9966366764529,
        215.15937546505836
      ]
    ],
    "speed_mps": 10.0,
    "capacity_kg": 6.0,
    "altitude_m": 100.0
  }
}