{
  "spec": {
    "run_id": "seed7_N10_M3_D10_B10_K10_lo0.0_lt5.0_twA",
    "seed": 7,
    "n_clients": 10,
    "num_uavs": 3,
    "delta_min": 10,
    "bs_count": 10,
    "edge_samples": 10,
    "lambda_out": 0.0,
    "lambda_tw": 5.0,
    "tw_family": "A",
    "tw_mode": "soft"
  },
  "scenario": {
    "depot_xy": [
      500.0,
      500.0
    ],
    "client_xy": [
      [
        140.6889053056074,
        998.1987308721364
      ],
      [
        683.9450549732461,
        502.6565414857602
      ],
      [
        580.4258738412558,
        528.6534349743605
      ],
      [
        534.6452146946465,
        112.47435169437436
      ],
      [
        202.76737573817283,
        399.2374631295572
      ],
      [
        158.15378031512583,
        465.55028238432817
      ],
      [
        233.24313531092966,
        849.6707637991921
      ],
      [
        107.92020165042781,
        845.6324295247437
      ],
      [
        973.5832649864143,
        921.6737345077363
      ],
      [
        534.0398179561669,
        119.07660774920403
      ]
    ],
    "delivery": [
      0.9774236639106098,
      0.0,
      0.0,
      0.0,
      0.0,
      0.0,
      1.5653871434872233,
      0.0,
      0.0,
      1.5668018236063457
    ],
    "pickup": [
      0.0,
      1.3829316631111181,
      1.8988077689258742,
      1.9027439557473316,
      0.7317001261446036,
      1.4998970368539222,
      0.0,
      1.4691021590870799,
      1.1665047610441148,
      0.0
    ],
    "service_duration_s": [
      60.0,
      60.0,
      60.0,
      60.0,
      60.0,
      60.0,
      60.0,
      60.0,
      60.0,
      60.0
    ],
    "tw_early_s": [
      0.0,
      0.0,
      0.0,
      0.0,
      0.0,
      0.0,
      0.0,
      0.0,
      0.0,
      0.0
    ],
    "tw_late_s": [
      874.1329490149948,
      740.6013703828485,
      739.4636441874055,
      745.9725344079377,
      631.3847609138799,
      634.3577678199034,
      846.7487347910246,
      1044.9303263408433,
      898.030681963679,
      638.244128957311
    ],
    "bs_xy": [
      [
        171.60919567914524,
        945.9605666776246
      ],
      [
        946.3855502676895,
        326.7176175605563
      ],
      [
        174.8377315039109,
        283.69913024477034
      ],
      [
        490.0142179427741,
        136.448883205334
      ],
      [
        36.37752653988757,
        138.7488094051127
      ],
      [
        119.68885680232466,
        66.60568917518772
      ],
      [
        595.7253480691677,
        595.9264609631609
      ],
      [
        59.62552249328623,
        28.68467202599023
      ],
      [
        365.9772026445897,
        475.7784629862027
      ],
      [
        185.2213086936574,
        460.6616181743544
      ]
    ],
    "speed_mps": 10.0,
    "capacity_kg": 6.0,
    "altitude_m": 100.0
  }
}