{
  "spec": {
    "run_id": "seed5_N20_M3_D2_B7_K10_lo0.0_lt5.0_twA",
    "seed": 5,
    "n_clients": 20,
    "num_uavs": 3,
    "delta_min": 2,
    "bs_count": 7,
    "edge_samples": 10,
    "lambda_out": 0.0,
    "lambda_tw": 5.0,
    "tw_family": "A",
    "tw_mode": "soft"
  },
  "scenario": {
    "depot_xy": [
      500.0,
      500.0
    ],
    "client_xy": [
      [
        349.8307822929565,
        960.2236780110579
      ],
      [
        159.4801406039681,
        962.9733918056274
      ],
      [
        278.84202075875777,
        737.2921657295701
      ],
      [
        483.5926302183381,
        581.1858036305085
      ],
      [
        842.0971430281453,
        268.4582655969631
      ],
      [
        445.9891352774261,
        725.7094672768006
      ],
      [
        67.46005747005157,
        629.2170260292957
      ],
      [
        99.9584663238573,
        741.3600494366325
      ],
      [
        230.9332020952868,
        372.62721034636013
      ],
      [
        812.7197355279806,
        632.9471101300452
      ],
      [
        333.4756276226106,
        723.7937293919507
      ],
      [
        272.7401192810941,
        495.1046457137176
      ],
      [
        359.2222675642808,
        831.6286099447144
      ],
      [
        754.364825250574,
        421.6344593875254
      ],
      [
        397.50749777515125,
        650.7074970881789
      ],
      [
        417.3508748158776,
        890.5648022773277
      ],
      [
        299.0832126737054,
        782.6801904195195
      ],
      [
        860.1140591594974,
        917.349852683389
      ],
      [
        824.736131379885,
        917.8718036642692
      ],
      [
        474.492402326369,
        42.13212067277483
      ]
    ],
    "delivery": [
      0.0,
      1.6109121608064627,
      1.0977445207395096,
      1.9990868037399019,
      1.2321679685355398,
      1.067564980446205,
      0.0,
      0.7601904853502925,
      0.0,
      1.9838269022890729,
      0.6658404409712205,
      0.9151476546907029,
      1.1833806063917844,
      1.2598190427143205,
      0.0,
      0.512020918633705,
      1.5624324587863059,
      0.0,
      0.9880019144112746,
      0.0
    ],
    "pickup": [
      1.953189616757777,
      0.0,
      0.0,
      0.0,
      0.0,
      0.0,
      0.6178318942931535,
      0.0,
      1.3954941018661349,
      0.0,
      0.0,
      0.0,
      0.0,
      0.0,
      1.168638054890014,
      0.0,
      0.0,
      1.2786405952056645,
      0.0,
      1.820571253738778
    ],
    "service_duration_s": [
      60.0,
      60.0,
      60.0,
      60.0,
      60.0,
      60.0,
      60.0,
      60.0,
      60.0,
      60.0,
      60.0,
      60.0,
      60.0,
      60.0,
      60.0,
      60.0,
      60.0,
      60.0,
      60.0,
      60.0
    ],
    "tw_early_s": [
      247.44770018839586,
      405.46733494706666,
      390.8827615064529,
      147.2529316015091,
      24.01225227827149,
      234.9321945229877,
      461.81252662334464,
      488.4140783380285,
      0.0,
      53.93568617214572,
      373.57973781626106,
      0.0,
      321.5616098995555,
      22.34132214466902,
      303.8629082162358,
      253.28368156713003,
      325.91307476039617,
      148.92641876436488,
      132.46153987974884,
      0.0
    ],
    "tw_late_s": [
      487.44770018839586,
      645.4673349470667,
      630.8827615064529,
      387.2529316015091,
      264.0122522782715,
      474.9321945229877,
      701.8125266233446,
      728.4140783380285,
      149.76924071568607,
      293.9356861721457,
      613.5797378162611,
      142.7312599470332,
      561.5616098995555,
      262.341322144669,
      543.8629082162358,
      493.28368156713003,
      565.9130747603962,
      388.9264187643649,
      372.46153987974884,
      165.85778368594478
    ],
    "bs_xy": [
      [
        580.8786687166784,
        526.4900645050619
      ],
      [
        884.1570214891162,
        234.3606451634803
      ],
      [
        504.5101579025302,
        332.1142447451817
      ],
      [
        861.4670450622721,
        156.67429943433464
      ],
      [
        898.7053232346628,
        576.5872832981437
      ],
      [
        340.37340358193444,
        111.7800550926965
      ],
      [
        918.1763511764667,
        645.1100109514559
      ]
    ],
    "speed_mps": 10.0,
    "capacity_kg": 6.0,
    "altitude_m": 100.0
  }
}