{
  "spec": {
    "run_id": "seed9_N40_M3_D2_B4_K10_lo0.5_lt1.0_twA",
    "seed": 9,
    "n_clients": 40,
    "num_uavs": 3,
    "delta_min": 2,
    "bs_count": 4,
    "edge_samples": 10,
    "lambda_out": 0.5,
    "lambda_tw": 1.0,
    "tw_family": "A",
    "tw_mode": "soft"
  },
  "scenario": {
    "depot_xy": [
      500.0,
      500.0
    ],
    "client_xy": [
      [
        288.7332766365596,
        376.0153963208215
      ],
      [
        748.9594503784914,
        57.175645058623935
      ],
      [
        679.853251455115,
        332.09615302747807
      ],
      [
        264.593523428329,
        50.805917693864224
      ],
      [
        451.4683506843853,
        14.010338690441548
      ],
      [
        657.0280304051655,
        624.9937975879211
      ],
      [
        242.4335157421803,
        358.213174686887
      ],
      [
        70.62098772493309,
        500.11613481128893
      ],
      [
        408.8089867733865,
        918.4002673639408
      ],
      [
        262.3206846279964,
        669.9881934744552
      ],
      [
        275.8989660478074,
        215.33124356381984
      ],
      [
        736.4148825020798,
        482.87556129521204
      ],
      [
        865.0921405664913,
        382.16101573461145
      ],
      [
        916.234624361883,
        244.2668652998131
      ],
      [
        965.4297444768418,
        230.2678378643438
      ],
      [
        434.3672793398351,
        746.5199358945983
      ],
      [
        786.7212574699732,
        166.20406895431472
      ],
      [
        932.6097674762105,
        106.81844583714994
      ],
      [
        202.24460788037246,
        535.9045582723024
      ],
      [
        397.50084201045445,
        841.2765300541695
      ],
      [
        922.8980187569778,
        560.9436441136417
      ],
      [
        941.72906864378,
        637.815958264082
      ],
      [
        309.39442648605984,
        968.5234601270508
      ],
      [
        391.2618716360641,
        33.07102736230561
      ],
      [
        584.4236456314379,
        664.515142290552
      ],
      [
        559.1129484965106,
        268.9958557531943
      ],
      [
        698.5918881839269,
        207.7937217069189
      ],
      [
        369.38091224912205,
        16.007840507497484
      ],
      [
        909.9123223379407,
        336.08825405813604
      ],
      [
        49.52710385862724,
        838.2894971545154
      ],
      [
        470.1594516692682,
        724.0947611477683
      ],
      [
        17.178574703046735,
        688.3416244121463
      ],
      [
        271.35121274359955,
        695.9902415917539
      ],
      [
        623.6974119293284,
        343.66846392347827
      ],
      [
        602.1256181074033,
        777.6197267704251
      ],
      [
        474.40705370676875,
        348.36031891083076
      ],
      [
        615.3060450860456,
        791.4727339426554
      ],
      [
        680.5296964381403,
        157.958397108919
      ],
      [
        780.0918538395684,
        945.8053626788566
      ],
      [
        792.1808904709643,
        169.0768977212983
      ]
    ],
    "delivery": [
      0.5041772003601652,
      1.570910167420862,
      1.6736304206289576,
      0.0,
      0.9589125370808105,
      1.2603986129335738,
      0.0,
      0.0,
      0.0,
      0.0,
      0.0,
      1.958490181428334,
      1.7176755894505555,
      0.0,
      0.0,
      0.9865070376244849,
      0.5853812101265239,
      0.0,
      0.7022755492899913,
      1.9524423439798682,
      0.0,
      0.0,
      0.0,
      0.0,
      0.0,
      1.9058690976746973,
      1.104777323833042,
      0.0,
      0.0,
      0.0,
      0.0,
      0.0,
      1.0119963920458392,
      0.0,
      0.0,
      0.0,
      1.4801539850567405,
      0.0,
      0.0,
      0.0
    ],
    "pickup": [
      0.0,
      0.0,
      0.0,
      1.1944834313860295,
      0.0,
      0.0,
      0.5349818021597854,
      1.4029261662880357,
      0.6166666980539941,
      0.7028190141100145,
      1.5238732703470999,
      0.0,
      0.0,
      0.8867339869570818,
      1.2501229480688323,
      0.0,
      0.0,
      1.2186207752408986,
      0.0,
      0.0,
      0.8217550844218042,
      0.8448345720861916,
      1.2425855091421238,
      1.9143675977727632,
      1.7239700002371507,
      0.0,
      0.0,
      1.9893968602562158,
      0.7498633873168621,
      1.6463374676839106,
      0.6067158461131769,
      0.5297846500383206,
      0.0,
      1.024678381736023,
      1.2272241216626152,
      1.5128910331686267,
      0.0,
      1.36950997615928,
      0.9097520231262064,
      1.5269412731814334
    ],
    "service_duration_s": [
      60.0,
      60.0,
      60.0,
      60.0,
      60.0,
      60.0,
      60.0,
      60.0,
      60.0,
      60.0,
      60.0,
      60.0,
      60.0,
      60.0,
      60.0,
      60.0,
      60.0,
      60.0,
      60.0,
      60.0,
      60.0,
      60.0,
      60.0,
      60.0,
      60.0,
      60.0,
      60.0,
      60.0,
      60.0,
      60.0,
      60.0,
      60.0,
      60.0,
      60.0,
      60.0,
      60.0,
      60.0,
      60.0,
      60.0,
      60.0
    ],
    "tw_early_s": [
      0.0,
      159.66091414993826,
      329.84597959649057,
      0.22185452634442981,
      69.6002757550093,
      590.5402510156013,
      0.0,
      998.9111867120787,
      751.9417261333335,
      913.2976570632411,
      0.0,
      514.2614717699676,
      381.3269992235629,
      306.61973898485877,
      420.16477560417377,
      735.1107675814617,
      231.199177143991,
      306.9504023613682,
      899.1958224811356,
      710.5210264714326,
      472.51246513019566,
      468.01644814722385,
      823.0752741975808,
      0.0,
      563.8466046835423,
      86.75388443817766,
      161.985455541693,
      1.3891019276127423,
      389.98946027993173,
      805.3196823088209,
      636.733046009601,
      897.6063140479092,
      812.1775446570689,
      264.1123972151869,
      658.0490979039142,
      96.6306912519924,
      667.7029898147476,
      184.6912392994604,
      573.5626957209474,
      232.11358163125993
    ],
    "tw_late_s": [
      144.49608343188916,
      399.66091414993826,
      569.8459795964906,
      240.22185452634443,
      309.6002757550093,
      830.5402510156013,
      149.40136011229836,
      1238.9111867120787,
      991.9417261333335,
      1153.297657063241,
      156.22948720439788,
      754.2614717699676,
      621.3269992235629,
      546.6197389848587,
      660.1647756041738,
      975.1107675814617,
      471.199177143991,
      546.9504023613682,
      1139.1958224811356,
      950.5210264714326,
      712.5124651301957,
      708.0164481472239,
      1063.0752741975807,
      237.79969499096956,
      803.8466046835423,
      326.7538844381777,
      401.985455541693,
      241.38910192761273,
      629.9894602799318,
      1045.319682308821,
      876.733046009601,
      1137.606314047909,
      1052.177544657069,
      504.1123972151869,
      898.0490979039142,
      336.6306912519924,
      907.7029898147476,
      424.6912392994604,
      813.5626957209474,
      472.11358163125993
    ],
    "bs_xy": [
      [
        821.3035054753306,
        590.8647694637832
      ],
      [
        634.0277265227643,
        109.06652616115441
      ],
      [
        475.7131775897655,
        216.38981317520455
      ],
      [
        233.6345195452737,
        449.85582024853056
      ]
    ],
    "speed_mps": 10.0,
    "capacity_kg": 6.0,
    "altitude_m": 100.0
  }
}