{
  "spec": {
    "run_id": "seed6_N20_M3_D2_B10_K10_lo1.0_lt1.0_twA",
    "seed": 6,
    "n_clients": 20,
    "num_uavs": 3,
    "delta_min": 2,
    "bs_count": 10,
    "edge_samples": 10,
    "lambda_out": 1.0,
    "lambda_tw": 1.0,
    "tw_family": "A",
    "tw_mode": "soft"
  },
  "scenario": {
    "depot_xy": [
      500.0,
      500.0
    ],
    "client_xy": [
      [
        359.6171774904733,
        316.9669567117126
      ],
      [
        117.87525137807376,
        502.5278906133021
      ],
      [
        80.56777551804662,
        376.5545084359338
      ],
      [
        89.05656151235297,
        932.1875784999522
      ],
      [
        309.29125396066036,
        111.83443528432235
      ],
      [
        991.8501033390954,
        847.3334780385951
      ],
      [
        898.7789507799863,
        46.657723889255706
      ],
      [
        903.3954171284774,
        72.95881220814715
      ],
      [
        524.0545446150993,
        259.6449544645566
      ],
      [
        344.0792341497407,
        674.8402982686129
      ],
      [
        43.84115365604791,
        167.04725438716295
      ],
      [
        41.27498294486798,
        971.0963295341629
      ],
      [
        332.12718312484026,
        986.7698551065095
      ],
      [
        685.5094204932387,
        104.09549616859604
      ],
      [
        390.30753291518107,
        86.09649236491789
      ],
      [
        674.7301701108593,
        123.67020020763687
      ],
      [
        699.5155855033443,
        756.10388592013
      ],
      [
        994.0283127678899,
        769.2870695426719
      ],
      [
        141.65996524692838,
        20.171403566498824
      ],
      [
        249.96492300624885,
        261.1883045640744
      ]
    ],
    "delivery": [
      0.0,
      0.0,
      0.8560160414246458,
      0.0,
      1.066332182524613,
      0.8974711476878858,
      1.127747937822369,
      0.5600712556228895,
      0.0,
      1.6706917727941195,
      0.0,
      0.0,
      0.0,
      1.967392650715182,
      1.3961020474089876,
      0.0,
      0.0,
      0.0,
      0.0,
      1.7852327965122627
    ],
    "pickup": [
      1.344574459854317,
      1.1106728011430735,
      0.0,
      0.8473983860615079,
      0.0,
      0.0,
      0.0,
      0.0,
      0.5287670789894763,
      0.0,
      1.6878735833105358,
      1.8830990476629879,
      1.4471031153388327,
      0.0,
      0.0,
      0.9570473426918547,
      1.0958130926371963,
      0.7774015659102086,
      1.5279135401430333,
      0.0
    ],
    "service_duration_s": [
      60.0,
      60.0,
      60.0,
      60.0,
      60.0,
      60.0,
      60.0,
      60.0,
      60.0,
      60.0,
      60.0,
      60.0,
      60.0,
      60.0,
      60.0,
      60.0,
      60.0,
      60.0,
      60.0,
      60.0
    ],
    "tw_early_s": [
      12.256155156045537,
      578.4199183649246,
      0.0,
      425.4581085124082,
      0.0,
      362.9496655127815,
      222.34297207350846,
      170.63147076768865,
      119.24054279582577,
      489.9840593742532,
      0.0,
      537.2457893586977,
      448.11836898658134,
      185.1213061595687,
      95.54629668069057,
      87.2093786180827,
      301.9234182428729,
      318.4468635170315,
      14.121456378890741,
      0.0
    ],
    "tw_late_s": [
      252.25615515604554,
      818.4199183649246,
      163.722097424686,
      665.4581085124082,
      230.64632530352046,
      602.9496655127815,
      462.34297207350846,
      410.63147076768865,
      359.2405427958258,
      729.9840593742532,
      176.4746335896898,
      777.2457893586977,
      688.1183689865813,
      425.1213061595687,
      335.5462966806906,
      327.2093786180827,
      541.9234182428729,
      558.4468635170315,
      254.12145637889074,
      154.57579581213605
    ],
    "bs_xy": [
      [
        196.87523594334579,
        430.2361008347685
      ],
      [
        728.6698475264435,
        332.43510061848446
      ],
      [
        503.8847613964638,
        483.69512331065954
      ],
      [
        589.3481983346383,
        504.5346570909337
      ],
      [
        833.0469727948539,
        274.2007033946806
      ],
      [
        700.7765340960806,
        3.784571562194694
      ],
      [
        677.9481955049603,
        89.77277466360212
      ],
      [
        924.9539962256492,
        212.9596044528822
      ],
      [
        413.8558887468683,
        615.6749546416372
      ],
      [
        454.1190381101927,
        769.003344071802
      ]
    ],
    "speed_mps": 10.0,
    "capacity_kg": 6.0,
    "altitude_m": 100.0
  }
}