{
  "spec": {
    "run_id": "seed6_N20_M3_D10_B10_K10_lo1.0_lt0.0_twA",
    "seed": 6,
    "n_clients": 20,
    "num_uavs": 3,
    "delta_min": 10,
    "bs_count": 10,
    "edge_samples": 10,
    "lambda_out": 1.0,
    "lambda_tw": 0.0,
    "tw_family": "A",
    "tw_mode": "soft"
  },
  "scenario": {
    "depot_xy": [
      500.0,
      500.0
    ],
    "client_xy": [
      [
        2.55528803855809,
        129.71422014265866
      ],
      [
        414.6237486368829,
        371.7843051062768
      ],
      [
        516.6921693122895,
        701.5218780766379
      ],
      [
        733.2934829935776,
        329.42341893569215
      ],
      [
        399.7191184185372,
        245.5537576721252
      ],
      [
        864.3582531211673,
        895.5792272802659
      ],
      [
        324.9002372482549,
        41.62917349682582
      ],
      [
        614.5413981389295,
        516.395852987311
      ],
      [
        666.6230806659889,
        723.0027437050459
      ],
      [
        196.23138719059318,
        917.837518022655
      ],
      [
        158.84435906195648,
        634.7507992991019
      ],
      [
        84.5335008296858,
        399.8504296809088
      ],
      [
        449.18876609743273,
        570.7593696787443
      ],
      [
        660.0629575555009,
        305.51439196824793
      ],
      [
        608.7664939378715,
        487.4881751427178
      ],
      [
        90.81586001962249,
        427.4150018518651
      ],
      [
        93.91744988367844,
        524.8865637643609
      ],
      [
        868.0520983739457,
        175.46700860373255
      ],
      [
        789.6909469076982,
        522.0177398554539
      ],
      [
        383.8087207742916,
        235.87465603434143
      ]
    ],
    "delivery": [
      0.6231137403966176,
      0.0,
      0.0,
      0.0,
      1.5315638877035616,
      0.0,
      0.0,
      0.0,
      1.8608864309173545,
      1.4452837632234967,
      1.6999030780671678,
      1.2087699156299918,
      0.0,
      0.5151759009963917,
      0.0,
      0.8140148112371265,
      0.0,
      1.959745572060955,
      1.999144299778715,
      0.8067613776836191
    ],
    "pickup": [
      0.0,
      0.5028314569022516,
      0.777545033490243,
      1.9421742169320124,
      0.0,
      0.7553350905374148,
      1.8765951018998894,
      1.0638465858977502,
      0.0,
      0.0,
      0.0,
      0.0,
      0.8639363803052933,
      0.0,
      1.897078596161426,
      0.0,
      0.8963952592129258,
      0.0,
      0.0,
      0.0
    ],
    "service_duration_s": [
      60.0,
      60.0,
      60.0,
      60.0,
      60.0,
      60.0,
      60.0,
      60.0,
      60.0,
      60.0,
      60.0,
      60.0,
      60.0,
      60.0,
      60.0,
      60.0,
      60.0,
      60.0,
      60.0,
      60.0
    ],
    "tw_early_s": [
      0.0,
      0.0,
      0.0,
      0.0,
      0.0,
      0.0,
      0.0,
      0.0,
      0.0,
      0.0,
      0.0,
      0.0,
      0.0,
      0.0,
      0.0,
      0.0,
      20.946405160685686,
      0.0,
      0.0,
      0.0
    ],
    "tw_late_s": [
      662.0131276604367,
      734.4124044339405,
      1101.6755400320842,
      938.5864145617493,
      763.3843624277406,
      1012.4106203413176,
      828.6253726512641,
      1020.7360756771055,
      1049.8362248997826,
      1160.7507547094592,
      1198.0779344948216,
      642.7366760953557,
      1125.1243417853423,
      825.3516551015312,
      904.2582108276554,
      641.557218671086,
      1220.9464051606856,
      870.7391861006136,
      966.2691564622982,
      736.861990982677
    ],
    "bs_xy": [
      [
        325.2137915730979,
        706.6451059185434
      ],
      [
        174.68774928625885,
        89.3968785092879
      ],
      [
        29.850125642361558,
        773.3528009640884
      ],
      [
        127.92516352985727,
        411.8907538512244
      ],
      [
        127.33934553324822,
        979.7219586815146
      ],
      [
        540.9630208802872,
        978.1784814260207
      ],
      [
        212.66807921405407,
        647.9311404789396
      ],
      [
        913.4150291287336,
        464.99061591872584
      ],
      [
        300.37645905105813,
        815.9948868344836
      ],
      [
        698.951266355662,
        950.4369576051764
      ]
    ],
    "speed_mps": 10.0,
    "capacity_kg": 6.0,
    "altitude_m": 100.0
  }
}