{
  "spec": {
    "run_id": "seed2_N20_M3_D5_B10_K10_lo1.0_lt0.0_twA",
    "seed": 2,
    "n_clients": 20,
    "num_uavs": 3,
    "delta_min": 5,
    "bs_count": 10,
    "edge_samples": 10,
    "lambda_out": 1.0,
    "lambda_tw": 0.0,
    "tw_family": "A",
    "tw_mode": "soft"
  },
  "scenario": {
    "depot_xy": [
      500.0,
      500.0
    ],
    "client_xy": [
      [
        519.6082960824607,
        906.7211400201812
      ],
      [
        473.9600311255312,
        557.0002512133658
      ],
      [
        837.5472025561486,
        325.07960159424067
      ],
      [
        143.24153872848322,
        410.6284497657934
      ],
      [
        293.1649685272469,
        456.76489971964077
      ],
      [
        63.12377897618693,
        570.2976459707174
      ],
      [
        940.2340132081932,
        61.636957790084935
      ],
      [
        894.5550617572683,
        864.9502546330467
      ],
      [
        311.414495423699,
        416.4319067573283
      ],
      [
        318.6035806310561,
        464.1079948303151
      ],
      [
        93.0348159604556,
        527.2505427828968
      ],
      [
        169.2604068527821,
        759.45936479373
      ],
      [
        730.8040980575059,
        496.4030573560497
      ],
      [
        479.0443699128073,
        7.6226381645643215
      ],
      [
        584.4038239808016,
        958.4977965848317
      ],
      [
        745.3407427829836,
        899.0659315971025
      ],
      [
        161.5185062778324,
        175.39450074054463
      ],
      [
        689.7071874401041,
        62.03705409682969
      ],
      [
        81.62315024813738,
        669.4639844200333
      ],
      [
        387.2008388130024,
        628.1562794760233
      ]
    ],
    "delivery": [
      0.5422750232872082,
      1.3698288247951655,
      0.0,
      1.0620869164715683,
      0.0,
      1.1707012244124637,
      1.2442933460185859,
      1.5114895333216773,
      0.0,
      1.7130823801177062,
      0.0,
      1.7033991691134922,
      0.0,
      0.0,
      1.9603597837886222,
      0.0,
      0.9478685595554158,
      1.8426213498018682,
      0.6676820070655636,
      0.0
    ],
    "pickup": [
      0.0,
      0.0,
      0.9794741406210986,
      0.0,
      1.7307835728693743,
      0.0,
      0.0,
      0.0,
      1.4091282695729808,
      0.0,
      1.874844144015621,
      0.0,
      0.811228207553082,
      1.5064514227333594,
      0.0,
      1.0734453465883356,
      0.0,
      0.0,
      0.0,
      0.9740377946611258
    ],
    "service_duration_s": [
      60.0,
      60.0,
      60.0,
      60.0,
      60.0,
      60.0,
      60.0,
      60.0,
      60.0,
      60.0,
      60.0,
      60.0,
      60.0,
      60.0,
      60.0,
      60.0,
      60.0,
      60.0,
      60.0,
      60.0
    ],
    "tw_early_s": [
      189.08081184826187,
      178.91993835674418,
      0.0,
      0.0,
      0.0,
      298.645738649608,
      0.0,
      91.35417882117821,
      0.0,
      0.0,
      371.524699280509,
      287.0847161122367,
      0.0,
      0.0,
      107.25294137491886,
      75.25571726486004,
      0.0,
      0.0,
      279.7337006659682,
      205.7255985855718
    ],
    "tw_late_s": [
      789.0808118482619,
      778.9199383567442,
      557.121188948716,
      336.7782372715286,
      321.13054758887887,
      898.645738649608,
      550.8930814206105,
      691.3541788211783,
      383.312827797274,
      318.4913214765669,
      971.524699280509,
      887.0847161122367,
      598.7797953791564,
      449.23557475788726,
      707.2529413749189,
      675.2557172648601,
      412.1950116023529,
      495.14921197144986,
      879.7337006659682,
      805.7255985855718
    ],
    "bs_xy": [
      [
        52.80105066497853,
        513.2816764422815
      ],
      [
        428.45984776236133,
        308.1681805055572
      ],
      [
        713.2424384915965,
        544.2203573657367
      ],
      [
        342.81823725644057,
        444.84935729001995
      ],
      [
        148.90224760878056,
        181.49320902469034
      ],
      [
        926.2299083589209,
        647.0067070063046
      ],
      [
        674.3464344154048,
        960.7518377606809
      ],
      [
        812.677573785004,
        267.61042563731763
      ],
      [
        386.34154786107456,
        673.3622910178422
      ],
      [
        689.4187583667282,
        221.3650242440749
      ]
    ],
    "speed_mps": 10.0,
    "capacity_kg": 6.0,
    "altitude_m": 100.0
  }
}