{
  "spec": {
    "run_id": "seed9_N20_M3_D2_B4_K10_lo1.0_lt1.0_twA",
    "seed": 9,
    "n_clients": 20,
    "num_uavs": 3,
    "delta_min": 2,
    "bs_count": 4,
    "edge_samples": 10,
    "lambda_out": 1.0,
    "lambda_tw": 1.0,
    "tw_family": "A",
    "tw_mode": "soft"
  },
  "scenario": {
    "depot_xy": [
      500.0,
      500.0
    ],
    "client_xy": [
      [
        445.7029976040154,
        40.03781344182799
      ],
      [
        679.6324147035639,
        624.818044273132
      ],
      [
        456.7152589784065,
        847.2843696897128
      ],
      [
        700.2260043002825,
        344.52013443676157
      ],
      [
        162.83204216929525,
        11.578996335889435
      ],
      [
        932.3883146606906,
        805.8244739007466
      ],
      [
        76.80470398828265,
        887.8039133710831
      ],
      [
        966.5861531231965,
        808.2951946446642
      ],
      [
        55.75752726570427,
        998.3783311613395
      ],
      [
        885.6132561139322,
        517.4608918172585
      ],
      [
        655.2267620034406,
        627.2139466404508
      ],
      [
        400.6608833948572,
        378.6772510307329
      ],
      [
        172.16879727377787,
        119.55096569366286
      ],
      [
        50.32511112367033,
        358.58747287510175
      ],
      [
        424.43912963268957,
        892.6892654164157
      ],
      [
        860.2267171870529,
        742.6770358057761
      ],
      [
        700.4575985831777,
        183.1749250628627
      ],
      [
        434.1137106552384,
        861.8600253498597
      ],
      [
        19.276547426972932,
        670.4314068224438
      ],
      [
        709.562707818347,
        822.5582555737145
      ]
    ],
    "delivery": [
      0.943866694654405,
      0.8335744066763326,
      0.7270993665026253,
      0.0,
      1.9144507869041214,
      1.340175068683907,
      0.0,
      0.8812853933790422,
      1.7941203175873373,
      0.5830755154294774,
      0.0,
      0.0,
      0.0,
      0.0,
      0.0,
      0.0,
      0.0,
      0.6854791868430972,
      0.5782696257915972,
      0.9423613243479894
    ],
    "pickup": [
      0.0,
      0.0,
      0.0,
      1.6161077516984172,
      0.0,
      0.0,
      1.3692838314711584,
      0.0,
      0.0,
      0.0,
      1.807566208493597,
      1.495865928870005,
      1.0705820428388344,
      0.7688146987350472,
      1.9884621935563107,
      1.0686007126951966,
      1.392132492455937,
      0.0,
      0.0,
      0.0
    ],
    "service_duration_s": [
      60.0,
      60.0,
      60.0,
      60.0,
      60.0,
      60.0,
      60.0,
      60.0,
      60.0,
      60.0,
      60.0,
      60.0,
      60.0,
      60.0,
      60.0,
      60.0,
      60.0,
      60.0,
      60.0,
      60.0
    ],
    "tw_early_s": [
      18.706651244497692,
      226.854055130012,
      290.5888224659687,
      146.83500639787337,
      23.61775622240745,
      182.84117552279952,
      521.3394908392077,
      119.41247807843084,
      393.4369831981851,
      143.62612685141664,
      333.2732846113182,
      0.0,
      0.0,
      0.0,
      396.21549736420184,
      249.74527862167196,
      0.0,
      425.51452586072037,
      502.42753840616206,
      306.8533085188603
    ],
    "tw_late_s": [
      258.7066512444977,
      466.854055130012,
      530.5888224659686,
      386.83500639787337,
      263.6177562224075,
      422.8411755227995,
      761.3394908392077,
      359.4124780784308,
      633.4369831981851,
      383.62612685141664,
      573.2732846113182,
      135.68039205675353,
      170.2209881608821,
      167.1386262542503,
      636.2154973642018,
      489.74527862167196,
      231.47134480972653,
      665.5145258607204,
      742.4275384061621,
      546.8533085188603
    ],
    "bs_xy": [
      [
        935.3465989556822,
        864.7558603876868
      ],
      [
        293.3563091998615,
        933.786742884194
      ],
      [
        240.3929423427865,
        595.887257682198
      ],
      [
        222.03829693768262,
        562.1942182041024
      ]
    ],
    "speed_mps": 10.0,
    "capacity_kg": 6.0,
    "altitude_m": 100.0
  }
}