{
  "spec": {
    "run_id": "seed4_N20_M3_D10_B10_K10_lo0.0_lt5.0_twA",
    "seed": 4,
    "n_clients": 20,
    "num_uavs": 3,
    "delta_min": 10,
    "bs_count": 10,
    "edge_samples": 10,
    "lambda_out": 0.0,
    "lambda_tw": 5.0,
    "tw_family": "A",
    "tw_mode": "soft"
  },
  "scenario": {
    "depot_xy": [
      500.0,
      500.0
    ],
    "client_xy": [
      [
        279.3975492266981,
        844.6402149047307
      ],
      [
        973.0024616789146,
        763.0341103337184
      ],
      [
        184.74132418126132,
        582.3412515552178
      ],
      [
        534.892923255262,
        461.8620535632847
      ],
      [
        941.31532879109,
        194.39063842432392
      ],
      [
        534.8194140068304,
        809.8580932280285
      ],
      [
        252.32518628273826,
        104.49587856499609
      ],
      [
        449.3153433318379,
        878.1973053815169
      ],
      [
        607.181119599278,
        14.596378518715092
      ],
      [
        735.8789995721427,
        857.6095526420938
      ],
      [
        761.7177806116167,
        291.53067957045266
      ],
      [
        266.3639978323296,
        979.5950998368819
      ],
      [
        882.0183169426397,
        352.63838728741905
      ],
      [
        520.9632327665531,
        324.75608415192437
      ],
      [
        96.42722528172276,
        289.62350362357404
      ],
      [
        330.9740290987565,
        422.88609330441216
      ],
      [
        228.61455473643198,
        853.835636956451
      ],
      [
        508.3022322897026,
        850.17763829744
      ],
      [
        270.62268070309017,
        406.27841289262267
      ],
      [
        189.25473771843116,
        964.5454502329296
      ]
    ],
    "delivery": [
      0.0,
      0.0,
      1.7855454273376867,
      0.5853958560856866,
      0.8819223016748612,
      1.1548360974946663,
      0.6069981015605702,
      0.0,
      1.5213242455282048,
      1.8193848539586446,
      0.0,
      1.1126341455693747,
      1.5358185857818805,
      0.0,
      0.5326762825017961,
      0.0,
      0.0,
      1.1976954428014943,
      0.7100938674865094,
      0.0
    ],
    "pickup": [
      1.6326082870725092,
      1.584553818853199,
      0.0,
      0.0,
      0.0,
      0.0,
      0.0,
      0.6086182390269552,
      0.0,
      0.0,
      1.63880323154579,
      0.0,
      0.0,
      0.7693193165477143,
      0.0,
      0.564409703490881,
      0.9148995833515239,
      0.0,
      0.0,
      0.8361157018090962
    ],
    "service_duration_s": [
      60.0,
      60.0,
      60.0,
      60.0,
      60.0,
      60.0,
      60.0,
      60.0,
      60.0,
      60.0,
      60.0,
      60.0,
      60.0,
      60.0,
      60.0,
      60.0,
      60.0,
      60.0,
      60.0,
      60.0
    ],
    "tw_early_s": [
      0.0,
      0.0,
      0.0,
      0.0,
      0.0,
      0.0,
      0.0,
      0.0,
      0.0,
      0.0,
      0.0,
      0.0,
      0.0,
      0.0,
      0.0,
      0.0,
      0.0,
      0.0,
      0.0,
      0.0
    ],
    "tw_late_s": [
      1086.1107732311455,
      895.9335597269182,
      1173.9963514238389,
      820.570446529219,
      861.4644862932802,
      1034.3713426958361,
      715.0122300352998,
      1079.6254982580222,
      763.5208905692,
      990.8952729472677,
      784.2657068902423,
      1126.1327913224272,
      916.9608090194936,
      699.9620693399323,
      645.5114551208187,
      618.5785719163136,
      1199.2630856671954,
      1003.2136081258307,
      624.7785573627203,
      1167.027600496955
    ],
    "bs_xy": [
      [
        475.62946182774914,
        568.7703589897064
      ],
      [
        116.08180578635519,
        533.4664677325296
      ],
      [
        201.01156911840624,
        882.8631246704239
      ],
      [
        923.8685122163592,
        724.6270293899817
      ],
      [
        82.76574176349393,
        575.0149567200893
      ],
      [
        374.30557835065105,
        55.389749760655135
      ],
      [
        823.8956914635012,
        110.43508098032918
      ],
      [
        989.4067402787744,
        767.9096636472754
      ],
      [
        35.25088071620019,
        26.032979144661738
      ],
      [
        406.9675870712152,
        953.1778216907285
      ]
    ],
    "speed_mps": 10.0,
    "capacity_kg": 6.0,
    "altitude_m": 100.0
  }
}