{
  "spec": {
    "run_id": "seed9_N10_M3_D10_B7_K10_lo1.0_lt5.0_twA",
    "seed": 9,
    "n_clients": 10,
    "num_uavs": 3,
    "delta_min": 10,
    "bs_count": 7,
    "edge_samples": 10,
    "lambda_out": 1.0,
    "lambda_tw": 5.0,
    "tw_family": "A",
    "tw_mode": "soft"
  },
  "scenario": {
    "depot_xy": [
      500.0,
      500.0
    ],
    "client_xy": [
      [
        733.9404034587435,
        314.02384333249665
      ],
      [
        117.51986396461378,
        161.2490612259182
      ],
      [
        309.06434393486194,
        988.3118807265296
      ],
      [
        458.4916453165071,
        985.4477645767855
      ],
      [
        101.45747381701963,
        795.8926763331558
      ],
      [
        342.9811154186142,
        396.2351120277441
      ],
      [
        112.62680072586895,
        433.9236540134559
      ],
      [
        42.28698416896259,
        482.64944784668063
      ],
      [
        616.5688018533276,
        934.5482562789373
      ],
      [
        355.1231673731476,
        942.8677586810243
      ]
    ],
    "delivery": [
      0.0,
      0.0,
      0.0,
      0.0,
      0.0,
      0.0,
      0.0,
      0.0,
      0.0,
      0.0
    ],
    "pickup": [
      1.5206594773790927,
      0.728671145319246,
      1.4225256705398501,
      1.0218460968504481,
      1.2577668784442015,
      1.717374723626949,
      0.7734556184312296,
      1.594595813843926,
      1.7322384429675204,
      1.6225763400491984
    ],
    "service_duration_s": [
      60.0,
      60.0,
      60.0,
      60.0,
      60.0,
      60.0,
      60.0,
      60.0,
      60.0,
      60.0
    ],
    "tw_early_s": [
      0.0,
      0.0,
      0.0,
      0.0,
      0.0,
      0.0,
      0.0,
      0.0,
      0.0,
      0.0
    ],
    "tw_late_s": [
      762.5745154996105,
      738.8129913986103,
      830.4223658676149,
      888.0074563773035,
      988.4307826997842,
      618.820755056872,
      639.296829263289,
      645.8041751940987,
      739.2054603589852,
      895.9875367033721
    ],
    "bs_xy": [
      [
        116.8473211861618,
        420.04274418448006
      ],
      [
        322.5758005453978,
        48.60436423412096
      ],
      [
        451.9984655235717,
        961.3567156802499
      ],
      [
        869.1242384892512,
        733.7973905956907
      ],
      [
        548.4410999396953,
        327.740422143413
      ],
      [
        412.62638163263955,
        790.7128793620178
      ],
      [
        474.0893034753195,
        135.46201609211138
      ]
    ],
    "speed_mps": 10.0,
    "capacity_kg": 6.0,
    "altitude_m": 100.0
  }
}