{
  "spec": {
    "run_id": "seed8_N20_M3_D5_B7_K10_lo0.5_lt5.0_twA",
    "seed": 8,
    "n_clients": 20,
    "num_uavs": 3,
    "delta_min": 5,
    "bs_count": 7,
    "edge_samples": 10,
    "lambda_out": 0.5,
    "lambda_tw": 5.0,
    "tw_family": "A",
    "tw_mode": "soft"
  },
  "scenario": {
    "depot_xy": [
      500.0,
      500.0
    ],
    "client_xy": [
      [
        783.2634216142984,
        856.3541016003672
      ],
      [
        468.05749764260827,
        505.13961135389195
      ],
      [
        672.6561786992688,
        625.4064591843447
      ],
      [
        498.9930751912407,
        424.35949781371716
      ],
      [
        117.68680686012712,
        857.4841748716063
      ],
      [
        593.9818066687836,
        649.4027136763607
      ],
      [
        501.36705761651655,
        355.2339372787836
      ],
      [
        52.872253982356064,
        370.05344554175224
      ],
      [
        163.91436424536343,
        96.81312540688292
      ],
      [
        251.98326105903524,
        444.227557625392
      ],
      [
        659.5186129809272,
        666.8425852502255
      ],
      [
        47.85371753687595,
        330.8453080909399
      ],
      [
        901.9575524591335,
        192.34606956931378
      ],
      [
        998.8725898920818,
        920.2317203039136
      ],
      [
        844.4297471837405,
        484.1939590028986
      ],
      [
        604.4041234604916,
        9.110186766710271
      ],
      [
        466.0591721129066,
        881.755960042769
      ],
      [
        779.3597109840066,
        588.933358695014
      ],
      [
        954.5907397574496,
        502.28670631747127
      ],
      [
        321.6930324640144,
        612.1274841095358
      ]
    ],
    "delivery": [
      0.0,
      1.5740264412386171,
      1.0212377328545585,
      0.0,
      0.0,
      0.0,
      1.0660547173024177,
      0.0,
      0.0,
      0.0,
      1.2287235779106436,
      1.5562854294567956,
      0.0,
      0.7470590368901138,
      0.0,
      0.0,
      1.8123424448896872,
      0.0,
      0.0,
      1.3100946220023022
    ],
    "pickup": [
      1.9958377457620986,
      0.0,
      0.0,
      1.7576244223871254,
      1.934631310002009,
      1.3038654838043924,
      0.0,
      1.001411764233918,
      1.4896660235372199,
      1.724828707813601,
      0.0,
      0.0,
      1.305727833091233,
      0.0,
      1.2135989667023117,
      1.168620219175044,
      0.0,
      1.0746835242661736,
      0.574895396877954,
      0.0
    ],
    "service_duration_s": [
      60.0,
      60.0,
      60.0,
      60.0,
      60.0,
      60.0,
      60.0,
      60.0,
      60.0,
      60.0,
      60.0,
      60.0,
      60.0,
      60.0,
      60.0,
      60.0,
      60.0,
      60.0,
      60.0,
      60.0
    ],
    "tw_early_s": [
      118.18563464642534,
      320.38535206942333,
      32.57884341386688,
      0.0,
      244.74339205855733,
      257.4011203475184,
      0.0,
      0.0,
      0.0,
      0.0,
      133.80704727770552,
      0.0,
      0.0,
      148.68922270740967,
      0.0,
      0.0,
      222.72318704872055,
      59.51308479244102,
      46.66078983542724,
      344.88395486239244
    ],
    "tw_late_s": [
      718.1856346464253,
      920.3853520694233,
      632.5788434138669,
      451.5041876081695,
      844.7433920585573,
      857.4011203475184,
      453.69207212244834,
      346.5627886057514,
      421.2613573299672,
      325.42102832761486,
      733.8070472777056,
      348.27520797884483,
      558.0026392840593,
      748.6892227074097,
      550.3421329922726,
      526.174944741743,
      822.7231870487205,
      659.5130847924411,
      646.6607898354273,
      944.8839548623924
    ],
    "bs_xy": [
      [
        748.8363786633871,
        866.3346392937397
      ],
      [
        92.57619771061876,
        857.7326255024461
      ],
      [
        937.8189122057788,
        535.7111901704204
      ],
      [
        310.1340060345672,
        524.5123250455779
      ],
      [
        35.03688555635176,
        654.8385908435629
      ],
      [
        761.2865052656906,
        957.7407765299977
      ],
      [
        139.97260998429073,
        923.9836676994216
      ]
    ],
    "speed_mps": 10.0,
    "capacity_kg": 6.0,
    "altitude_m": 100.0
  }
}