{
  "spec": {
    "run_id": "seed8_N40_M3_D2_B4_K10_lo0.0_lt5.0_twA",
    "seed": 8,
    "n_clients": 40,
    "num_uavs": 3,
    "delta_min": 2,
    "bs_count": 4,
    "edge_samples": 10,
    "lambda_out": 0.0,
    "lambda_tw": 5.0,
    "tw_family": "A",
    "tw_mode": "soft"
  },
  "scenario": {
    "depot_xy": [
      500.0,
      500.0
    ],
    "client_xy": [
      [
        689.5822678320835,
        874.7437023456275
      ],
      [
        282.52558248340046,
        306.9686297257309
      ],
      [
        542.9829788220496,
        917.776521826026
      ],
      [
        173.4006449433675,
        798.535331202192
      ],
      [
        379.2892864187779,
        239.14860700447448
      ],
      [
        418.43586712485137,
        133.65221737757105
      ],
      [
        969.3842054723767,
        387.89302851421206
      ],
      [
        82.11032502798221,
        481.44689051529923
      ],
      [
        83.62899529666856,
        539.3163620104633
      ],
      [
        315.5844869107528,
        159.80122673825136
      ],
      [
        450.52898179433174,
        255.52919469921665
      ],
      [
        186.91264775028492,
        565.6189902478382
      ],
      [
        827.7193387057379,
        34.49243893475151
      ],
      [
        495.97303967205863,
        340.77785801365934
      ],
      [
        751.2344122531491,
        971.3964876738205
      ],
      [
        258.6859208137852,
        957.6143474640628
      ],
      [
        870.169921141525,
        271.5784919999237
      ],
      [
        749.0907918095727,
        743.546552291797
      ],
      [
        23.666652027230505,
        34.76465921387373
      ],
      [
        432.27731977762375,
        110.72262218596285
      ],
      [
        71.68386155790951,
        779.7536017280943
      ],
      [
        852.9874312889057,
        181.0157387995639
      ],
      [
        862.3634098184723,
        861.5294307732934
      ],
      [
        746.2821744319542,
        154.90477151361193
      ],
      [
        934.4200601912283,
        323.1483745415116
      ],
      [
        427.1551945748471,
        121.79999896721417
      ],
      [
        257.59056289600437,
        819.8619776378571
      ],
      [
        318.4001921000678,
        888.2833922447362
      ],
      [
        728.235541926118,
        566.6620418446516
      ],
      [
        918.8198101595167,
        284.64102534535687
      ],
      [
        850.5688848486436,
        418.45007387078914
      ],
      [
        926.0345645292853,
        326.4510574040402
      ],
      [
        255.74802273179665,
        671.3128401494554
      ],
      [
        679.6732036784734,
        670.1016087709845
      ],
      [
        444.1821754757209,
        405.5928303444218
      ],
      [
        945.2443290269667,
        220.87756002450743
      ],
      [
        783.7544371110649,
        645.2959644248516
      ],
      [
        508.1197031220255,
        96.93538247184486
      ],
      [
        681.8680992870651,
        430.25196317756763
      ],
      [
        704.9580740005077,
        745.8693293266139
      ]
    ],
    "delivery": [
      1.1303346545768105,
      0.5137596254913186,
      0.0,
      1.861065141716552,
      1.6886236994703672,
      1.8100996970812648,
      0.0,
      0.0,
      1.4530614752512163,
      0.0,
      0.0,
      1.8506938150845467,
      1.4368369839967228,
      0.5906529796887152,
      1.812273648126142,
      1.6681616843633094,
      0.0,
      0.0,
      0.0,
      1.6480896909353346,
      0.0,
      1.3245261352438824,
      0.9822558545859956,
      0.8628544249543816,
      1.161551561233698,
      0.0,
      0.0,
      0.0,
      0.0,
      1.8729546632746632,
      1.2455414714508022,
      1.154101684932578,
      0.7500845957931367,
      0.9575307871398195,
      0.8738944205721897,
      0.0,
      1.2284101680278456,
      0.0,
      0.9571365754267556,
      1.4935803428573837
    ],
    "pickup": [
      0.0,
      0.0,
      0.6735185945769461,
      0.0,
      0.0,
      0.0,
      1.388859277401755,
      0.6490688353663587,
      0.0,
      1.7246715849964227,
      1.633634961247508,
      0.0,
      0.0,
      0.0,
      0.0,
      0.0,
      0.5142870212096856,
      0.981484343523904,
      1.2044869900040351,
      0.0,
      1.8020929056551866,
      0.0,
      0.0,
      0.0,
      0.0,
      1.365153947120826,
      1.669508159195478,
      1.0038067905274666,
      0.9368251739671787,
      0.0,
      0.0,
      0.0,
      0.0,
      0.0,
      0.0,
      1.0705262994259717,
      0.0,
      1.914572765816791,
      0.0,
      0.0
    ],
    "service_duration_s": [
      60.0,
      60.0,
      60.0,
      60.0,
      60.0,
      60.0,
      60.0,
      60.0,
      60.0,
      60.0,
      60.0,
      60.0,
      60.0,
      60.0,
      60.0,
      60.0,
      60.0,
      60.0,
      60.0,
      60.0,
      60.0,
      60.0,
      60.0,
      60.0,
      60.0,
      60.0,
      60.0,
      60.0,
      60.0,
      60.0,
      60.0,
      60.0,
      60.0,
      60.0,
      60.0,
      60.0,
      60.0,
      60.0,
      60.0,
      60.0
    ],
    "tw_early_s": [
      741.4462737019463,
      0.0,
      681.5218627334302,
      860.4606790160773,
      47.60068596634716,
      106.13902418366024,
      489.37423914302383,
      0.0,
      1015.647779194948,
      0.0,
      60.70708168525809,
      943.7914732810439,
      269.0896196092106,
      130.3675666592609,
      679.3337719450811,
      845.3255633151635,
      298.5629486462514,
      596.5477700662525,
      0.0,
      168.81736722963092,
      850.7124578698505,
      284.2408073666588,
      664.1177019202593,
      221.54503724770052,
      366.8015972934868,
      120.27421782289284,
      771.6940500972396,
      783.4079422455338,
      518.7367983117896,
      356.5176563595647,
      439.4954672713071,
      421.854726403625,
      933.957221376784,
      529.9148408447785,
      18.823356632878216,
      351.1240328561405,
      581.1098157593847,
      188.7438699986011,
      444.32928315516176,
      597.902376225231
    ],
    "tw_late_s": [
      981.4462737019463,
      149.07855432860208,
      921.5218627334302,
      1100.4606790160774,
      287.60068596634716,
      346.13902418366024,
      729.3742391430238,
      161.83013247884472,
      1255.647779194948,
      224.16203392185776,
      300.7070816852581,
      1183.7914732810439,
      509.0896196092106,
      370.3675666592609,
      919.3337719450811,
      1085.3255633151634,
      538.5629486462515,
      836.5477700662525,
      186.5835851173043,
      408.8173672296309,
      1090.7124578698504,
      524.2408073666588,
      904.1177019202593,
      461.5450372477005,
      606.8015972934868,
      360.27421782289287,
      1011.6940500972396,
      1023.4079422455338,
      758.7367983117896,
      596.5176563595646,
      679.4954672713071,
      661.854726403625,
      1173.957221376784,
      769.9148408447785,
      258.82335663287824,
      591.1240328561405,
      821.1098157593847,
      428.7438699986011,
      684.3292831551618,
      837.902376225231
    ],
    "bs_xy": [
      [
        252.36526661192838,
        455.1201318055332
      ],
      [
        724.6884130396002,
        915.6149126306511
      ],
      [
        370.2547238213381,
        835.5390330058781
      ],
      [
        815.6073639497363,
        850.2650462644648
      ]
    ],
    "speed_mps": 10.0,
    "capacity_kg": 6.0,
    "altitude_m": 100.0
  }
}