{
  "spec": {
    "run_id": "seed6_N10_M3_D10_B4_K10_lo1.0_lt5.0_twA",
    "seed": 6,
    "n_clients": 10,
    "num_uavs": 3,
    "delta_min": 10,
    "bs_count": 4,
    "edge_samples": 10,
    "lambda_out": 1.0,
    "lambda_tw": 5.0,
    "tw_family": "A",
    "tw_mode": "soft"
  },
  "scenario": {
    "depot_xy": [
      500.0,
      500.0
    ],
    "client_xy": [
      [
        470.6967580197986,
        442.22035602783416
      ],
      [
        484.1895880750392,
        66.1277055325996
      ],
      [
        201.3644939700875,
        239.7817824365126
      ],
      [
        356.5061069788562,
        152.0346698876771
      ],
      [
        541.5049310737534,
        561.4287050772087
      ],
      [
        912.8558639283956,
        686.0453256220943
      ],
      [
        908.6844008557216,
        191.32097127125857
      ],
      [
        772.108952142726,
        662.076750174636
      ],
      [
        411.1352436607191,
        949.2872768690971
      ],
      [
        851.939661616127,
        213.59434557226908
      ]
    ],
    "delivery": [
      0.0,
      1.3872300944840021,
      0.0,
      0.623273117461377,
      0.0,
      0.0,
      0.0,
      1.4153110797290294,
      0.0,
      0.5634540216292592
    ],
    "pickup": [
      1.3300042207162843,
      0.0,
      0.5319276846835701,
      0.0,
      1.5373502708579012,
      1.1958754385186374,
      1.0222537014749844,
      0.0,
      1.0104549513604015,
      0.0
    ],
    "service_duration_s": [
      60.0,
      60.0,
      60.0,
      60.0,
      60.0,
      60.0,
      60.0,
      60.0,
      60.0,
      60.0
    ],
    "tw_early_s": [
      0.0,
      0.0,
      0.0,
      0.0,
      0.0,
      0.0,
      0.0,
      0.0,
      0.0,
      0.0
    ],
    "tw_late_s": [
      606.4785548142318,
      732.7984029690277,
      639.6101863431189,
      637.6391243647539,
      865.1310234589625,
      868.1676693679658,
      752.9965341402453,
      816.4857771782622,
      984.8262879266733,
      710.932576477
    ],
    "bs_xy": [
      [
        594.1958646909324,
        183.45819972127597
      ],
      [
        427.0463835173364,
        766.5639896719852
      ],
      [
        182.5874370003805,
        22.32865838025844
      ],
      [
        756.8486216592231,
        161.0222680415596
      ]
    ],
    "speed_mps": 10.0,
    "capacity_kg": 6.0,
    "altitude_m": 100.0
  }
}