{
  "spec": {
    "run_id": "seed7_N40_M3_D5_B7_K10_lo0.0_lt0.0_twA",
    "seed": 7,
    "n_clients": 40,
    "num_uavs": 3,
    "delta_min": 5,
    "bs_count": 7,
    "edge_samples": 10,
    "lambda_out": 0.0,
    "lambda_tw": 0.0,
    "tw_family": "A",
    "tw_mode": "soft"
  },
  "scenario": {
    "depot_xy": [
      500.0,
      500.0
    ],
    "client_xy": [
      [
        834.7407880627433,
        295.3663174658959
      ],
      [
        994.8760377588384,
        346.5991401545476
      ],
      [
        506.140135517264,
        319.7245513269237
      ],
      [
        603.9009616736438,
        73.1587141377975
      ],
      [
        786.2485260960292,
        675.4512783375295
      ],
      [
        44.54543189312354,
        633.1338020055898
      ],
      [
        404.4996363597593,
        723.2212890155159
      ],
      [
        113.96498211491036,
        96.8737166261322
      ],
      [
        716.864184930744,
        64.48655825998695
      ],
      [
        995.0835254600215,
        210.8800059195739
      ],
      [
        510.92116548509705,
        394.12876648276784
      ],
      [
        625.7147249406672,
        30.16478975353909
      ],
      [
        333.3528048659893,
        254.70331110829292
      ],
      [
        799.9994800376251,
        46.874827059644076
      ],
      [
        646.8870325730271,
        822.3271856501739
      ],
      [
        654.8327232884764,
        939.0180855624333
      ],
      [
        475.6659786022976,
        91.7368156109849
      ],
      [
        230.2858925409612,
        360.3497318930411
      ],
      [
        719.2180021089484,
        743.2371592979259
      ],
      [
        59.98240380890374,
        135.67363485404948
      ],
      [
        993.2769947492869,
        480.71961388620576
      ],
      [
        353.0598690668219,
        970.070878199945
      ],
      [
        426.28618345806314,
        951.4121155321278
      ],
      [
        999.8819509219039,
        771.5510329803964
      ],
      [
        758.7888550094624,
        962.3041621032928
      ],
      [
        307.4028909485953,
        713.3492563218946
      ],
      [
        162.19366022681047,
        827.7211691246506
      ],
      [
        851.828223307825,
        510.94752997087676
      ],
      [
        882.5474750575274,
        180.5619845825823
      ],
      [
        57.56014119522046,
        166.23185135485684
      ],
      [
        467.34218630994695,
        415.7099015590369
      ],
      [
        161.11419361636325,
        170.04997898374995
      ],
      [
        940.0621172864534,
        999.1518849138198
      ],
      [
        338.4895863431414,
        51.792042965884356
      ],
      [
        942.8038101522351,
        887.1914628691492
      ],
      [
        985.9627358064884,
        67.20677303037115
      ],
      [
        422.8526137397992,
        298.43142915373755
      ],
      [
        196.5504927726065,
        69.86046059772588
      ],
      [
        534.54348666274,
        475.8481437068379
      ],
      [
        390.4151851773253,
        855.0801067924011
      ]
    ],
    "delivery": [
      0.0,
      1.1646031312059968,
      1.6817539451956232,
      0.0,
      0.0,
      0.0,
      0.0,
      0.0,
      1.973634066828206,
      0.0,
      0.0,
      0.0,
      0.0,
      1.9822402713514324,
      0.0,
      1.3841768774013745,
      0.0,
      0.0,
      0.0,
      0.0,
      0.8494051949349879,
      0.0,
      1.4864867438789466,
      1.0656731919834768,
      1.0996325661457986,
      1.1566854644911995,
      0.0,
      0.0,
      0.0,
      1.1877725471125764,
      0.0,
      0.0,
      0.0,
      0.0,
      1.9216496312688145,
      0.9109045554664011,
      0.0,
      1.2343096476002078,
      0.8249724687924701,
      1.8010619196031439
    ],
    "pickup": [
      0.5425532660640364,
      0.0,
      0.0,
      0.9971911929246358,
      0.7592779570272514,
      1.2191709707566218,
      0.8638002672541008,
      1.092598376035504,
      0.0,
      0.5087281703922182,
      1.715068793451512,
      1.1778381189749012,
      1.5916558296532857,
      0.0,
      1.554722064429198,
      0.0,
      0.8872658771930721,
      0.6034360121803852,
      0.6758109646315118,
      1.8895866154144476,
      0.0,
      0.7934349880205331,
      0.0,
      0.0,
      0.0,
      0.0,
      0.7165889191271626,
      0.9068965648013019,
      0.7249068093587437,
      0.0,
      1.9836185851221566,
      1.6899842245845276,
      1.2291022141523547,
      1.2424331174684904,
      0.0,
      0.0,
      0.9191142360621183,
      0.0,
      0.0,
      0.0
    ],
    "service_duration_s": [
      60.0,
      60.0,
      60.0,
      60.0,
      60.0,
      60.0,
      60.0,
      60.0,
      60.0,
      60.0,
      60.0,
      60.0,
      60.0,
      60.0,
      60.0,
      60.0,
      60.0,
      60.0,
      60.0,
      60.0,
      60.0,
      60.0,
      60.0,
      60.0,
      60.0,
      60.0,
      60.0,
      60.0,
      60.0,
      60.0,
      60.0,
      60.0,
      60.0,
      60.0,
      60.0,
      60.0,
      60.0,
      60.0,
      60.0,
      60.0
    ],
    "tw_early_s": [
      267.96320173886136,
      395.3671144234106,
      0.0,
      97.32207384298948,
      440.77572132925775,
      864.3257972517629,
      767.2201663274716,
      0.0,
      167.30948781727415,
      319.1941286452544,
      68.44092562359617,
      84.37605700595702,
      0.0,
      177.1072884297676,
      656.791846061281,
      625.7642829485826,
      24.36469882423802,
      0.0,
      586.0741030981354,
      0.0,
      352.35368622040323,
      716.1009161625159,
      684.297315950435,
      497.8652520747087,
      591.0292136199253,
      819.0725082007546,
      799.911281416073,
      412.4450836067283,
      247.5392819890418,
      0.0,
      0.0,
      0.0,
      536.6143462376932,
      0.0,
      511.15374600217206,
      180.59079680315313,
      0.0,
      0.0,
      287.55379384034484,
      742.647321757913
    ],
    "tw_late_s": [
      867.9632017388614,
      995.3671144234106,
      593.0482837116083,
      697.3220738429895,
      1040.7757213292577,
      1464.3257972517629,
      1367.2201663274716,
      424.3613250378032,
      767.3094878172742,
      919.1941286452544,
      668.4409256235962,
      684.376057005957,
      489.8122292972552,
      777.1072884297676,
      1256.791846061281,
      1225.7642829485826,
      624.3646988242381,
      330.37233891961097,
      1186.0741030981353,
      357.1269800793155,
      952.3536862204032,
      1316.100916162516,
      1284.297315950435,
      1097.8652520747087,
      1191.0292136199253,
      1419.0725082007546,
      1399.911281416073,
      1012.4450836067283,
      847.5392819890418,
      355.42149454040367,
      531.9566988956972,
      410.6204795476915,
      1136.614346237693,
      570.1098570559625,
      1111.153746002172,
      780.5907968031531,
      524.4516516177509,
      432.28686689580957,
      887.5537938403448,
      1342.647321757913
    ],
    "bs_xy": [
      [
        338.85439396935703,
        177.29565305444373
      ],
      [
        866.5828896292259,
        654.0068315495101
      ],
      [
        574.7024692063726,
        277.5545148202905
      ],
      [
        11.56069821649841,
        3.353148017172569
      ],
      [
        850.5155438312072,
        520.1994018005973
      ],
      [
        68.89331187877168,
        525.3427746459679
      ],
      [
        576.7571269443317,
        728.2742272623263
      ]
    ],
    "speed_mps": 10.0,
    "capacity_kg": 6.0,
    "altitude_m": 100.0
  }
}