{
  "spec": {
    "run_id": "seed1_N40_M3_D5_B10_K10_lo0.0_lt5.0_twA",
    "seed": 1,
    "n_clients": 40,
    "num_uavs": 3,
    "delta_min": 5,
    "bs_count": 10,
    "edge_samples": 10,
    "lambda_out": 0.0,
    "lambda_tw": 5.0,
    "tw_family": "A",
    "tw_mode": "soft"
  },
  "scenario": {
    "depot_xy": [
      500.0,
      500.0
    ],
    "client_xy": [
      [
        28.160459837736074,
        792.8621502642072
      ],
      [
        269.5813152026837,
        713.472191642993
      ],
      [
        165.61124306815566,
        915.496934762369
      ],
      [
        306.8663066152284,
        859.1967758071447
      ],
      [
        968.0765250769233,
        398.84944108738875
      ],
      [
        217.91918766745465,
        269.0216843782436
      ],
      [
        30.950123553667886,
        636.3133782118605
      ],
      [
        562.9034947488932,
        825.4109106433232
      ],
      [
        890.4784746558241,
        632.2913104926984
      ],
      [
        345.20344886759733,
        200.03899338642705
      ],
      [
        800.3976100536272,
        53.773522171260744
      ],
      [
        950.2144294941255,
        781.9487956988041
      ],
      [
        487.73207632160285,
        841.2784821945078
      ],
      [
        365.2465300179061,
        616.3612336842292
      ],
      [
        541.7875960333421,
        653.7067805802351
      ],
      [
        77.11540930691052,
        949.554302439761
      ],
      [
        494.74238052733057,
        552.6073650796747
      ],
      [
        606.753190479931,
        676.9587090259657
      ],
      [
        479.3690356413115,
        160.5191856502569
      ],
      [
        974.0991102284203,
        889.0049789332812
      ],
      [
        163.5764785955167,
        126.01408147115067
      ],
      [
        374.1002207045948,
        811.5655101690005
      ],
      [
        858.1299838271267,
        281.41219651456305
      ],
      [
        995.5330575300718,
        727.4898599354318
      ],
      [
        786.810460430823,
        59.62345285452886
      ],
      [
        991.1741761622092,
        351.6947371276753
      ],
      [
        719.1456353392094,
        620.9287248996019
      ],
      [
        593.6981127289146,
        489.201208477568
      ],
      [
        287.00214579976404,
        320.60067870043684
      ],
      [
        484.4782758040297,
        950.3445330973173
      ],
      [
        2.112483388738484,
        983.7578756576697
      ],
      [
        315.0817926415759,
        341.8499873307398
      ],
      [
        356.3351085526969,
        334.8969806147287
      ],
      [
        727.784250663907,
        156.06261778917818
      ],
      [
        958.9136823042883,
        304.94550538539744
      ],
      [
        541.6220626828924,
        16.410893672873293
      ],
      [
        811.104131608307,
        320.00300672444246
      ],
      [
        351.36033021185074,
        810.6460645831894
      ],
      [
        265.2667680451721,
        507.7271644122239
      ],
      [
        392.9544270347346,
        114.51851994959684
      ]
    ],
    "delivery": [
      1.113176445753827,
      0.0,
      0.0,
      0.0,
      0.0,
      1.3329394118581745,
      1.8161433474399924,
      1.3160886743852342,
      1.1588784919815611,
      1.1484170335364814,
      0.0,
      0.0,
      0.8112294351536745,
      0.0,
      0.0,
      1.6040305949059013,
      0.0,
      0.7459636395300726,
      0.7965580448729952,
      1.3282171539581364,
      0.0,
      0.6999915964045494,
      0.592077631289108,
      0.0,
      0.7618725179380728,
      0.0,
      1.7337388719306681,
      0.0,
      1.0302274108449572,
      0.0,
      0.0,
      0.5005197369222905,
      0.0,
      0.0,
      0.0,
      0.0,
      0.0,
      1.822587247952709,
      0.0,
      1.8123775398931026
    ],
    "pickup": [
      0.0,
      1.7865668191219524,
      1.7785763895856732,
      1.962429758017827,
      1.1137538614386688,
      0.0,
      0.0,
      0.0,
      0.0,
      0.0,
      0.6193478360794533,
      1.6717418676255547,
      0.0,
      1.3558013684122323,
      1.9585606442183159,
      0.0,
      1.6440059310762405,
      0.0,
      0.0,
      0.0,
      1.5868152100271877,
      0.0,
      0.0,
      1.5481364164395481,
      0.0,
      1.9311157236557452,
      0.0,
      1.2729319308175837,
      0.0,
      0.8403228742526052,
      1.414199471982408,
      0.0,
      0.8528005505113543,
      0.8614113331575076,
      0.9127057354388521,
      1.0876449712938223,
      0.9096678314956534,
      0.0,
      1.3512228419568884,
      0.0
    ],
    "service_duration_s": [
      60.0,
      60.0,
      60.0,
      60.0,
      60.0,
      60.0,
      60.0,
      60.0,
      60.0,
      60.0,
      60.0,
      60.0,
      60.0,
      60.0,
      60.0,
      60.0,
      60.0,
      60.0,
      60.0,
      60.0,
      60.0,
      60.0,
      60.0,
      60.0,
      60.0,
      60.0,
      60.0,
      60.0,
      60.0,
      60.0,
      60.0,
      60.0,
      60.0,
      60.0,
      60.0,
      60.0,
      60.0,
      60.0,
      60.0,
      60.0
    ],
    "tw_early_s": [
      744.2159189598663,
      646.9176583142103,
      564.1967928526772,
      572.0267606451462,
      117.0701716078919,
      0.0,
      731.997197408446,
      387.95023671015065,
      242.6454864348109,
      0.0,
      0.0,
      318.7593770819077,
      501.0886171513457,
      769.8570388726309,
      421.5680786193841,
      665.8073891817534,
      476.06921819313163,
      313.2203956731197,
      0.0,
      286.3418193272154,
      0.0,
      480.90100035405317,
      77.78700873354063,
      210.04870797246815,
      0.0,
      152.83373350311365,
      240.66196393080145,
      162.4715215195302,
      0.0,
      403.16884530948164,
      664.9494519639213,
      0.0,
      0.0,
      0.0,
      61.565216824256765,
      0.0,
      39.5039846218051,
      575.065597564059,
      844.6209522463673,
      0.0
    ],
    "tw_late_s": [
      1344.2159189598663,
      1246.9176583142103,
      1164.1967928526772,
      1172.0267606451462,
      717.0701716078919,
      336.4582729944319,
      1331.997197408446,
      987.9502367101506,
      842.6454864348109,
      398.8297909432656,
      571.8642555075755,
      918.7593770819077,
      1101.0886171513457,
      1369.857038872631,
      1021.5680786193841,
      1265.8073891817535,
      1076.0692181931317,
      913.2203956731197,
      476.2686171561764,
      886.3418193272154,
      411.7567384464013,
      1080.9010003540532,
      677.7870087335407,
      810.0487079724682,
      594.4896438113499,
      752.8337335031136,
      840.6619639308014,
      762.4715215195301,
      327.84819605946655,
      1003.1688453094816,
      1264.9494519639213,
      324.3323179988961,
      394.92735135690435,
      561.1141358772301,
      661.5652168242568,
      485.71836674369297,
      639.5039846218051,
      1175.0655975640589,
      1444.6209522463673,
      494.72332094464866
    ],
    "bs_xy": [
      [
        473.20668427043364,
        595.3706212895469
      ],
      [
        203.03999792313908,
        397.3808040832313
      ],
      [
        322.16788869756033,
        656.1674566439401
      ],
      [
        478.3901897561449,
        77.2483787310444
      ],
      [
        749.3118608293167,
        776.7140148905073
      ],
      [
        716.2694587686607,
        974.003105124689
      ],
      [
        431.9282900477683,
        355.7353493240842
      ],
      [
        183.77245925331297,
        865.3298682474598
      ],
      [
        250.19621114478784,
        754.6701544838916
      ],
      [
        2.688675579565425,
        627.5070030432142
      ]
    ],
    "speed_mps": 10.0,
    "capacity_kg": 6.0,
    "altitude_m": 100.0
  }
}