{
  "spec": {
    "run_id": "seed9_N20_M3_D5_B10_K10_lo0.0_lt0.0_twA",
    "seed": 9,
    "n_clients": 20,
    "num_uavs": 3,
    "delta_min": 5,
    "bs_count": 10,
    "edge_samples": 10,
    "lambda_out": 0.0,
    "lambda_tw": 0.0,
    "tw_family": "A",
    "tw_mode": "soft"
  },
  "scenario": {
    "depot_xy": [
      500.0,
      500.0
    ],
    "client_xy": [
      [
        141.7974310598842,
        718.4896505597778
      ],
      [
        245.31067302239506,
        753.0946589093633
      ],
      [
        677.4508995524594,
        532.2077312341155
      ],
      [
        17.345379814891594,
        513.7007183998459
      ],
      [
        389.8269991277623,
        811.2495630118004
      ],
      [
        779.2349600116157,
        6.099555796402645
      ],
      [
        796.1656793674006,
        754.1790621347208
      ],
      [
        405.77935704716725,
        179.2030060040821
      ],
      [
        377.5157064425789,
        398.4740816438811
      ],
      [
        336.68731007399344,
        332.3784390021628
      ],
      [
        584.4793961473559,
        521.8623771615901
      ],
      [
        979.0924921013594,
        871.8950537791711
      ],
      [
        401.37952793548413,
        899.0724339425084
      ],
      [
        290.7020413098075,
        338.3275419854068
      ],
      [
        6.771943341489228,
        77.78586852577463
      ],
      [
        14.507192116547053,
        350.08562046318445
      ],
      [
        666.2787049768469,
        537.5904834799953
      ],
      [
        676.2375052032429,
        46.31110370429459
      ],
      [
        390.28819490414355,
        528.6429826262055
      ],
      [
        120.6796667286255,
        132.88444064088435
      ]
    ],
    "delivery": [
      0.7054009367136304,
      0.0,
      0.0,
      1.030411472718865,
      0.5505165189406794,
      0.5708450614137011,
      0.0,
      0.0,
      0.0,
      0.0,
      0.5234604546040585,
      0.0,
      0.0,
      0.9953462852445378,
      0.0,
      1.8440884835696412,
      0.0,
      0.0,
      1.5479771634571422,
      0.0
    ],
    "pickup": [
      0.0,
      1.1785211901925996,
      1.1815721308243257,
      0.0,
      0.0,
      0.0,
      1.3886382787956475,
      1.4168003885578169,
      1.2061940255167762,
      1.6582103037664324,
      0.0,
      1.116468571304241,
      0.7040484479687134,
      0.0,
      0.5209848896826299,
      0.0,
      1.1361158831820501,
      1.894789670883537,
      0.0,
      1.4566682222132967
    ],
    "service_duration_s": [
      60.0,
      60.0,
      60.0,
      60.0,
      60.0,
      60.0,
      60.0,
      60.0,
      60.0,
      60.0,
      60.0,
      60.0,
      60.0,
      60.0,
      60.0,
      60.0,
      60.0,
      60.0,
      60.0,
      60.0
    ],
    "tw_early_s": [
      207.34296441673877,
      238.81901923825512,
      43.76569612369292,
      331.8761869420765,
      268.4320255839133,
      0.0,
      123.73341186702686,
      0.0,
      0.0,
      0.0,
      13.791234111298536,
      149.19422542558266,
      115.72129357654,
      0.0,
      0.0,
      0.0,
      38.47846412999786,
      0.0,
      356.6927212545411,
      0.0
    ],
    "tw_late_s": [
      807.3429644167388,
      838.8190192382551,
      643.7656961236929,
      931.8761869420765,
      868.4320255839133,
      498.66038815745304,
      723.7334118670269,
      539.2215873053614,
      315.90908993824405,
      383.6779971498486,
      613.7912341112985,
      749.1942254255827,
      715.72129357654,
      326.4468559931728,
      438.0521384425956,
      350.81117866163584,
      638.4784641299979,
      529.3404333702343,
      956.6927212545411,
      413.1141535218463
    ],
    "bs_xy": [
      [
        360.2668842950052,
        977.810508368036
      ],
      [
        899.9835439535309,
        736.0127340458397
      ],
      [
        247.27562162114248,
        594.8381712727414
      ],
      [
        513.8317124491429,
        283.0641676494081
      ],
      [
        453.97422223275674,
        809.139858960626
      ],
      [
        901.5267175375662,
        701.724441913506
      ],
      [
        795.2670149463578,
        650.538456838034
      ],
      [
        705.9773969321795,
        336.5050409321723
      ],
      [
        899.4484921641556,
        275.6508493054064
      ],
      [
        361.74271521324886,
        866.0881736245044
      ]
    ],
    "speed_mps": 10.0,
    "capacity_kg": 6.0,
    "altitude_m": 100.0
  }
}