{
  "spec": {
    "run_id": "seed3_N10_M3_D2_B7_K10_lo0.5_lt1.0_twA",
    "seed": 3,
    "n_clients": 10,
    "num_uavs": 3,
    "delta_min": 2,
    "bs_count": 7,
    "edge_samples": 10,
    "lambda_out": 0.5,
    "lambda_tw": 1.0,
    "tw_family": "A",
    "tw_mode": "soft"
  },
  "scenario": {
    "depot_xy": [
      500.0,
      500.0
    ],
    "client_xy": [
      [
        628.4541852944922,
        891.6440031792288
      ],
      [
        234.9876331773839,
        70.26576202101131
      ],
      [
        862.0483892457106,
        272.27383796279213
      ],
      [
        475.12885712646704,
        412.45766508545137
      ],
      [
        14.558943226882338,
        325.4677156872977
      ],
      [
        698.7974894137282,
        583.9445374307511
      ],
      [
        973.7336886557629,
        123.37497034438083
      ],
      [
        728.6543110510988,
        973.9056307368608
      ],
      [
        115.4324346733624,
        781.1011227690981
      ],
      [
        254.29165709453838,
        430.3934832090144
      ]
    ],
    "delivery": [
      1.5334641808488478,
      0.0,
      1.6061881007913474,
      1.1674481385706523,
      1.8523793208981085,
      0.0,
      1.5143123012320348,
      0.6070197993143951,
      0.0,
      0.6838501478823842
    ],
    "pickup": [
      0.0,
      0.5233576801304243,
      0.0,
      0.0,
      0.0,
      1.7577468268601883,
      0.0,
      0.0,
      1.5153331487159996,
      0.0
    ],
    "service_duration_s": [
      60.0,
      60.0,
      60.0,
      60.0,
      60.0,
      60.0,
      60.0,
      60.0,
      60.0,
      60.0
    ],
    "tw_early_s": [
      182.56314092227598,
      0.0,
      56.36754789072745,
      0.0,
      0.0,
      75.87847041960555,
      89.60963833633974,
      238.12327037088892,
      197.4565108426741,
      0.0
    ],
    "tw_late_s": [
      422.563140922276,
      170.48792626562386,
      296.36754789072745,
      227.69418322691126,
      171.58629060791358,
      315.87847041960555,
      329.60963833633974,
      478.1232703708889,
      437.4565108426741,
      145.53774793381783
    ],
    "bs_xy": [
      [
        565.9628281728884,
        659.6942599288482
      ],
      [
        41.84322525762663,
        735.2675055814642
      ],
      [
        684.7326316646695,
        571.8633640158852
      ],
      [
        50.45327469705052,
        286.6737944178416
      ],
      [
        271.4510719432848,
        553.1465553104453
      ],
      [
        351.22593985018324,
        723.7194332778458
      ],
      [
        854.1446779614985,
        404.3058259418918
      ]
    ],
    "speed_mps": 10.0,
    "capacity_kg": 6.0,
    "altitude_m": 100.0
  }
}