{
  "spec": {
    "run_id": "seed7_N40_M3_D5_B4_K10_lo0.0_lt5.0_twA",
    "seed": 7,
    "n_clients": 40,
    "num_uavs": 3,
    "delta_min": 5,
    "bs_count": 4,
    "edge_samples": 10,
    "lambda_out": 0.0,
    "lambda_tw": 5.0,
    "tw_family": "A",
    "tw_mode": "soft"
  },
  "scenario": {
    "depot_xy": [
      500.0,
      500.0
    ],
    "client_xy": [
      [
        239.14857836917213,
        583.1543776688368
      ],
      [
        965.5743546167703,
        352.2319242567352
      ],
      [
        620.7516708680439,
        55.59333638394992
      ],
      [
        66.24781629366716,
        732.7644489643926
      ],
      [
        391.17482831530106,
        378.48288294625274
      ],
      [
        221.02312277344228,
        473.79229905290043
      ],
      [
        969.5669103235716,
        287.8892828344235
      ],
      [
        330.71369071472446,
        392.89421915060075
      ],
      [
        848.7264727112357,
        393.06239212312875
      ],
      [
        315.1345785967189,
        600.0918501006992
      ],
      [
        428.50829248104174,
        84.78603595313893
      ],
      [
        85.91664734040117,
        684.3054486177864
      ],
      [
        318.69256615408284,
        932.5335972188356
      ],
      [
        812.2786508994332,
        549.1370709722968
      ],
      [
        958.9777242260586,
        364.3313566437999
      ],
      [
        345.99808594012393,
        728.5857680212453
      ],
      [
        645.3466706812223,
        205.14955528482602
      ],
      [
        739.6268626427662,
        770.2866576249521
      ],
      [
        157.49526499711942,
        940.6685023797073
      ],
      [
        949.8179275128721,
        808.9678909073015
      ],
      [
        4.919563406826422,
        779.0689607229862
      ],
      [
        256.6617470151715,
        953.7032431411707
      ],
      [
        859.3557495356492,
        990.0663143202546
      ],
      [
        925.9130854228467,
        300.69030327425025
      ],
      [
        618.0301258438068,
        41.74456694317452
      ],
      [
        56.25911429998642,
        33.63082160998432
      ],
      [
        39.54832857183022,
        872.9135540713484
      ],
      [
        312.3886134707202,
        682.6542080334065
      ],
      [
        102.41726457878852,
        994.0130267570871
      ],
      [
        348.454085614468,
        939.366477237357
      ],
      [
        208.57461170385295,
        859.6168380860677
      ],
      [
        335.4512712661236,
        818.6035708262768
      ],
      [
        8.124642070162501,
        77.16071285777836
      ],
      [
        539.7576377980683,
        954.48902053096
      ],
      [
        525.69923526507,
        481.8591344857609
      ],
      [
        733.7898235837179,
        587.3939907641555
      ],
      [
        385.82763037280733,
        759.5694703641828
      ],
      [
        820.8721653214739,
        694.9994402453536
      ],
      [
        380.91231410550506,
        795.9006778302404
      ],
      [
        513.5914270809104,
        492.3716478494119
      ]
    ],
    "delivery": [
      0.0,
      0.0,
      1.0455400567055086,
      0.0,
      1.0992204898658282,
      1.3581917465197924,
      1.6172752595561803,
      0.0,
      0.7325765411751264,
      1.6899329456273855,
      1.8261106686354995,
      0.0,
      0.0,
      1.2198570227149077,
      0.0,
      1.2561100131500478,
      1.1322355588359403,
      0.7944354674356909,
      1.3390218746160802,
      1.0996463196199295,
      0.0,
      0.0,
      0.7886718503356057,
      0.7870908904915778,
      0.0,
      0.0,
      1.6414979511595171,
      0.0,
      1.9231466298338633,
      0.0,
      0.0,
      0.0,
      0.0,
      0.0,
      0.0,
      0.8475645916261174,
      0.0,
      1.4070828763461574,
      1.6811349640566855,
      0.0
    ],
    "pickup": [
      1.2996922041778416,
      1.0258910209576473,
      0.0,
      1.118718987413888,
      0.0,
      0.0,
      0.0,
      1.9271955988281015,
      0.0,
      0.0,
      0.0,
      0.9757509412153009,
      1.3938666652799927,
      0.0,
      1.7408657745385605,
      0.0,
      0.0,
      0.0,
      0.0,
      0.0,
      1.989366461498792,
      1.0986937705646649,
      0.0,
      0.0,
      1.2994694537421858,
      0.7150915292869529,
      0.0,
      1.11110466016423,
      0.0,
      1.357983615509586,
      1.316505383060651,
      1.298574974355801,
      1.0383897484491331,
      0.9840036014686536,
      1.3382252454460888,
      0.0,
      0.9419629356974611,
      0.0,
      0.0,
      1.9863079472420684
    ],
    "service_duration_s": [
      60.0,
      60.0,
      60.0,
      60.0,
      60.0,
      60.0,
      60.0,
      60.0,
      60.0,
      60.0,
      60.0,
      60.0,
      60.0,
      60.0,
      60.0,
      60.0,
      60.0,
      60.0,
      60.0,
      60.0,
      60.0,
      60.0,
      60.0,
      60.0,
      60.0,
      60.0,
      60.0,
      60.0,
      60.0,
      60.0,
      60.0,
      60.0,
      60.0,
      60.0,
      60.0,
      60.0,
      60.0,
      60.0,
      60.0,
      60.0
    ],
    "tw_early_s": [
      902.355461368727,
      98.16059415494158,
      0.0,
      748.6489129855736,
      0.0,
      0.0,
      164.61180998815877,
      0.0,
      113.38612779962676,
      834.5703793505586,
      0.0,
      753.6423590475638,
      458.2404777091788,
      183.11479411832858,
      232.32901253214175,
      520.287626580155,
      0.0,
      274.26239548733133,
      676.2158372526028,
      272.5136219179951,
      681.1761443725893,
      524.7948475732628,
      417.92057214834756,
      41.348530040855564,
      0.0,
      0.0,
      674.3819461366289,
      766.309578377359,
      600.7373188425578,
      376.87743120105495,
      599.2756103050004,
      594.6361737514363,
      0.0,
      376.0252112210686,
      56.17186610798058,
      195.96381668556887,
      455.24145731962597,
      328.1639852422014,
      529.5547096253861,
      0.0
    ],
    "tw_late_s": [
      1502.355461368727,
      698.1605941549416,
      485.8664226202495,
      1348.6489129855736,
      386.24784289864715,
      328.0205177710931,
      764.6118099881587,
      320.03234953838154,
      713.3861277996268,
      1434.5703793505586,
      466.9093250221306,
      1353.6423590475638,
      1058.2404777091788,
      783.1147941183285,
      832.3290125321417,
      1120.2876265801551,
      551.7097804708504,
      874.2623954873313,
      1276.2158372526028,
      872.5136219179951,
      1281.1761443725893,
      1124.7948475732628,
      1017.9205721483476,
      641.3485300408556,
      551.2023402134083,
      435.01937996082825,
      1274.3819461366288,
      1366.309578377359,
      1200.7373188425577,
      976.877431201055,
      1199.2756103050006,
      1194.6361737514362,
      364.8640447774842,
      976.0252112210686,
      656.1718661079806,
      795.9638166855689,
      1055.241457319626,
      928.1639852422014,
      1129.554709625386,
      590.8395936464444
    ],
    "bs_xy": [
      [
        304.94471927941345,
        130.06972146799356
      ],
      [
        687.3065652429805,
        167.52873260745082
      ],
      [
        530.3654081145314,
        202.1865080967322
      ],
      [
        801.9980037667535,
        166.8096275986134
      ]
    ],
    "speed_mps": 10.0,
    "capacity_kg": 6.0,
    "altitude_m": 100.0
  }
}