{
  "spec": {
    "run_id": "seed7_N40_M3_D2_B10_K10_lo0.5_lt0.0_twA",
    "seed": 7,
    "n_clients": 40,
    "num_uavs": 3,
    "delta_min": 2,
    "bs_count": 10,
    "edge_samples": 10,
    "lambda_out": 0.5,
    "lambda_tw": 0.0,
    "tw_family": "A",
    "tw_mode": "soft"
  },
  "scenario": {
    "depot_xy": [
      500.0,
      500.0
    ],
    "client_xy": [
      [
        688.3039220502492,
        869.8472793096129
      ],
      [
        510.25979520632757,
        667.2617646328855
      ],
      [
        188.24890480859347,
        260.361171740988
      ],
      [
        436.315554641145,
        727.9649033525432
      ],
      [
        329.84932384770684,
        210.60437422460532
      ],
      [
        190.42019132245335,
        747.9477958189321
      ],
      [
        446.7244661665167,
        66.08066859659412
      ],
      [
        962.4558785675872,
        6.024271396400049
      ],
      [
        886.9942284128965,
        738.7653326564348
      ],
      [
        439.24588839942913,
        778.1983754094612
      ],
      [
        66.4843626905196,
        634.7429549365448
      ],
      [
        824.0853981491982,
        98.7937226576887
      ],
      [
        351.2004615908685,
        751.9293035851883
      ],
      [
        728.1869649544238,
        243.61307209748418
      ],
      [
        913.5560419921896,
        537.8778991072181
      ],
      [
        141.16512504693767,
        341.79847061496315
      ],
      [
        349.95285628000016,
        893.486783843647
      ],
      [
        475.2021363529153,
        517.2471420655766
      ],
      [
        74.042324176409,
        764.1953596672187
      ],
      [
        746.9880446786672,
        315.9615834648151
      ],
      [
        385.3567592718262,
        95.50332084580415
      ],
      [
        228.93835450953725,
        48.08495762457776
      ],
      [
        975.7570209944902,
        442.824932488039
      ],
      [
        215.4907384836253,
        221.2612050506999
      ],
      [
        309.67005106550374,
        257.0216708306472
      ],
      [
        581.3684605595665,
        838.6931633566534
      ],
      [
        272.851447474148,
        810.8957962795653
      ],
      [
        860.9776386238018,
        905.8521988164962
      ],
      [
        585.8250518556415,
        74.11482764184451
      ],
      [
        34.89334341989503,
        880.8267706200483
      ],
      [
        466.8708008817779,
        607.5003827763595
      ],
      [
        947.5724292408518,
        190.30201312883733
      ],
      [
        643.3043126750728,
        648.5338038193355
      ],
      [
        897.381125215369,
        626.3786284555764
      ],
      [
        759.1250801549411,
        883.5034854623048
      ],
      [
        909.2677610601332,
        806.4279165159427
      ],
      [
        272.7193031133034,
        942.4025626181026
      ],
      [
        809.6897229354004,
        816.9135383399747
      ],
      [
        498.1825019425166,
        271.9383012946034
      ],
      [
        572.8802319908074,
        20.71406182840907
      ]
    ],
    "delivery": [
      1.571783483842514,
      0.0,
      0.510889581909918,
      0.0,
      0.0,
      0.6207981920844639,
      0.0,
      0.0,
      0.0,
      1.4034434768263282,
      0.0,
      0.8318505417286873,
      0.0,
      1.25995224232131,
      1.8591407581026331,
      0.5400806832746021,
      0.0,
      1.399534279842615,
      0.0,
      0.0,
      0.9775514070950702,
      0.0,
      1.4361623044988083,
      1.17586565864914,
      0.0,
      1.1729847187490763,
      1.7269771402457654,
      0.0,
      0.0,
      1.8829659728402786,
      0.0,
      1.2766224199693152,
      1.683250463153957,
      0.0,
      0.0,
      0.0,
      0.0,
      0.0,
      0.0,
      0.0
    ],
    "pickup": [
      0.0,
      1.664864926249753,
      0.0,
      1.8278035728278816,
      1.7342847694506527,
      0.0,
      1.1980029343972816,
      1.5326353014344232,
      0.5892287533789684,
      0.0,
      0.8362115018325182,
      0.0,
      1.452237433408925,
      0.0,
      0.0,
      0.0,
      1.6555133454857351,
      0.0,
      0.861524996358287,
      0.8417705572694804,
      0.0,
      1.3130623735154743,
      0.0,
      0.0,
      0.541873038661368,
      0.0,
      0.0,
      1.0707333008433941,
      0.6647082007857293,
      0.0,
      0.9462369028150096,
      0.0,
      0.0,
      1.6108194614710434,
      0.8667251025042653,
      1.9821905070646215,
      1.906065570217379,
      1.762878988518941,
      1.5316988122856823,
      0.9141742622216167
    ],
    "service_duration_s": [
      60.0,
      60.0,
      60.0,
      60.0,
      60.0,
      60.0,
      60.0,
      60.0,
      60.0,
      60.0,
      60.0,
      60.0,
      60.0,
      60.0,
      60.0,
      60.0,
      60.0,
      60.0,
      60.0,
      60.0,
      60.0,
      60.0,
      60.0,
      60.0,
      60.0,
      60.0,
      60.0,
      60.0,
      60.0,
      60.0,
      60.0,
      60.0,
      60.0,
      60.0,
      60.0,
      60.0,
      60.0,
      60.0,
      60.0,
      60.0
    ],
    "tw_early_s": [
      618.1618701308464,
      672.0490898459216,
      0.0,
      661.8435775272835,
      0.0,
      894.0210602271064,
      82.78808802342004,
      254.9949627623389,
      449.59180557037325,
      704.7004129906404,
      970.806597340315,
      166.13520258547334,
      817.9381041208188,
      243.271897389149,
      336.9273030716216,
      0.0,
      779.2828211265996,
      946.2430994319523,
      905.6847278687408,
      249.17991600953297,
      75.916247116047,
      0.9352538722041572,
      358.6952760243687,
      0.0,
      0.0,
      583.5949904370685,
      850.5814486833684,
      494.8388383124094,
      156.72132908593738,
      833.3820742057616,
      739.4342287003354,
      325.8488880983932,
      535.5776678475015,
      429.74444384548485,
      579.0802542765808,
      423.7857284170469,
      748.8152744010905,
      510.7190317838647,
      69.23103712041265,
      156.10497815218633
    ],
    "tw_late_s": [
      858.1618701308464,
      912.0490898459216,
      159.32117919930602,
      901.8435775272835,
      231.31514767631114,
      1134.0210602271063,
      322.7880880234201,
      494.9949627623389,
      689.5918055703733,
      944.7004129906404,
      1210.806597340315,
      406.13520258547334,
      1057.938104120819,
      483.271897389149,
      576.9273030716216,
      159.21609253639946,
      1019.2828211265996,
      1186.2430994319523,
      1145.6847278687408,
      489.179916009533,
      315.916247116047,
      240.93525387220416,
      598.6952760243687,
      159.829742115457,
      238.07902334637498,
      823.5949904370685,
      1090.5814486833683,
      734.8388383124094,
      396.7213290859374,
      1073.3820742057615,
      979.4342287003354,
      565.8488880983932,
      775.5776678475015,
      669.7444438454849,
      819.0802542765808,
      663.7857284170469,
      988.8152744010905,
      750.7190317838647,
      309.2310371204127,
      396.10497815218633
    ],
    "bs_xy": [
      [
        45.24379488215291,
        43.722371086016175
      ],
      [
        342.56779098328127,
        895.192126333478
      ],
      [
        687.5648278666399,
        212.7178278450378
      ],
      [
        65.09802485626149,
        44.58631309831207
      ],
      [
        948.4253536941172,
        389.42305425677637
      ],
      [
        771.218737660754,
        454.0176178443223
      ],
      [
        111.94349080506105,
        245.1392268005933
      ],
      [
        578.1613437022037,
        635.1403002131796
      ],
      [
        787.7019677744694,
        483.7107006907038
      ],
      [
        775.2412984301667,
        896.1575071357641
      ]
    ],
    "speed_mps": 10.0,
    "capacity_kg": 6.0,
    "altitude_m": 100.0
  }
}