{
  "spec": {
    "run_id": "seed6_N10_M3_D10_B7_K10_lo0.0_lt1.0_twA",
    "seed": 6,
    "n_clients": 10,
    "num_uavs": 3,
    "delta_min": 10,
    "bs_count": 7,
    "edge_samples": 10,
    "lambda_out": 0.0,
    "lambda_tw": 1.0,
    "tw_family": "A",
    "tw_mode": "soft"
  },
  "scenario": {
    "depot_xy": [
      500.0,
      500.0
    ],
    "client_xy": [
      [
        641.6798192762836,
        930.9108151074737
      ],
      [
        31.05314714216989,
        537.5952472994819
      ],
      [
        839.9417372579779,
        19.997017788018102
      ],
      [
        206.18971855454848,
        57.5572235628703
      ],
      [
        156.268332427549,
        447.68910003187557
      ],
      [
        66.38116974836039,
        591.2332431733287
      ],
      [
        810.4769455198743,
        975.8171489783141
      ],
      [
        530.5947101560346,
        915.0774286088835
      ],
      [
        268.3080670769837,
        581.8602675790445
      ],
      [
        955.9986189461505,
        417.6417207515999
      ]
    ],
    "delivery": [
      0.0,
      1.1185698253870282,
      0.8011776995555702,
      1.3067931561840047,
      0.0,
      0.0,
      1.1124291913483695,
      0.0,
      1.0654240841300084,
      1.5541171454837728
    ],
    "pickup": [
      1.3341134211774526,
      0.0,
      0.0,
      0.0,
      1.5743781407711794,
      1.3919590953066963,
      0.0,
      1.3368882548492023,
      0.0,
      0.0
    ],
    "service_duration_s": [
      60.0,
      60.0,
      60.0,
      60.0,
      60.0,
      60.0,
      60.0,
      60.0,
      60.0,
      60.0
    ],
    "tw_early_s": [
      0.0,
      0.0,
      0.0,
      0.0,
      0.0,
      0.0,
      0.0,
      0.0,
      0.0,
      0.0
    ],
    "tw_late_s": [
      812.0426575383163,
      1022.8641508045935,
      658.8186405540257,
      653.1112127431159,
      634.7689357829101,
      938.8520422850515,
      823.0368395685937,
      900.251486719407,
      950.0554278224402,
      774.7983913712583
    ],
    "bs_xy": [
      [
        927.4868868221209,
        298.06733879108725
      ],
      [
        201.0335827553581,
        395.72459897594246
      ],
      [
        322.83299131481556,
        390.29642096971685
      ],
      [
        674.3442883642822,
        590.1192684487028
      ],
      [
        265.57253478002343,
        148.25928640111263
      ],
      [
        173.74739716218423,
        596.3419586147849
      ],
      [
        892.2231768911411,
        394.2154914391993
      ]
    ],
    "speed_mps": 10.0,
    "capacity_kg": 6.0,
    "altitude_m": 100.0
  }
}