{
  "spec": {
    "run_id": "seed7_N20_M3_D5_B4_K10_lo0.0_lt0.0_twA",
    "seed": 7,
    "n_clients": 20,
    "num_uavs": 3,
    "delta_min": 5,
    "bs_count": 4,
    "edge_samples": 10,
    "lambda_out": 0.0,
    "lambda_tw": 0.0,
    "tw_family": "A",
    "tw_mode": "soft"
  },
  "scenario": {
    "depot_xy": [
      500.0,
      500.0
    ],
    "client_xy": [
      [
        346.3480145661549,
        439.35886769390873
      ],
      [
        877.0958383527781,
        500.7025684793317
      ],
      [
        639.2351333535747,
        184.46063862435736
      ],
      [
        751.0848961067805,
        997.1496245918133
      ],
      [
        225.48376953787164,
        829.6080368379719
      ],
      [
        762.7055022664435,
        153.11443803914403
      ],
      [
        301.6619354153699,
        720.0978015080709
      ],
      [
        204.68882224956408,
        361.70901186856065
      ],
      [
        399.6083907512773,
        446.28107512205327
      ],
      [
        470.7173594529528,
        855.3757866585377
      ],
      [
        989.3387227836876,
        285.1599513294483
      ],
      [
        740.7697484405687,
        530.0507357825287
      ],
      [
        624.294779071368,
        737.2318247037509
      ],
      [
        924.5325601408323,
        403.27416152490014
      ],
      [
        278.41143760380436,
        374.4719215821871
      ],
      [
        843.8095499520306,
        64.79167330407066
      ],
      [
        309.0126290131805,
        10.175072178417954
      ],
      [
        153.89578208563458,
        724.9255403099633
      ],
      [
        483.2266554909881,
        968.1946201890553
      ],
      [
        3.1780300002824946,
        200.0556367669183
      ]
    ],
    "delivery": [
      1.7403741669006523,
      0.534208142886507,
      1.9263525038347122,
      0.0,
      0.0,
      0.0,
      1.80591903508786,
      1.3149228837759295,
      0.0,
      0.0,
      0.0,
      0.0,
      1.0226603705375306,
      0.8260603761529139,
      1.4939614935211691,
      0.0,
      0.0,
      0.0,
      1.2721573548485625,
      0.6921681311948271
    ],
    "pickup": [
      0.0,
      0.0,
      0.0,
      1.6384946940047258,
      0.6496036364632909,
      1.9835631435536314,
      0.0,
      0.0,
      1.2258746334906707,
      1.8219634061398289,
      1.8007394139141977,
      0.8889894081773311,
      0.0,
      0.0,
      0.0,
      1.7241359991058745,
      1.1632592658040388,
      1.8550383951527478,
      0.0,
      0.0
    ],
    "service_duration_s": [
      60.0,
      60.0,
      60.0,
      60.0,
      60.0,
      60.0,
      60.0,
      60.0,
      60.0,
      60.0,
      60.0,
      60.0,
      60.0,
      60.0,
      60.0,
      60.0,
      60.0,
      60.0,
      60.0,
      60.0
    ],
    "tw_early_s": [
      0.0,
      33.403562819611636,
      0.0,
      144.62254729690028,
      259.7883635128853,
      0.0,
      279.5831728631024,
      0.0,
      0.0,
      228.6181499686072,
      0.0,
      78.01635267269086,
      149.24187076876473,
      44.33413802958114,
      0.0,
      0.0,
      0.0,
      322.8808379334939,
      188.83942894409302,
      0.0
    ],
    "tw_late_s": [
      316.5185591245506,
      633.4035628196116,
      486.69273085847027,
      744.6225472969003,
      859.7883635128853,
      554.5401983916697,
      879.5831728631024,
      332.6087548217836,
      311.3860432537343,
      828.6181499686072,
      583.1225091876238,
      678.0163526726908,
      749.2418707687648,
      644.3341380295811,
      385.9130757513212,
      529.6855704677212,
      415.92771338950485,
      922.8808379334939,
      788.839428944093,
      418.44253369261185
    ],
    "bs_xy": [
      [
        495.3852809676077,
        928.173163693258
      ],
      [
        956.913903552837,
        790.0056112048925
      ],
      [
        152.81247258957887,
        832.1054728606384
      ],
      [
        642.8606941334948,
        213.62464317828832
      ]
    ],
    "speed_mps": 10.0,
    "capacity_kg": 6.0,
    "altitude_m": 100.0
  }
}