{
  "spec": {
    "run_id": "seed6_N20_M3_D5_B4_K10_lo0.5_lt0.0_twA",
    "seed": 6,
    "n_clients": 20,
    "num_uavs": 3,
    "delta_min": 5,
    "bs_count": 4,
    "edge_samples": 10,
    "lambda_out": 0.5,
    "lambda_tw": 0.0,
    "tw_family": "A",
    "tw_mode": "soft"
  },
  "scenario": {
    "depot_xy": [
      500.0,
      500.0
    ],
    "client_xy": [
      [
        996.2040124116214,
        657.9705666666915
      ],
      [
        284.0160343922976,
        87.36882394690093
      ],
      [
        991.3079185573736,
        808.7908693894865
      ],
      [
        873.2298062474207,
        476.52982883131045
      ],
      [
        420.7212529549782,
        171.43286233382327
      ],
      [
        535.8760949470542,
        880.133468982255
      ],
      [
        28.60821137052927,
        81.5963940882567
      ],
      [
        826.2171734373919,
        746.6004326853174
      ],
      [
        417.1837302207736,
        136.74836605551656
      ],
      [
        494.0832338915153,
        42.32339298686305
      ],
      [
        993.0512213083181,
        891.2855367986091
      ],
      [
        495.7963808847631,
        660.6577845855255
      ],
      [
        529.9948628411933,
        474.4368730028795
      ],
      [
        511.8824988945575,
        489.5697155183467
      ],
      [
        420.4200045773968,
        342.9794795112461
      ],
      [
        890.0377871191881,
        7.983377919600243
      ],
      [
        721.937912149117,
        687.8795713489428
      ],
      [
        232.66971900341383,
        893.6865308977449
      ],
      [
        393.6375131643388,
        653.9425445121
      ],
      [
        241.79588292669519,
        512.013295931098
      ]
    ],
    "delivery": [
      0.0,
      0.0,
      0.0,
      0.6854348960909689,
      0.9609845538804014,
      0.0,
      0.6107733998573186,
      1.082393736350152,
      0.587995437201009,
      0.5138959287105693,
      0.0,
      0.0,
      1.995033102890331,
      0.0,
      0.0,
      1.5010374212536144,
      0.7108805986769633,
      0.9566051632272956,
      1.2616954504827744,
      0.0
    ],
    "pickup": [
      1.7956983798221948,
      0.8927734719968743,
      0.9675221698042118,
      0.0,
      0.0,
      1.5869409076167666,
      0.0,
      0.0,
      0.0,
      0.0,
      1.8874212754735753,
      0.7802041154109887,
      0.0,
      1.2828007827166226,
      1.8707184921295814,
      0.0,
      0.0,
      0.0,
      0.0,
      1.907290145316708
    ],
    "service_duration_s": [
      60.0,
      60.0,
      60.0,
      60.0,
      60.0,
      60.0,
      60.0,
      60.0,
      60.0,
      60.0,
      60.0,
      60.0,
      60.0,
      60.0,
      60.0,
      60.0,
      60.0,
      60.0,
      60.0,
      60.0
    ],
    "tw_early_s": [
      28.584028085942577,
      0.0,
      28.8925899589575,
      79.83799428306338,
      0.0,
      259.20881828308154,
      0.0,
      167.25118795140463,
      0.0,
      0.0,
      111.91765518920249,
      226.73111488803147,
      0.0,
      0.0,
      0.0,
      0.0,
      118.41880582659508,
      231.49797965426342,
      345.92850175055946,
      316.16093598335635
    ],
    "tw_late_s": [
      628.5840280859426,
      346.5739799513197,
      628.8925899589575,
      679.8379942830634,
      463.2567586718621,
      859.2088182830815,
      363.0295006982636,
      767.2511879514046,
      420.7767875579593,
      408.5583908210717,
      711.9176551892025,
      826.7311148880315,
      511.9187073219198,
      517.3077006898677,
      317.6035279208518,
      572.9532115830289,
      718.4188058265951,
      831.4979796542634,
      945.9285017505595,
      916.1609359833564
    ],
    "bs_xy": [
      [
        633.7683183615322,
        620.351721576254
      ],
      [
        448.45932799110176,
        754.9237925413393
      ],
      [
        897.1107912245393,
        3.231372714854408
      ],
      [
        148.417183434694,
        254.52356022786014
      ]
    ],
    "speed_mps": 10.0,
    "capacity_kg": 6.0,
    "altitude_m": 100.0
  }
}