{
  "spec": {
    "run_id": "seed3_N20_M3_D10_B7_K10_lo0.5_lt5.0_twA",
    "seed": 3,
    "n_clients": 20,
    "num_uavs": 3,
    "delta_min": 10,
    "bs_count": 7,
    "edge_samples": 10,
    "lambda_out": 0.5,
    "lambda_tw": 5.0,
    "tw_family": "A",
    "tw_mode": "soft"
  },
  "scenario": {
    "depot_xy": [
      500.0,
      500.0
    ],
    "client_xy": [
      [
        268.7501902869822,
        608.6547807798581
      ],
      [
        835.2458276391128,
        391.8556465651103
      ],
      [
        294.39518106280207,
        231.83225578923395
      ],
      [
        494.9766129533879,
        73.56435303098053
      ],
      [
        93.84410741343984,
        148.35752600367957
      ],
      [
        470.4822600867605,
        648.110639099806
      ],
      [
        29.264918038166776,
        501.5549961627839
      ],
      [
        338.44789517519837,
        219.2385644098582
      ],
      [
        27.65704989812068,
        604.5610278045641
      ],
      [
        636.1925805041072,
        838.1626795682408
      ],
      [
        350.2214137245927,
        354.8395224463841
      ],
      [
        977.6814661424861,
        69.73418810919763
      ],
      [
        221.08237238968854,
        158.9371266954227
      ],
      [
        755.0789149555027,
        73.3553654146275
      ],
      [
        43.96297273446015,
        593.7989461322011
      ],
      [
        960.3086742818143,
        81.80695168094287
      ],
      [
        254.2623971858946,
        820.0358750410154
      ],
      [
        85.26388301129117,
        400.0040869530821
      ],
      [
        824.8851679600688,
        546.9069127063673
      ],
      [
        91.92279231615719,
        586.9552092064241
      ]
    ],
    "delivery": [
      0.7825136509606831,
      0.7273266613838953,
      0.0,
      0.5312211165482016,
      0.0,
      0.8230556582918913,
      0.0,
      0.0,
      0.6295383401699495,
      1.2095656916400586,
      1.9822802358050775,
      0.0,
      0.6577780077302708,
      1.431652665020195,
      0.0,
      1.8235702894971837,
      0.0,
      0.0,
      0.0,
      0.0
    ],
    "pickup": [
      0.0,
      0.0,
      0.8231712155728222,
      0.0,
      1.9073027549317352,
      0.0,
      0.6235642423345908,
      1.0828224073445027,
      0.0,
      0.0,
      0.0,
      0.5237610122576584,
      0.0,
      0.0,
      1.1917319730753733,
      0.0,
      0.9691438741475145,
      1.2226864590379944,
      1.2139530992123146,
      0.6710274514791685
    ],
    "service_duration_s": [
      60.0,
      60.0,
      60.0,
      60.0,
      60.0,
      60.0,
      60.0,
      60.0,
      60.0,
      60.0,
      60.0,
      60.0,
      60.0,
      60.0,
      60.0,
      60.0,
      60.0,
      60.0,
      60.0,
      60.0
    ],
    "tw_early_s": [
      0.0,
      0.0,
      0.0,
      0.0,
      0.0,
      0.0,
      16.38325382007281,
      0.0,
      0.0,
      0.0,
      0.0,
      0.0,
      0.0,
      0.0,
      57.232430658887324,
      0.0,
      0.0,
      0.0,
      0.0,
      0.0
    ],
    "tw_late_s": [
      1174.7046724486074,
      937.0073274951745,
      735.4458785926068,
      819.0206589253319,
      653.7229037377019,
      1041.5852459540345,
      1216.3832538200727,
      694.4690090564291,
      1146.08139583496,
      1071.3817240569372,
      620.8578975810731,
      927.2926637993412,
      730.3315380783757,
      844.1638862957268,
      1257.2324306588873,
      818.155607078961,
      1049.8592019002947,
      642.6620709015583,
      926.5970665749678,
      1138.2635579210107
    ],
    "bs_xy": [
      [
        645.7524820069789,
        869.8998101791504
      ],
      [
        276.04092761184285,
        527.032717456565
      ],
      [
        837.588733064826,
        92.88741702110414
      ],
      [
        977.7086289019542,
        39.70442804545915
      ],
      [
        163.80445967774193,
        296.63879700280614
      ],
      [
        13.494375967906924,
        3.1846447605805572
      ],
      [
        611.9589618500229,
        366.20581429806134
      ]
    ],
    "speed_mps": 10.0,
    "capacity_kg": 6.0,
    "altitude_m": 100.0
  }
}