method,B,Delta_min,on_time_pct,total_tardiness_min,risk_mean
ortools_main,4,10,78.25,31.734717711057307,0.2687835663210333
pyvrp_baseline,4,10,100.0,0.0,0.04130434782608695
