{
  "spec": {
    "run_id": "seed4_N80_M3_D10_B4_K10_lo0.5_lt1.0_twA",
    "seed": 4,
    "n_clients": 80,
    "num_uavs": 3,
    "delta_min": 10,
    "bs_count": 4,
    "edge_samples": 10,
    "lambda_out": 0.5,
    "lambda_tw": 1.0,
    "tw_family": "A",
    "tw_mode": "soft"
  },
  "scenario": {
    "depot_xy": [
      500.0,
      500.0
    ],
    "client_xy": [
      [
        313.9321012314206,
        29.327416718708754
      ],
      [
        493.9042030873704,
        655.1705142502946
      ],
      [
        65.8579770821307,
        989.8881364637558
      ],
      [
        151.55532542076045,
        88.81113212631497
      ],
      [
        38.20737914464167,
        58.931706572940335
      ],
      [
        498.9399639225415,
        71.12226160740242
      ],
      [
        374.82691191835926,
        323.35717561943335
      ],
      [
        471.22928114048767,
        964.6712744291199
      ],
      [
        502.6571821508674,
        711.4459727910056
      ],
      [
        357.14676713564984,
        934.2955294461811
      ],
      [
        830.4774430374968,
        766.81213803279
      ],
      [
        998.0700098611852,
        628.1195911335072
      ],
      [
        561.5996364133991,
        965.873805326219
      ],
      [
        425.0156950379694,
        563.4609369286094
      ],
      [
        21.14132917774314,
        639.0626702538997
      ],
      [
        426.63233859375424,
        117.0069572462712
      ],
      [
        376.20222831946427,
        539.3633193171738
      ],
      [
        142.6095722423185,
        466.420768103869
      ],
      [
        589.9715820687918,
        534.6394942153593
      ],
      [
        332.3901885858861,
        277.82357250362764
      ],
      [
        313.51269345855036,
        139.1763335902565
      ],
      [
        151.60152652756233,
        737.5773443507835
      ],
      [
        922.3010035634079,
        65.94753489429206
      ],
      [
        223.46387829804448,
        997.7962894407187
      ],
      [
        940.5467898140887,
        232.4045314307248
      ],
      [
        418.116216990658,
        191.1037377457765
      ],
      [
        48.56231303241809,
        219.31461172239642
      ],
      [
        184.368314448617,
        451.3863123866109
      ],
      [
        303.322973108101,
        719.925863952081
      ],
      [
        467.2800481206999,
        891.1402926033809
      ],
      [
        778.3980707521723,
        875.2966890795141
      ],
      [
        708.3350027697131,
        633.8800537759618
      ],
      [
        117.19153218901724,
        167.65948400645448
      ],
      [
        826.5617365933434,
        810.671270767375
      ],
      [
        235.89647749567888,
        175.28210800921428
      ],
      [
        810.7265386078683,
        977.548356527417
      ],
      [
        780.8265298451604,
        929.9711547673089
      ],
      [
        415.3912897411073,
        899.4642466251667
      ],
      [
        180.73341954753275,
        462.5595025487036
      ],
      [
        381.3077851171829,
        937.0192061559763
      ],
      [
        936.459099466582,
        276.4001588592049
      ],
      [
        463.7742358514507,
        158.7027403498331
      ],
      [
        292.28512341996225,
        407.82730681653703
      ],
      [
        484.6787239548847,
        294.027414543372
      ],
      [
        893.6640545493672,
        485.77976268458866
      ],
      [
        540.6075044835594,
        250.1848751839485
      ],
      [
        354.1507052201837,
        827.5728558201982
      ],
      [
        832.5473166871645,
        335.53400840018355
      ],
      [
        523.7631825379407,
        987.229491505789
      ],
      [
        125.90946871148023,
        863.363748894484
      ],
      [
        739.1879712717497,
        947.4025083300518
      ],
      [
        778.9677792252089,
        553.6749051096598
      ],
      [
        862.7008344192195,
        840.616170807032
      ],
      [
        276.36200991275825,
        553.0413200557069
      ],
      [
        29.900799083750762,
        463.162541190392
      ],
      [
        438.8587599830021,
        802.1432838021937
      ],
      [
        681.9002305375003,
        200.29131597996675
      ],
      [
        970.0004864528321,
        108.9111803311631
      ],
      [
        476.5961393045476,
        986.0574038919302
      ],
      [
        532.4692876153157,
        124.3686855095142
      ],
      [
        663.9351867773642,
        488.3836313820675
      ],
      [
        726.3423288919581,
        889.5804996147426
      ],
      [
        651.0908911593007,
        651.0310131951189
      ],
      [
        285.59538286688235,
        62.38844466295279
      ],
      [
        909.2327888719777,
        909.0346041862631
      ],
      [
        74.47541772139942,
        466.6026725816582
      ],
      [
        232.99386226187113,
        89.41262814038741
      ],
      [
        69.66616319733122,
        513.0730680739434
      ],
      [
        6.127283362589275,
        293.09524649721186
      ],
      [
        269.4029086608578,
        537.3838818978811
      ],
      [
        661.0766181598988,
        37.93635274766272
      ],
      [
        377.53258001695156,
        70.59941965060534
      ],
      [
        204.65950670408273,
        995.7396254192429
      ],
      [
        555.9898659867202,
        987.0830280397583
      ],
      [
        665.6870861165581,
        659.642316503112
      ],
      [
        676.9012020802883,
        832.8790451360255
      ],
      [
        994.3934189509248,
        83.4212767359539
      ],
      [
        94.43407979998054,
        822.1368612500866
      ],
      [
        155.86714828601734,
        57.221408360253356
      ],
      [
        598.6367622050794,
        739.2087584285038
      ]
    ],
    "delivery": [
      0.0,
      0.0,
      1.546847696463731,
      0.0,
      1.694338073137664,
      1.6222940417455682,
      0.0,
      0.0,
      1.2542716104806464,
      1.8669994833393435,
      1.114912687021062,
      1.07431812619762,
      0.0,
      1.0308930204836506,
      1.9136251404507516,
      1.8722711844895166,
      0.0,
      0.0,
      1.6522432901846855,
      1.8073388551428107,
      0.0,
      0.0,
      1.1821246717722156,
      0.0,
      1.7809647770063908,
      0.0,
      0.0,
      0.0,
      1.7298747780022685,
      0.0,
      1.250119261979091,
      0.9742382889916963,
      0.9095682253091255,
      0.5461268865600564,
      0.0,
      0.8691901888308812,
      0.0,
      0.0,
      0.0,
      0.6627807129003589,
      0.0,
      1.274413127345238,
      0.0,
      0.0,
      0.0,
      1.5031427898001115,
      0.0,
      0.0,
      0.0,
      0.0,
      1.2309621749006252,
      1.8144634509309432,
      1.2042125257338796,
      0.0,
      0.0,
      0.0,
      1.830031575123837,
      1.2676528796475486,
      0.0,
      1.1822592237737184,
      0.0,
      1.3890623842517518,
      0.0,
      0.0,
      0.0,
      0.0,
      1.5058593310187856,
      0.0,
      0.590367720813423,
      0.0,
      0.704020100600825,
      0.0,
      0.7514045003069317,
      1.8291657811747768,
      0.0,
      1.9684229642814273,
      0.0,
      0.0,
      0.0,
      0.8277431966748574
    ],