{
  "spec": {
    "run_id": "seed3_N80_M3_D10_B4_K10_lo0.5_lt1.0_twA",
    "seed": 3,
    "n_clients": 80,
    "num_uavs": 3,
    "delta_min": 10,
    "bs_count": 4,
    "edge_samples": 10,
    "lambda_out": 0.5,
    "lambda_tw": 1.0,
    "tw_family": "A",
    "tw_mode": "soft"
  },
  "scenario": {
    "depot_xy": [
      500.0,
      500.0
    ],
    "client_xy": [
      [
        683.9240024044716,
        399.9818425135848
      ],
      [
        488.87614094893814,
        728.9806859566086
      ],
      [
        411.23563633144164,
        520.5949914102687
      ],
      [
        73.97577234691566,
        165.14282733433737
      ],
      [
        52.51014685969124,
        583.4910305837805
      ],
      [
        333.9344556725489,
        847.5333993922687
      ],
      [
        870.3397574744349,
        492.09967735409043
      ],
      [
        801.4171494593998,
        525.719915050003
      ],
      [
        747.8532371430267,
        93.03575177359569
      ],
      [
        978.0472424690045,
        175.63472229772648
      ],
      [
        350.63041686717156,
        342.34476090486766
      ],
      [
        461.652324486194,
        512.0076873403931
      ],
      [
        880.4945349272856,
        235.93442431510735
      ],
      [
        714.3709642845386,
        756.1020383771275
      ],
      [
        588.059113228077,
        983.3647643070072
      ],
      [
        184.99732948231272,
        646.7333082497495
      ],
      [
        849.1422964714081,
        239.71599910106733
      ],
      [
        779.7532942433935,
        886.8914804746801
      ],
      [
        459.8608617209158,
        870.5567146820334
      ],
      [
        563.3139681546774,
        960.6864042563462
      ],
      [
        577.1067353547995,
        770.9633535065983
      ],
      [
        791.8302265580488,
        520.1184247299805
      ],
      [
        345.99400936789795,
        813.5440207629076
      ],
      [
        901.0228151229347,
        566.96245004913
      ],
      [
        170.89984972121553,
        677.3421886989142
      ],
      [
        520.8113614649736,
        521.8146987962516
      ],
      [
        84.7816414804844,
        40.857534437530596
      ],
      [
        171.26725500840845,
        507.1614924479669
      ],
      [
        851.7926551329072,
        15.18368671103043
      ],
      [
        796.8756273509758,
        625.9254664592489
      ],
      [
        439.02534601873145,
        3.1586248758417312
      ],
      [
        36.979537036467725,
        793.1404837587132
      ],
      [
        852.9843443667327,
        183.90096675772526
      ],
      [
        35.05201919362799,
        95.0228033229814
      ],
      [
        593.7672604452283,
        482.8861643269943
      ],
      [
        450.77209087115756,
        213.45462047222986
      ],
      [
        719.7502884490797,
        554.2537713869159
      ],
      [
        504.9548710400737,
        668.7939024529624
      ],
      [
        470.6627014977769,
        929.1285511983164
      ],
      [
        712.8416068471092,
        434.0476028268422
      ],
      [
        137.1323092961395,
        944.2524989763133
      ],
      [
        75.54078493253003,
        493.8743161898042
      ],
      [
        996.5374407629082,
        428.512394382926
      ],
      [
        971.9096587639507,
        895.7171127220139
      ],
      [
        774.6632985529882,
        583.6135608418784
      ],
      [
        559.6077728962553,
        656.671085076412
      ],
      [
        65.22597010656672,
        366.4256425310833
      ],
      [
        987.9177422251829,
        152.33448474250767
      ],
      [
        700.7831991573948,
        910.7131951638853
      ],
      [
        844.7415167036643,
        10.796683836749477
      ],
      [
        334.72699254002504,
        697.3817191066298
      ],
      [
        113.37123550446782,
        651.3769150674553
      ],
      [
        356.5609663071461,
        846.6396401992636
      ],
      [
        738.3643274530349,
        495.99438158035247
      ],
      [
        359.31069050535837,
        779.9217293554121
      ],
      [
        431.10747896647894,
        218.59956161063843
      ],
      [
        189.1709110298765,
        874.8525422614103
      ],
      [
        582.3820432647609,
        761.9789742022813
      ],
      [
        286.7216200528657,
        426.57084368217147
      ],
      [
        965.2420309710521,
        386.7345943139072
      ],
      [
        202.6195122181177,
        133.94375522401037
      ],
      [
        352.747327994666,
        573.4820909297031
      ],
      [
        922.56116029101,
        814.0530102291652
      ],
      [
        371.8323079598193,
        369.63497366225505
      ],
      [
        646.6561611661094,
        560.0661142300756
      ],
      [
        234.95125711762898,
        19.73218369755825
      ],
      [
        238.41475255557475,
        464.5877258512634
      ],
      [
        608.7775349825005,
        898.732193159589
      ],
      [
        34.731027553604136,
        559.7166182778726
      ],
      [
        528.5738886688149,
        634.0075699058257
      ],
      [
        712.0144603430666,
        44.74642480570268
      ],
      [
        399.2887619093677,
        981.7481504063176
      ],
      [
        467.70953357829626,
        488.0021540453989
      ],
      [
        967.928166483179,
        54.318784884597626
      ],
      [
        215.45982588688318,
        607.6163635423912
      ],
      [
        589.4453160309918,
        585.1323570089537
      ],
      [
        330.33083940120645,
        955.1969918736769
      ],
      [
        330.6468078635991,
        183.87516308616236
      ],
      [
        125.33396172102141,
        571.5604956131589
      ],
      [
        178.87908376188977,
        611.5482666303376
      ]
    ],
    "delivery": [
      0.5798780565781414,
      0.6784706329523457,
      1.8552155377182324,
      1.3072151026435352,
      0.0,
      1.4714665905106314,
      0.7691094077030507,
      0.0,
      1.4782756182924754,
      0.0,
      0.0,
      0.5211990990923585,
      0.0,
      0.6930362977882535,
      0.0,
      1.333386150298065,
      0.0,
      0.0,
      0.8295748264394069,
      0.0,
      0.0,
      1.7343682898172694,
      1.1564012092764744,
      0.0,
      1.1903914328058343,
      0.0,
      1.991760688429027,
      0.5646546284288958,
      0.0,
      0.0,
      0.6033907369251486,
      0.0,
      0.0,
      1.22673376638708,
      0.7801671743781229,
      0.0,
      1.2405827347761602,
      0.0,
      0.0,
      0.0,
      0.848012581244259,
      0.902688827991935,
      0.0,
      1.5502827599457578,
      0.0,
      0.0,
      1.2780841270506291,
      0.0,
      0.0,
      0.8349754063169583,
      1.5513207147524746,
      0.0,
      1.198605709996141,
      0.0,
      1.7258342836877507,
      1.027729112538562,
      0.0,
      0.8311588319718548,
      0.9795186064320389,
      0.0,
      0.9710991710089912,
      1.4768000480443484,
      0.0,
      1.1730957201554402,
      1.819670622969691,
      1.1603024751343156,
      0.0,
      0.0,
      0.8053712170117027,
      0.8234822444276828,
      1.08338023708614,
      0.6444087942117807,
      1.7999135207212869,
      0.0,
      0.0,
      0.0,
      0.0,
      1.6898696174220114,
      1.011871735372597,
      0.0
    ],