{
  "spec": {
    "run_id": "seed5_N80_M3_D10_B4_K10_lo0.5_lt1.0_twA",
    "seed": 5,
    "n_clients": 80,
    "num_uavs": 3,
    "delta_min": 10,
    "bs_count": 4,
    "edge_samples": 10,
    "lambda_out": 0.5,
    "lambda_tw": 1.0,
    "tw_family": "A",
    "tw_mode": "soft"
  },
  "scenario": {
    "depot_xy": [
      500.0,
      500.0
    ],
    "client_xy": [
      [
        883.0180355388137,
        974.6361915199817
      ],
      [
        259.96226003836574,
        681.7525578507733
      ],
      [
        480.5319412266907,
        847.8085899754396
      ],
      [
        928.333603231539,
        338.8266959496286
      ],
      [
        852.1668623533587,
        620.3519641304262
      ],
      [
        587.4190370204728,
        253.19306860583325
      ],
      [
        65.00295901959663,
        99.09386470329717
      ],
      [
        237.84098961372692,
        645.0276040121835
      ],
      [
        213.8960998974344,
        330.07239664896446
      ],
      [
        619.3121758616063,
        562.3046063599802
      ],
      [
        392.6928017639123,
        499.34929473376087
      ],
      [
        952.590321180343,
        587.9141699805168
      ],
      [
        328.6121772407251,
        903.1151967761641
      ],
      [
        22.51479968101977,
        309.2849213874972
      ],
      [
        94.07235482202248,
        191.17745672239107
      ],
      [
        51.509696925543636,
        884.6526518480171
      ],
      [
        568.7883044032608,
        239.11027897740277
      ],
      [
        439.3501223833417,
        975.7383729159162
      ],
      [
        486.3131683513005,
        113.50828591801776
      ],
      [
        523.822840939632,
        722.7557976722746
      ],
      [
        307.68437198136223,
        847.4429825185367
      ],
      [
        355.16627084856543,
        775.5834403114816
      ],
      [
        792.0718358162246,
        525.2017481120487
      ],
      [
        550.7857115096376,
        567.1322386839787
      ],
      [
        382.6542258687543,
        343.0050729780318
      ],
      [
        127.62027018453526,
        694.4552420817502
      ],
      [
        316.05104950297715,
        361.40736280320806
      ],
      [
        244.14969020156641,
        321.9637600997911
      ],
      [
        684.4360552569435,
        858.9418739552614
      ],
      [
        519.5312248130498,
        739.0067639402913
      ],
      [
        592.6339989317752,
        281.7140686557612
      ],
      [
        21.433293727887825,
        75.33292056372088
      ],
      [
        918.7144798335136,
        812.2583376939065
      ],
      [
        820.363634602424,
        627.0031629626664
      ],
      [
        423.0833443723875,
        692.8427255789835
      ],
      [
        819.6911797666338,
        914.2146981150771
      ],
      [
        184.63847615639307,
        379.8832647524287
      ],
      [
        244.9174442642552,
        347.1799370079156
      ],
      [
        780.4308392074914,
        709.5595475808731
      ],
      [
        477.24214615007145,
        96.20008955533976
      ],
      [
        481.7931164546033,
        787.353015162215
      ],
      [
        229.5261755952207,
        396.6477409038214
      ],
      [
        94.55855985023476,
        599.2779336033299
      ],
      [
        888.9060057421352,
        737.0032609604921
      ],
      [
        709.4608867093034,
        936.0991154621007
      ],
      [
        851.2328932459427,
        83.49944856093295
      ],
      [
        239.82770910590267,
        394.70434745836155
      ],
      [
        502.9981199774358,
        668.6571188736874
      ],
      [
        55.88513747117463,
        236.7001324500153
      ],
      [
        960.1996367483958,
        685.1560283976213
      ],
      [
        666.0432876999733,
        198.15134801998903
      ],
      [
        909.0349702461967,
        846.2002213637801
      ],
      [
        336.106964958216,
        289.81448719138626
      ],
      [
        76.30859986957306,
        569.3355516547884
      ],
      [
        908.8771740686667,
        614.9056908260308
      ],
      [
        873.5486307754699,
        506.55042367960965
      ],
      [
        869.4710409970226,
        932.903075543539
      ],
      [
        237.65285871122222,
        817.5049448782215
      ],
      [
        374.2324644202234,
        559.3587190160846
      ],
      [
        712.1181151770762,
        527.1940216816365
      ],
      [
        947.6672590614671,
        696.0154896336619
      ],
      [
        471.57684966809853,
        263.54191703349574
      ],
      [
        759.9394367718327,
        622.9015462732158
      ],
      [
        759.1604151995609,
        963.5376615268291
      ],
      [
        751.2596036022658,
        359.02189207943104
      ],
      [
        39.53064559910313,
        575.2431035225557
      ],
      [
        837.277268822777,
        980.592980789985
      ],
      [
        509.66274705613546,
        132.40930549805142
      ],
      [
        320.66622393585385,
        308.8446209726019
      ],
      [
        929.265679043034,
        33.53572334612609
      ],
      [
        759.8457381385027,
        426.8962564951694
      ],
      [
        743.6293187500258,
        715.5694163098076
      ],
      [
        928.5770854440804,
        994.4872990598305
      ],
      [
        818.4467548432009,
        306.45770342489686
      ],
      [
        96.59364429312478,
        482.973046965897
      ],
      [
        572.9219204763261,
        774.1387863711097
      ],
      [
        482.768794590685,
        727.2929144417732
      ],
      [
        885.6550379589262,
        431.5953925680398
      ],
      [
        889.7509155878399,
        301.39182241176263
      ],
      [
        476.58313505350714,
        152.71069896192347
      ]
    ],
    "delivery": [
      0.5740335950423909,
      0.0,
      1.427715267688921,
      1.0144723108399525,
      0.0,
      1.0453608764303692,
      1.4516745940704106,
      0.8334925729463836,
      1.744692882076239,
      0.0,
      1.2807698551750188,
      1.6290241233684926,
      0.0,
      1.4558576423774214,
      0.7580592398472525,
      0.0,
      1.1988942174815267,
      0.0,
      1.4650332759239122,
      1.9514780822033517,
      1.574733175047185,
      1.301171523722369,
      0.0,
      0.819283343829857,
      1.5813393243689657,
      0.7024339733357448,
      0.0,
      0.0,
      1.686601425140877,
      0.0,
      1.630246961115088,
      1.4071442946435766,
      0.6849428497583128,
      0.0,
      0.0,
      1.280328462027774,
      1.1126646778822886,
      1.9692149099910328,
      1.1211381973386607,
      0.0,
      1.132485869092901,
      0.0,
      0.5589061663635599,
      0.0,
      1.669151668313082,
      1.654840707921675,
      1.952486774565358,
      0.0,
      1.9462649750679004,
      0.0,
      0.0,
      0.9921985787926306,
      0.0,
      1.3191757176608663,
      0.0,
      1.0585758703271964,
      1.4356649232104377,
      0.0,
      0.0,
      1.5118650502234559,
      0.0,
      0.0,
      0.0,
      0.0,
      0.0,
      0.0,
      0.0,
      0.0,
      0.0,
      0.808655446953024,
      0.0,
      1.0250163507604932,
      0.0,
      0.0,
      1.3935531811433972,
      0.0,
      1.051856238261155,
      0.6390656836413033,
      1.3722743461283775,
      0.0
    ],