{
  "spec": {
    "run_id": "seed1_N80_M3_D10_B4_K10_lo0.5_lt1.0_twB",
    "seed": 1,
    "n_clients": 80,
    "num_uavs": 3,
    "delta_min": 10,
    "bs_count": 4,
    "edge_samples": 10,
    "lambda_out": 0.5,
    "lambda_tw": 1.0,
    "tw_family": "B",
    "tw_mode": "soft"
  },
  "scenario": {
    "depot_xy": [
      500.0,
      500.0
    ],
    "client_xy": [
      [
        834.7122471437434,
        568.3721950587895
      ],
      [
        2.687800877029245,
        1.9126523855933497
      ],
      [
        396.3268599637185,
        628.3560899307934
      ],
      [
        634.1292681366657,
        501.9059165364411
      ],
      [
        512.4422240980568,
        304.7796446257598
      ],
      [
        424.35620926804563,
        496.33815424345295
      ],
      [
        33.2728216485294,
        757.8475644340548
      ],
      [
        856.4802550920359,
        703.4523403803865
      ],
      [
        31.065979767760933,
        835.0535230240108
      ],
      [
        109.83659589635431,
        304.03278388455533
      ],
      [
        711.3400175915939,
        607.4195216622112
      ],
      [
        619.2027332085938,
        892.4934166374807
      ],
      [
        28.80910073251297,
        712.9117860096891
      ],
      [
        260.9540641351852,
        89.5126693843472
      ],
      [
        503.1024634724125,
        973.404678731933
      ],
      [
        228.85205216623595,
        442.73255708662
      ],
      [
        480.8742632381011,
        26.66211957745823
      ],
      [
        711.9777985206831,
        776.4287998062637
      ],
      [
        686.7361264831435,
        717.5638567327062
      ],
      [
        954.0778755193473,
        248.37459745503165
      ],
      [
        933.0347581047023,
        240.0937593811424
      ],
      [
        664.6996226122459,
        322.7676500867348
      ],
      [
        961.6784462977553,
        648.4082299003596
      ],
      [
        133.24577007343697,
        729.2458703348467
      ],
      [
        833.5886291244161,
        43.96842715791793
      ],
      [
        596.964341843104,
        757.2725217958446
      ],
      [
        387.062256112637,
        111.42933263963018
      ],
      [
        932.893140571412,
        560.5225568083023
      ],
      [
        761.5977774162527,
        761.3751026538957
      ],
      [
        92.46901248644946,
        205.96581612160358
      ],
      [
        710.2059537349227,
        536.4453512325732
      ],
      [
        174.79976969710043,
        922.3048011932751
      ],
      [
        340.80079420651776,
        985.4083321765139
      ],
      [
        635.6005434756075,
        720.0119067964553
      ],
      [
        915.0052753639171,
        100.18808943658098
      ],
      [
        651.9234260864877,
        450.37808279881165
      ],
      [
        802.4836780761065,
        797.9471603710108
      ],
      [
        559.1706880508945,
        764.9766828609364
      ],
      [
        869.832054999853,
        550.847150269972
      ],
      [
        387.1203387865877,
        470.67545397754816
      ],
      [
        589.495221522171,
        18.356968093131588
      ],
      [
        811.1155648565027,
        645.1023336077462
      ],
      [
        372.33417157512605,
        483.1205657694233
      ],
      [
        969.8981180976516,
        683.4912189219041
      ],
      [
        561.167941298492,
        267.9348132634191
      ],
      [
        653.2748444532256,
        745.2121225191983
      ],
      [
        299.92867155441616,
        981.2382902750501
      ],
      [
        446.5834367505544,
        777.9116582374377
      ],
      [
        655.0953094161306,
        812.6652811448083
      ],
      [
        749.3752980256012,
        662.0809135563526
      ],
      [
        726.3425750180919,
        545.8730640504276
      ],
      [
        167.24236944081173,
        998.611315645721
      ],
      [
        385.418346391734,
        338.7274473224422
      ],
      [
        990.621310494073,
        512.6449875282987
      ],
      [
        449.0363213199098,
        389.66957584614215
      ],
      [
        971.0898518821676,
        355.45523873043606
      ],
      [
        210.16083472318303,
        155.77917984544476
      ],
      [
        592.9276282217288,
        10.602822979474125
      ],
      [
        171.31189555951477,
        823.9762093384993
      ],
      [
        528.2390219772406,
        758.8555905613281
      ],
      [
        417.94436621705347,
        556.3885306849994
      ],
      [
        913.0874146355701,
        401.0835790121762
      ],
      [
        674.0705041805213,
        536.9349078238829
      ],
      [
        464.6818057048695,
        811.3057265226424
      ],
      [
        557.5934228836393,
        361.43151374741234
      ],
      [
        39.06223493453598,
        39.92255337221873
      ],
      [
        59.53907039417861,
        397.6741619322457
      ],
      [
        882.6580369318323,
        224.9209310579906
      ],
      [
        617.1112447147166,
        680.1493163418944
      ],
      [
        853.2673624775641,
        619.6686088832586
      ],
      [
        996.8894716750077,
        345.62078429430187
      ],
      [
        548.2766941576739,
        935.3115687030595
      ],
      [
        443.9263838873081,
        651.8024118267
      ],
      [
        963.6671829976218,
        600.7091279496923
      ],
      [
        805.3800791204856,
        640.0887372190642
      ],
      [
        842.5188337640036,
        605.7600028509744
      ],
      [
        570.643299994399,
        722.4387920660561
      ],
      [
        640.7290194437952,
        228.85268706998397
      ],
      [
        14.667142632273533,
        832.9768481374351
      ],
      [
        459.17295467711364,
        213.81570498631973
      ]
    ],
    "delivery": [
      1.9263927851831335,
      0.0,
      0.9337056474300395,
      0.7842751618206018,
      1.293302226832255,
      0.9568391252836546,
      0.9034337942747451,
      0.0,
      1.1872554646437978,
      0.0,
      1.5789177358205118,
      0.0,
      0.0,
      0.0,
      0.7947034165935265,
      0.6052072634615009,
      0.94884491945067,
      1.8358842381001574,
      0.0,
      1.8938331618623434,
      0.0,
      0.0,
      1.6812229158949459,
      0.9796417924131273,
      0.0,
      0.0,
      0.0,
      0.0,
      0.0,
      0.0,
      0.9465920127991994,
      0.0,
      1.146770529994816,
      1.9854210258795093,
      0.0,
      1.3671697017465783,
      0.0,
      0.0,
      1.055925874090588,
      0.0,
      0.0,
      1.151526818384025,
      1.7853384798377214,
      0.0,
      0.5392598404606435,
      0.0,
      0.0,
      0.9104570247524238,
      1.016138557296944,
      0.0,
      0.0,
      0.0,
      0.0,
      1.939162611215338,
      1.2856121895211152,
      0.5661990068119099,
      0.0,
      0.7317609372654758,
      0.0,
      0.8682882413639956,
      1.994502727024697,
      0.7360115365706288,
      0.9873653442189924,
      0.0,
      0.5678355584507289,
      1.2636227790991688,
      0.0,
      0.0,
      0.950569117743905,
      0.0,
      1.3481645496261698,
      0.0,
      0.0,
      0.5452043427436367,
      0.0,
      0.0,
      0.0,
      0.0,
      0.0,
      1.4692565208872945
    ],