method,N,on_time_pct_mean,on_time_pct_std,total_tardiness_min_mean,total_tardiness_min_std,total_energy_mean,total_energy_std,risk_mean_mean,risk_mean_std,runtime_total_s_mean,runtime_total_s_std
highs_exact_bound,10,80.0,8.164965809277259,3.4143745769830725,3.216829201826445,3275.4989004484983,65.25279165428003,0.08124999999999999,0.09437293044088436,15.06927324524986,0.013759036268695787
highs_exact_bound,20,88.33333333333333,7.637626158259735,3.1975928309620496,2.0144828541775284,6134.048704263874,487.8593547769902,0.11014492753623185,0.04566942393214127,15.229381865333076,0.022990477773878845
ortools_main,10,70.0,11.547005383792513,3.220170621478863,3.1467150196132243,2993.071910878364,8.917985591411629,0.07916666666666665,0.09141379262169073,15.035452054750294,0.006886295861277388
ortools_main,20,28.75,8.539125638299666,53.64195668537176,3.2554114381775126,4549.058870294517,173.42465343123249,0.1261904761904762,0.042680411618250015,15.137066689999756,0.020895966079342757
ortools_main,40,74.375,17.123935490028764,43.004462928923246,52.24224960604756,6421.148409283887,308.60544779586866,0.09026854928017715,0.08459479048482899,15.440723980000257,0.09222836009549709
pyvrp_baseline,10,100.0,0.0,0.0,0.0,3275.01147057424,54.59814714634334,0.07916666666666665,0.09141379262169073,15.040700615999867,0.007129440970076809
pyvrp_baseline,20,100.0,0.0,0.0,0.0,5419.194169335357,277.6194027552392,0.10869565217391303,0.04289463358535867,16.525930765249996,2.7758167399999802
