method,N,gap_pct_mean,gap_pct_std,best_bound_mean,best_bound_std,incumbent_obj_mean,incumbent_obj_std
highs_exact_bound,20,27.21558350855034,5.369559777617233,6020278.888201123,1016253.12133418,7653912.963761504,759006.1034577041
highs_exact_bound,40,,,,,,
ortools_main,20,8.028694347488136,0.8938972228966944,6020278.888201123,1016253.12133418,6540200.826979889,1056084.792036751
ortools_main,40,,,,,9239152.87221281,2849254.0388440434
pyvrp_baseline,20,16.88094757853239,2.9473365200865436,6020278.888201123,1016253.12133418,7219194.169335358,976568.4881304612
pyvrp_baseline,40,,,,,,
