{
  "spec": {
    "run_id": "seed2_N80_M3_D10_B4_K10_lo0.5_lt1.0_twA",
    "seed": 2,
    "n_clients": 80,
    "num_uavs": 3,
    "delta_min": 10,
    "bs_count": 4,
    "edge_samples": 10,
    "lambda_out": 0.5,
    "lambda_tw": 1.0,
    "tw_family": "A",
    "tw_mode": "soft"
  },
  "scenario": {
    "depot_xy": [
      500.0,
      500.0
    ],
    "client_xy": [
      [
        493.41868442616476,
        224.03532260035664
      ],
      [
        354.7567689334561,
        333.6860265087573
      ],
      [
        569.7068873852514,
        656.9176656083903
      ],
      [
        722.6739826598703,
        418.8976204293553
      ],
      [
        757.8171689952666,
        565.4323558252529
      ],
      [
        506.10376638467335,
        309.1734864991042
      ],
      [
        171.771338117346,
        949.1724169058413
      ],
      [
        279.5298986065673,
        373.34987081503556
      ],
      [
        392.8408769594807,
        40.38478256061906
      ],
      [
        414.92472094804134,
        576.1045427038323
      ],
      [
        461.3539005024014,
        949.7396595835669
      ],
      [
        591.5362164229509,
        849.8517051000579
      ],
      [
        445.70382013889696,
        619.0582082174404
      ],
      [
        28.28206957501822,
        71.18159922230171
      ],
      [
        767.3713782900097,
        574.9321444507152
      ],
      [
        791.8509154550792,
        86.89592942655322
      ],
      [
        369.82558153392887,
        218.2311862689188
      ],
      [
        816.6847824591615,
        824.4965620473631
      ],
      [
        4.726072730226183,
        372.229875521372
      ],
      [
        100.8778758477582,
        838.4938102391362
      ],
      [
        952.4756410447582,
        382.6384799653476
      ],
      [
        277.0499992145048,
        181.86075988760075
      ],
      [
        719.6258100502671,
        733.3971086621802
      ],
      [
        425.14415885579916,
        140.02701837964648
      ],
      [
        938.7611483827885,
        600.0716617258587
      ],
      [
        568.9040816840136,
        51.6767049935557
      ],
      [
        880.9506792360198,
        221.06588929343107
      ],
      [
        868.5935373493554,
        377.76840272748126
      ],
      [
        397.41304314900617,
        429.7527617390067
      ],
      [
        155.60462856439483,
        77.13082301856356
      ],
      [
        744.6137689788541,
        63.17608997876511
      ],
      [
        430.21489584119763,
        876.3972612477689
      ],
      [
        645.0934877551255,
        793.2047668656938
      ],
      [
        5.392724759377132,
        692.9980516449422
      ],
      [
        976.2932084755519,
        2.83704984480182
      ],
      [
        370.67181038259434,
        456.3910272921373
      ],
      [
        366.3850024281128,
        0.6095345124510487
      ],
      [
        360.20130606170176,
        357.91685869226075
      ],
      [
        665.0282929700548,
        984.9684680887431
      ],
      [
        795.2970550145103,
        125.74559746213909
      ],
      [
        195.02870931211348,
        291.8696532922741
      ],
      [
        622.607056606076,
        196.04701308944882
      ],
      [
        645.9999395182994,
        144.56360851704164
      ],
      [
        7.499303506987354,
        617.1276763890215
      ],
      [
        654.1055559879792,
        498.7448548648531
      ],
      [
        777.0855423016917,
        59.74943174503999
      ],
      [
        316.61623252022974,
        903.5668513749592
      ],
      [
        43.01290509363076,
        281.7276372932241
      ],
      [
        198.49502603328983,
        681.8518620070784
      ],
      [
        313.4748862659588,
        680.0098589905577
      ],
      [
        681.9969369040871,
        247.34152914059504
      ],
      [
        669.3579315792534,
        930.0193497710792
      ],
      [
        433.8899915604193,
        281.6778675380147
      ],
      [
        28.806672625633635,
        896.8081575965513
      ],
      [
        182.81486757103872,
        365.3696410538547
      ],
      [
        879.714859850842,
        235.32036678520373
      ],
      [
        756.0009994044412,
        558.094075587309
      ],
      [
        414.4262343862611,
        872.993187018069
      ],
      [
        127.62396829465061,
        984.4510607093239
      ],
      [
        423.1216792822081,
        17.588067634332294
      ],
      [
        112.45307011520633,
        297.7102320211092
      ],
      [
        944.6849817820588,
        556.286796168633
      ],
      [
        125.77145231418396,
        563.1525996217206
      ],
      [
        842.5447318324287,
        109.60494728150006
      ],
      [
        305.3600899627117,
        549.6729517381422
      ],
      [
        642.5649545837147,
        388.85127659488984
      ],
      [
        771.2231712856759,
        86.68071172230873
      ],
      [
        42.28267542935893,
        577.4156003164013
      ],
      [
        88.73492025115826,
        509.0245870526255
      ],
      [
        943.1028130982318,
        578.4317941364435
      ],
      [
        198.97390048503038,
        114.09239460134934
      ],
      [
        942.1122628206117,
        848.1417355295392
      ],
      [
        419.54129913088445,
        397.7639426393496
      ],
      [
        608.7683194054723,
        833.1769201475753
      ],
      [
        297.8788518387675,
        732.7511243039185
      ],
      [
        361.8799451683632,
        13.047723784944232
      ],
      [
        411.1819123966985,
        309.471604883257
      ],
      [
        240.59248518570843,
        171.30997903725353
      ],
      [
        356.1071771558896,
        609.9377986114057
      ],
      [
        692.0282741519053,
        451.6605478340653
      ]
    ],
    "delivery": [
      1.8564380188371903,
      1.7456434432231487,
      0.0,
      0.7772373798639087,
      1.6981289463404754,
      0.0,
      0.0,
      0.0,
      0.0,
      1.1082645770854365,
      0.0,
      0.0,
      0.634932905820867,
      0.0,
      0.0,
      0.0,
      0.0,
      1.118965653028891,
      0.0,
      0.0,
      0.0,
      0.5228336724260539,
      0.0,
      1.8795082856145706,
      0.0,
      1.2518131122760356,
      1.0367152439003418,
      0.0,
      1.9334473610117922,
      1.5661168017088631,
      0.0,
      1.4275139536342205,
      1.5201171340173474,
      0.965601692442311,
      1.7801904120489955,
      0.8139619690042531,
      1.7544526247193475,
      0.0,
      0.5475938874873937,
      0.0,
      0.0,
      1.3175148407409685,
      0.739098762702334,
      0.0,
      0.0,
      0.0,
      0.9787783335319719,
      0.0,
      1.4063040340764499,
      0.0,
      1.1494490946232654,
      0.0,
      0.0,
      1.3313205621698527,
      0.0,
      0.0,
      0.0,
      0.6983020089701313,
      0.0,
      1.2024022040855638,
      0.6247011978372866,
      0.616666831393847,
      1.7465630543930142,
      0.0,
      0.0,
      0.0,
      0.0,
      1.1051839302327418,
      0.7224347910343709,
      0.8669796156922931,
      0.0,
      0.0,
      0.0,
      0.8329705563751387,
      1.1998087333313547,
      1.8953798901734011,
      0.0,
      0.0,
      0.0,
      0.0
    ],