{
  "spec": {
    "run_id": "seed1_N20_M3_D5_B4_K10_lo1.0_lt1.0_twA",
    "seed": 1,
    "n_clients": 20,
    "num_uavs": 3,
    "delta_min": 5,
    "bs_count": 4,
    "edge_samples": 10,
    "lambda_out": 1.0,
    "lambda_tw": 1.0,
    "tw_family": "A",
    "tw_mode": "soft"
  },
  "scenario": {
    "depot_xy": [
      500.0,
      500.0
    ],
    "client_xy": [
      [
        67.19695058019681,
        903.630428567514
      ],
      [
        770.5092077991053,
        630.3483899445259
      ],
      [
        252.97490256562648,
        587.0021113063278
      ],
      [
        947.7424141915525,
        568.6011491104955
      ],
      [
        409.7679010759333,
        92.80675322944188
      ],
      [
        901.792364385134,
        185.6054092608993
      ],
      [
        16.897299748865446,
        413.8739740251185
      ],
      [
        768.4956558355337,
        760.4724027373968
      ],
      [
        840.6338079698385,
        377.9379789325843
      ],
      [
        218.0257824373041,
        849.3449311047427
      ],
      [
        632.6931700028118,
        687.8362949657654
      ],
      [
        101.60853881547183,
        512.3507036383539
      ],
      [
        475.34665600088135,
        360.28052445031
      ],
      [
        510.4996414279648,
        398.74233551727536
      ],
      [
        448.729546445255,
        346.025872125705
      ],
      [
        952.171683751144,
        581.0079674930861
      ],
      [
        393.61306180188416,
        616.196051633944
      ],
      [
        968.2439907539507,
        717.0547038624717
      ],
      [
        376.74702596682675,
        237.82054530335193
      ],
      [
        714.7143661324133,
        187.41593272372435
      ]
    ],
    "delivery": [
      0.0,
      0.9726753695635599,
      1.2509107214287605,
      0.0,
      0.0,
      0.9514326679537101,
      0.0,
      0.6140860535232362,
      0.7024717732942616,
      0.8467226267253654,
      0.0,
      0.0,
      0.0,
      0.5803016138658672,
      0.0,
      0.0,
      0.0,
      0.0,
      0.5089047898545943,
      0.0
    ],
    "pickup": [
      1.4060032558293536,
      0.0,
      0.0,
      0.683883211263755,
      0.5475219211142566,
      0.0,
      0.6709518478404639,
      0.0,
      0.0,
      0.0,
      1.2733716145375018,
      0.9752171611660235,
      1.1600725419447422,
      0.0,
      0.8731405438761632,
      1.7335387350642435,
      1.0599590992731858,
      0.6898713130293392,
      0.0,
      1.7518789086094917
    ],
    "service_duration_s": [
      60.0,
      60.0,
      60.0,
      60.0,
      60.0,
      60.0,
      60.0,
      60.0,
      60.0,
      60.0,
      60.0,
      60.0,
      60.0,
      60.0,
      60.0,
      60.0,
      60.0,
      60.0,
      60.0,
      60.0
    ],
    "tw_early_s": [
      187.8705488656512,
      135.18347237423882,
      341.07994016704856,
      56.4153261688291,
      0.0,
      0.0,
      0.0,
      96.31550811976592,
      0.0,
      254.61388717504997,
      67.3434407009454,
      287.47624511623474,
      0.0,
      0.0,
      0.0,
      10.635872852025955,
      196.48423037939534,
      0.0,
      0.0,
      0.0
    ],
    "tw_late_s": [
      787.8705488656512,
      735.1834723742388,
      941.0799401670486,
      656.4153261688291,
      459.8096837831856,
      510.77596080039945,
      349.07197890244123,
      696.3155081197659,
      477.42818316149544,
      854.61388717505,
      667.3434407009454,
      887.4762451162347,
      404.6926299674637,
      384.3492791332177,
      316.22858325990256,
      610.635872852026,
      796.4842303793953,
      573.6613878054911,
      328.97056472923055,
      551.7382358009368
    ],
    "bs_xy": [
      [
        387.17945294277155,
        737.1790389091717
      ],
      [
        417.0601175236207,
        365.6685659233024
      ],
      [
        803.4397444570915,
        601.5290294219882
      ],
      [
        835.3118764752071,
        117.84116702149183
      ]
    ],
    "speed_mps": 10.0,
    "capacity_kg": 6.0,
    "altitude_m": 100.0
  }
}