{
  "spec": {
    "run_id": "seed2_N40_M3_D10_B7_K10_lo1.0_lt1.0_twA",
    "seed": 2,
    "n_clients": 40,
    "num_uavs": 3,
    "delta_min": 10,
    "bs_count": 7,
    "edge_samples": 10,
    "lambda_out": 1.0,
    "lambda_tw": 1.0,
    "tw_family": "A",
    "tw_mode": "soft"
  },
  "scenario": {
    "depot_xy": [
      500.0,
      500.0
    ],
    "client_xy": [
      [
        14.77830336403163,
        959.2656543960503
      ],
      [
        970.9045794447513,
        296.60516696002117
      ],
      [
        891.7013434810669,
        439.3441139038311
      ],
      [
        817.9634300942496,
        393.370265860349
      ],
      [
        387.478042004619,
        337.4514000872867
      ],
      [
        911.4528477252896,
        545.9211496573357
      ],
      [
        707.8096328423451,
        526.1954455559306
      ],
      [
        414.8264876871365,
        62.315172594394895
      ],
      [
        441.2024452544967,
        121.47108299257681
      ],
      [
        991.631827484394,
        61.80175926973164
      ],
      [
        961.3980929712932,
        134.43652224003034
      ],
      [
        3.939316705962481,
        932.3133738588627
      ],
      [
        456.03343778947726,
        201.51232061227498
      ],
      [
        31.489544022780592,
        488.3696163056912
      ],
      [
        5.148385253053167,
        934.3108484901229
      ],
      [
        242.47093388024697,
        654.7413163615972
      ],
      [
        842.2719331824916,
        19.20947378967286
      ],
      [
        899.0527870008315,
        965.697439333298
      ],
      [
        199.47988267720763,
        219.44407442652147
      ],
      [
        944.7350765773826,
        886.412182053448
      ],
      [
        589.995660745908,
        315.4689196253073
      ],
      [
        776.0979883516135,
        943.399668741116
      ],
      [
        143.22663479333698,
        543.8106467904422
      ],
      [
        85.28937534045933,
        977.3810992241662
      ],
      [
        334.5673583871109,
        711.5601000168957
      ],
      [
        975.9876888362226,
        300.1634496424145
      ],
      [
        357.0286748855521,
        460.7801885452718
      ],
      [
        150.14687534887594,
        11.878486968703307
      ],
      [
        868.5463548519848,
        52.76285885245247
      ],
      [
        429.67729750065587,
        318.9467790069851
      ],
      [
        760.1115692698369,
        588.7238322147005
      ],
      [
        773.1476894950943,
        608.6783713329768
      ],
      [
        979.6833774935698,
        989.0780673445471
      ],
      [
        81.51509341183827,
        784.7029865105388
      ],
      [
        61.44142613249648,
        78.40798102288548
      ],
      [
        897.9468278955947,
        905.9105524588537
      ],
      [
        846.240497883779,
        937.6155603044054
      ],
      [
        996.545231923043,
        633.6868176186117
      ],
      [
        156.23615781325884,
        596.1837899188088
      ],
      [
        77.9626471986502,
        716.3012459879892
      ]
    ],
    "delivery": [
      0.7892268630427683,
      0.0,
      1.1524890530470675,
      0.0,
      0.7702415705993757,
      1.7879623019131805,
      1.0470675605141713,
      0.0,
      0.0,
      0.5012585711600016,
      0.0,
      0.0,
      1.3287747613315877,
      0.0,
      0.0,
      0.9109012805995678,
      1.3745369208331515,
      1.1136849137545664,
      0.7048446868667,
      1.3762236970895605,
      0.0,
      0.0,
      0.5175220052291059,
      1.3954537197511678,
      1.3499851591932739,
      1.575868154286443,
      0.0,
      0.0,
      0.0,
      1.0434885220941021,
      0.0,
      0.0,
      0.0,
      0.0,
      0.7883501421482173,
      0.0,
      0.0,
      0.0,
      0.0,
      0.0
    ],
    "pickup": [
      0.0,
      1.1443261942399836,
      0.0,
      1.947505669005483,
      0.0,
      0.0,
      0.0,
      0.7769973492313502,
      1.4480223605652895,
      0.0,
      1.5495284155013587,
      1.3079591970597713,
      0.0,
      1.304162926693194,
      1.2792842495285877,
      0.0,
      0.0,
      0.0,
      0.0,
      0.0,
      1.333934719342805,
      1.6101333526809027,
      0.0,
      0.0,
      0.0,
      0.0,
      1.5598506778413956,
      0.7027517192100665,
      1.7588600717878475,
      0.0,
      1.858961167249692,
      0.556934894717914,
      1.9597263924077757,
      1.820047311592306,
      0.0,
      1.785410650217673,
      1.5100720909428256,
      1.3500518168224023,
      0.6193135014447346,
      0.9233443372961954
    ],
    "service_duration_s": [
      60.0,
      60.0,
      60.0,
      60.0,
      60.0,
      60.0,
      60.0,
      60.0,
      60.0,
      60.0,
      60.0,
      60.0,
      60.0,
      60.0,
      60.0,
      60.0,
      60.0,
      60.0,
      60.0,
      60.0,
      60.0,
      60.0,
      60.0,
      60.0,
      60.0,
      60.0,
      60.0,
      60.0,
      60.0,
      60.0,
      60.0,
      60.0,
      60.0,
      60.0,
      60.0,
      60.0,
      60.0,
      60.0,
      60.0,
      60.0
    ],
    "tw_early_s": [
      322.0421262615039,
      0.0,
      0.0,
      0.0,
      0.0,
      0.0,
      0.0,
      0.0,
      0.0,
      0.0,
      0.0,
      439.972618555601,
      0.0,
      0.0,
      449.31322093865765,
      545.9848878467039,
      0.0,
      227.6415201264066,
      0.0,
      158.4910974023528,
      0.0,
      185.89362711343176,
      620.8694584998188,
      370.67265516350176,
      349.54705997156395,
      0.0,
      0.0,
      0.0,
      0.0,
      0.0,
      54.51019155327481,
      20.90816548894611,
      160.1714763088579,
      400.730605109498,
      0.0,
      113.14506894482315,
      234.4737110116621,
      72.69295754195548,
      481.00934396300477,
      522.806955166182
    ],
    "tw_late_s": [
      1522.0421262615039,
      1114.2869101291512,
      1190.6109903671759,
      1073.129737330854,
      723.3091543062168,
      1178.7824287757412,
      1150.385573274145,
      811.1975545380499,
      805.5653464506262,
      1009.4860037690034,
      983.5290302278329,
      1639.972618555601,
      923.9901812078003,
      646.8654791061458,
      1649.3132209386577,
      1745.984887846704,
      906.9554625248281,
      1427.6415201264067,
      641.1125246476175,
      1358.4910974023528,
      901.9824629877895,
      1385.8936271134316,
      1820.8694584998188,
      1570.6726551635018,
      1549.547059971564,
      1093.373455393521,
      614.8253139648122,
      724.2533239043062,
      1027.8414422064598,
      851.9546097010611,
      1254.5101915532748,
      1220.908165488946,
      1360.171476308858,
      1600.730605109498,
      747.9709115507347,
      1313.1450689448232,
      1434.473711011662,
      1272.6929575419554,
      1681.0093439630048,
      1722.806955166182
    ],
    "bs_xy": [
      [
        591.6432462488244,
        971.7306406768781
      ],
      [
        225.2646678145066,
        580.2680110732273
      ],
      [
        922.32176478707,
        292.92561544002984
      ],
      [
        541.5028237279806,
        707.1337831918687
      ],
      [
        279.46716903403035,
        724.5683988216337
      ],
      [
        881.5931607817672,
        372.38084493746794
      ],
      [
        326.40275387711984,
        932.3403612485263
      ]
    ],
    "speed_mps": 10.0,
    "capacity_kg": 6.0,
    "altitude_m": 100.0
  }
}