run_id,uav_id,route_node_sequence,route_energy,route_risk_mean,route_tardiness_min,route_time_s
scalability_seed1_N80_M3_D10_B4_K10_lo0.5_lt1.0_twA_ortools_main,0,0->0,0.0,0.0,0.0,0.0
scalability_seed1_N80_M3_D10_B4_K10_lo0.5_lt1.0_twA_ortools_main,1,0->55->53->80->27->17->41->58->25->35->68->20->21->71->56->62->54->28->70->76->1->39->74->23->44->8->37->29->18->46->34->49->12->72->15->33->47->52->32->59->9->79->7->13->24->57->0,4784.490452607397,0.75,58.31045116217956,3133.449632513879
scalability_seed1_N80_M3_D10_B4_K10_lo0.5_lt1.0_twA_ortools_main,2,0->6->40->43->16->67->10->30->66->2->14->5->65->45->78->22->36->4->63->11->51->31->50->75->42->19->61->3->73->69->26->38->64->48->60->77->0,3845.525289018144,0.2833333333333333,5.3372003405361435,2461.213828841635
scalability_seed1_N80_M3_D10_B4_K10_lo0.5_lt1.0_twA_pyvrp_baseline,0,0->67->23->26->51->17->12->44->32->13->16->80->15->11->50->42->43->45->14->25->54->21->62->18->20->24->61->6->0,11975.291393795595,0.5321428571428571,316.0059800723876,3429.0107774977273
scalability_seed1_N80_M3_D10_B4_K10_lo0.5_lt1.0_twA_pyvrp_baseline,1,0->40->63->49->70->10->1->19->56->69->74->27->66->35->58->31->71->30->47->72->39->37->46->28->22->57->29->4->0,12562.601330005033,0.4714285714285714,350.86290840558286,3595.4140917717696
scalability_seed1_N80_M3_D10_B4_K10_lo0.5_lt1.0_twA_pyvrp_baseline,2,0->59->2->8->36->3->78->5->48->60->77->64->41->65->52->38->33->68->34->76->75->53->79->73->7->9->55->0,11685.210690457818,0.525925925925926,370.87663298940714,3962.7748242196594
