{
  "spec": {
    "run_id": "seed2_N10_M3_D10_B4_K10_lo0.0_lt1.0_twA",
    "seed": 2,
    "n_clients": 10,
    "num_uavs": 3,
    "delta_min": 10,
    "bs_count": 4,
    "edge_samples": 10,
    "lambda_out": 0.0,
    "lambda_tw": 1.0,
    "tw_family": "A",
    "tw_mode": "soft"
  },
  "scenario": {
    "depot_xy": [
      500.0,
      500.0
    ],
    "client_xy": [
      [
        248.60977376389047,
        892.5654799609897
      ],
      [
        653.3582840542982,
        276.5007618052281
      ],
      [
        374.0333428074337,
        247.10242309528542
      ],
      [
        76.87194189255864,
        401.3021004216604
      ],
      [
        970.5599139937513,
        145.17704840704704
      ],
      [
        284.0651965524436,
        599.4885973988042
      ],
      [
        466.1669689440995,
        58.787844313123
      ],
      [
        146.79001301254402,
        71.02299572137383
      ],
      [
        690.0671196855543,
        768.3940820299204
      ],
      [
        174.18907137829808,
        253.11482091399418
      ]
    ],
    "delivery": [
      1.0385818684845618,
      0.0,
      1.4362497073093028,
      0.0,
      0.5054980784301045,
      0.9095375607088612,
      1.6899312557111819,
      0.8876080330945735,
      0.0,
      1.2200134664693865
    ],
    "pickup": [
      0.0,
      1.692409899909875,
      0.0,
      1.0766263209548188,
      0.0,
      0.0,
      0.0,
      0.0,
      1.5048930788518884,
      0.0
    ],
    "service_duration_s": [
      60.0,
      60.0,
      60.0,
      60.0,
      60.0,
      60.0,
      60.0,
      60.0,
      60.0,
      60.0
    ],
    "tw_early_s": [
      0.0,
      0.0,
      0.0,
      0.0,
      0.0,
      0.0,
      0.0,
      0.0,
      0.0,
      0.0
    ],
    "tw_late_s": [
      903.9461834446683,
      770.2334237935304,
      736.9273781177055,
      643.44866268816,
      857.4445436277194,
      999.7654996852211,
      735.9518460988861,
      655.5678472776788,
      870.3610048166565,
      640.878484910973
    ],
    "bs_xy": [
      [
        456.5270971502403,
        22.284057026214164
      ],
      [
        314.3874378326975,
        806.1754832502
      ],
      [
        487.8208447599821,
        352.9304689986479
      ],
      [
        588.9949895317112,
        100.61119640104776
      ]
    ],
    "speed_mps": 10.0,
    "capacity_kg": 6.0,
    "altitude_m": 100.0
  }
}