{
  "spec": {
    "run_id": "seed1_N80_M3_D10_B7_K10_lo0.5_lt1.0_twA",
    "seed": 1,
    "n_clients": 80,
    "num_uavs": 3,
    "delta_min": 10,
    "bs_count": 7,
    "edge_samples": 10,
    "lambda_out": 0.5,
    "lambda_tw": 1.0,
    "tw_family": "A",
    "tw_mode": "soft"
  },
  "scenario": {
    "depot_xy": [
      500.0,
      500.0
    ],
    "client_xy": [
      [
        580.6431615347029,
        969.5203259578118
      ],
      [
        998.6861103255397,
        581.3252848190077
      ],
      [
        985.358641128214,
        309.36809987837154
      ],
      [
        910.0266186264546,
        374.1177427907523
      ],
      [
        155.5007828979873,
        667.7306507754865
      ],
      [
        978.4524351670558,
        281.44204412207716
      ],
      [
        144.73862945490723,
        706.6185555762444
      ],
      [
        424.22450070709385,
        289.3390743486026
      ],
      [
        271.9982127592896,
        971.6665388555775
      ],
      [
        781.6710287960732,
        641.8414968055599
      ],
      [
        833.4765599380397,
        575.2973974428663
      ],
      [
        704.7297493828828,
        382.0951281452984
      ],
      [
        622.6788484402255,
        380.4992564581322
      ],
      [
        46.80369006552964,
        567.9052053500262
      ],
      [
        660.0154495629885,
        357.9487779681276
      ],
      [
        556.8327026877507,
        719.3098006189322
      ],
      [
        265.00521001024015,
        364.12749328193695
      ],
      [
        138.14732457302514,
        113.15913378669195
      ],
      [
        78.97790798784298,
        911.6864886689561
      ],
      [
        388.92114811629233,
        463.7661192066473
      ],
      [
        774.0624420160094,
        230.62387478833767
      ],
      [
        742.8934433081549,
        823.5919079026083
      ],
      [
        699.6546506174963,
        616.8126721105153
      ],
      [
        128.2886088519062,
        226.87002191123173
      ],
      [
        690.8022933995888,
        126.47317665581093
      ],
      [
        323.32547130546743,
        767.1560206512772
      ],
      [
        714.3948057932994,
        452.1525135031637
      ],
      [
        755.2953954704191,
        765.8392277364559
      ],
      [
        932.3618445314647,
        633.6181155210288
      ],
      [
        267.04792516471844,
        919.1438955164499
      ],
      [
        959.7935345496626,
        266.95817448376016
      ],
      [
        629.116275058509,
        543.6131727182328
      ],
      [
        537.5428020230655,
        878.1568494886727
      ],
      [
        542.9401482896502,
        400.4694050140886
      ],
      [
        858.8639136109591,
        687.7798401452736
      ],
      [
        909.2548668416715,
        521.9236468679561
      ],
      [
        328.3535098562372,
        131.3146985463024
      ],
      [
        121.13462083807069,
        219.72139151161807
      ],
      [
        102.15711069937905,
        494.93443015582295
      ],
      [
        930.9927272810475,
        35.18466897666095
      ],
      [
        771.3331305806013,
        357.10178138546644
      ],
      [
        870.3879894031022,
        421.64929280247867
      ],
      [
        902.6538499931187,
        911.1172227304519
      ],
      [
        941.8523332811151,
        425.70379657985956
      ],
      [
        136.84192620998658,
        932.0062633255711
      ],
      [
        427.16610633403394,
        457.2076352425
      ],
      [
        437.1705721016577,
        322.66526743630465
      ],
      [
        120.952673676335,
        613.7656520099924
      ],
      [
        656.7510599212771,
        640.8520239041536
      ],
      [
        967.6525394121567,
        433.83534549563205
      ],
      [
        64.37622516542496,
        864.764130013851
      ],
      [
        544.6757273508879,
        44.9072437653355
      ],
      [
        337.97895881373995,
        566.3780099791335
      ],
      [
        820.7267550573038,
        766.5307913677959
      ],
      [
        422.4135145943026,
        615.5831731116922
      ],
      [
        784.5064655803208,
        196.9001882012299
      ],
      [
        962.880136269639,
        731.1411245018746
      ],
      [
        377.4502095924939,
        173.68318662309068
      ],
      [
        876.1564917097701,
        718.3073695107657
      ],
      [
        611.2778294113527,
        840.0855897793238
      ],
      [
        601.3523291005954,
        997.9850379119018
      ],
      [
        244.38609491901786,
        897.3410773416307
      ],
      [
        861.3695139388794,
        362.3573534641453
      ],
      [
        941.3251317320226,
        53.50023594201414
      ],
      [
        467.3844559909592,
        938.8217931926739
      ],
      [
        299.9676094335607,
        660.6247717739432
      ],
      [
        596.8201245294284,
        503.01211864394946
      ],
      [
        928.0436877819742,
        218.4564172561626
      ],
      [
        887.7110274393816,
        493.79566516362706
      ],
      [
        640.8747607142852,
        732.0788589576331
      ],
      [
        516.416693213908,
        515.0290513925763
      ],
      [
        55.29740891783375,
        734.7094700260612
      ],
      [
        860.6462929600658,
        393.37737792256786
      ],
      [
        849.3665837822568,
        916.2884120636296
      ],
      [
        578.0893973412608,
        307.45371286193466
      ],
      [
        936.7539653015749,
        325.0273841692756
      ],
      [
        774.7007983777391,
        965.3588860049721
      ],
      [
        713.9806988224196,
        287.69925141764907
      ],
      [
        297.0229170218478,
        637.1415555230785
      ],
      [
        736.3080389820308,
        275.26811534164943
      ]
    ],
    "delivery": [
      0.5241275663048378,
      1.39297309144418,
      0.0,
      1.8594988965921628,
      0.0,
      0.0,
      0.0,
      1.994419056490262,
      0.0,
      0.0,
      1.1647365324247367,
      1.645863621593504,
      1.437229201657611,
      0.0,
      1.5711818074938158,
      0.0,
      1.597841697536828,
      0.0,
      0.8654450773043785,
      0.0,
      1.7338760572834337,
      0.814061708178582,
      1.9114139591294068,
      1.8757003873054754,
      0.0,
      0.0,
      1.2985484235596432,
      0.0,
      1.2961344841826012,
      1.437842729162203,
      0.6845087358735993,
      1.6624726165364196,
      1.7411071923461698,
      0.5993601119691978,
      1.741340303148629,
      0.0,
      0.0,
      1.1740391312157514,
      0.0,
      0.0,
      0.0,
      0.0,
      0.0,
      0.0,
      0.0,
      1.8692541144429906,
      0.0,
      0.0,
      0.0,
      0.0,
      0.0,
      0.0,
      0.6279339886196786,
      0.6026992961251276,
      1.6433863753162647,
      1.6386387703961716,
      0.7554441585949022,
      0.592569727805543,
      0.0,
      1.6329060559016404,
      0.0,
      0.0,
      1.144531226904948,
      0.0,
      0.7592645444519869,
      0.0,
      0.5553689415458318,
      0.0,
      1.3875098761647853,
      1.912768727491573,
      0.7526946631409478,
      0.9358969081667878,
      0.0,
      0.0,
      0.0,
      0.6465015171598907,
      1.1563799116112428,
      0.0,
      0.0,
      0.9534642186968805
    ],